trace_id,poly_l,coeff_i,k,z_pred_cls,z_pred_val,conf,z_conf,c_ok,z_ok,pair_ok
3,0,0,0,3,-131073,0,0.99949,True,True,True
4,0,0,0,0,131072,0,0.99992,True,True,True
8,0,0,0,0,131072,3,0.99989,True,True,True
12,0,0,0,0,131072,2,0.99877,True,True,True
23,0,1,1,3,-131073,2,0.99785,True,True,True
27,0,1,1,3,-131073,2,0.99594,True,True,True
34,0,1,1,2,-131072,2,0.99934,True,True,True
35,0,1,1,3,-131073,3,0.99992,True,True,True
42,0,1,1,2,-131072,3,0.9996,True,True,True
43,0,1,1,3,-131073,1,0.99996,True,True,True
50,0,1,1,2,-131072,1,0.99995,True,True,True
55,0,1,1,3,-131073,4,0.99992,True,True,True
57,0,2,2,1,131071,0,0.99646,True,True,True
64,0,1,1,0,131072,2,0.99994,True,True,True
73,0,2,2,1,131071,3,0.9987,True,True,True
79,0,2,2,3,-131073,4,0.99846,True,True,True
85,0,3,3,1,131071,2,0.99573,True,True,True
87,0,2,2,3,-131073,1,0.99979,True,True,True
91,0,2,2,3,-131073,2,0.99978,True,True,True
92,0,2,2,0,131072,2,0.99939,True,True,True
94,0,2,2,2,-131072,2,0.99685,True,True,True
95,0,2,2,3,-131073,2,0.99828,True,True,True
97,0,3,3,1,131071,1,0.99639,True,True,True
99,0,2,2,3,-131073,4,0.99975,True,True,True
104,0,2,2,0,131072,0,0.9997,True,True,True
114,0,3,3,2,-131072,2,0.99946,True,True,True
119,0,3,3,3,-131073,4,0.99976,True,True,True
126,0,4,4,2,-131072,4,0.9964,True,True,True
127,0,3,3,3,-131073,3,0.99865,True,True,True
128,0,3,3,0,131072,8,0.99984,True,True,True
130,0,4,4,2,-131072,1,0.99701,True,True,True
131,0,4,4,3,-131073,4,0.99908,True,True,True
140,0,3,3,0,131072,4,0.9999,True,True,True
141,0,4,4,1,131071,2,0.99403,True,True,True
142,0,4,4,2,-131072,2,0.9976,True,True,True
143,0,4,4,3,-131073,0,0.99808,True,True,True
144,0,3,3,0,131072,0,0.99977,True,True,True
147,0,4,4,3,-131073,3,0.99874,True,True,True
156,0,4,4,0,131072,0,0.99961,True,True,True
159,0,4,4,3,-131073,2,0.99978,True,True,True
160,0,4,4,0,131072,4,0.99984,True,True,True
161,0,5,5,1,131071,1,0.99339,True,True,True
165,0,5,5,1,131071,1,0.99808,True,True,True
171,0,4,4,3,-131073,0,0.999,True,True,True
174,0,6,6,2,-131072,2,0.99892,True,True,True
184,0,4,4,0,131072,2,0.998,True,True,True
185,0,5,5,1,131071,9,0.99934,True,True,True
187,0,5,5,3,-131073,3,0.99996,True,True,True
194,0,7,7,2,-131072,0,0.99879,True,True,True
197,0,6,6,1,131071,2,0.99843,True,True,True
198,0,7,7,2,-131072,1,0.99516,True,True,True
199,0,6,6,3,-131073,1,0.99949,True,True,True
201,0,6,6,1,131071,2,0.99681,True,True,True
204,0,5,5,0,131072,3,0.99992,True,True,True
207,0,6,6,3,-131073,6,0.9925,True,True,True
209,0,6,6,1,131071,0,0.99909,True,True,True
212,0,5,5,0,131072,3,0.99985,True,True,True
218,0,7,7,2,-131072,4,0.99872,True,True,True
221,0,7,7,1,131071,1,0.99955,True,True,True
224,0,6,6,0,131072,1,0.99884,True,True,True
239,0,7,7,3,-131073,1,0.99912,True,True,True
240,0,6,6,0,131072,2,0.99897,True,True,True
246,0,8,8,2,-131072,1,0.99322,True,True,True
259,0,7,7,3,-131073,5,0.99942,True,True,True
262,0,9,9,2,-131072,0,0.99898,True,True,True
268,0,7,7,0,131072,8,0.99629,True,True,True
273,0,9,9,1,131071,3,0.99687,True,True,True
283,0,8,8,3,-131073,0,0.99604,True,True,True
288,0,7,7,0,131072,3,0.99989,True,True,True
293,0,9,9,1,131071,2,0.99499,True,True,True
299,0,8,8,3,-131073,1,0.99836,True,True,True
313,0,9,9,1,131071,0,0.99354,True,True,True
314,0,10,10,2,-131072,1,0.99396,True,True,True
317,0,10,10,1,131071,0,0.99704,True,True,True
323,0,9,9,3,-131073,2,0.99678,True,True,True
325,0,10,10,1,131071,0,0.99808,True,True,True
336,0,9,9,0,131072,1,0.99956,True,True,True
339,0,9,9,3,-131073,3,0.99847,True,True,True
340,0,10,10,0,131072,2,0.99989,True,True,True
343,0,9,9,3,-131073,0,0.99869,True,True,True
345,0,11,11,1,131071,4,0.99644,True,True,True
352,0,10,10,0,131072,2,0.9976,True,True,True
361,0,12,12,1,131071,1,0.99902,True,True,True
364,0,10,10,0,131072,1,0.99491,True,True,True
370,0,12,12,2,-131072,5,0.99714,True,True,True
372,0,10,10,0,131072,5,0.99028,True,True,True
375,0,11,11,3,-131073,3,0.99939,True,True,True
379,0,11,11,3,-131073,3,0.99991,True,True,True
384,0,11,11,0,131072,3,0.99951,True,True,True
385,0,13,13,1,131071,1,0.99921,True,True,True
390,0,12,12,2,-131072,4,0.99843,True,True,True
394,0,12,12,2,-131072,2,0.99539,True,True,True
407,0,11,11,3,-131073,2,0.99994,True,True,True
412,0,11,11,0,131072,0,0.99967,True,True,True
425,0,13,13,1,131071,3,0.99738,True,True,True
428,0,12,12,0,131072,0,0.99957,True,True,True
430,0,14,14,2,-131072,3,0.99451,True,True,True
435,0,12,12,3,-131073,3,0.99999,True,True,True
436,0,12,12,0,131072,1,0.99979,True,True,True
438,0,14,14,2,-131072,2,0.99135,True,True,True
439,0,12,12,3,-131073,4,0.99956,True,True,True
445,0,14,14,1,131071,2,0.99952,True,True,True
448,0,12,12,0,131072,3,0.99939,True,True,True
450,0,14,14,2,-131072,1,0.99753,True,True,True
455,0,13,13,3,-131073,0,0.998,True,True,True
457,0,15,15,1,131071,4,0.99775,True,True,True
458,0,14,14,2,-131072,0,0.99956,True,True,True
461,0,15,15,1,131071,2,0.99328,True,True,True
462,0,15,15,2,-131072,0,0.99116,True,True,True
466,0,15,15,2,-131072,1,0.99587,True,True,True
469,0,15,15,1,131071,2,0.99966,True,True,True
471,0,13,13,3,-131073,1,0.99872,True,True,True
475,0,13,13,3,-131073,2,0.99994,True,True,True
477,0,15,15,1,131071,0,0.99815,True,True,True
484,0,13,13,0,131072,0,0.99948,True,True,True
486,0,15,15,2,-131072,3,0.99959,True,True,True
488,0,13,13,0,131072,2,0.99965,True,True,True
489,0,15,15,1,131071,3,0.99646,True,True,True
493,0,16,16,1,131071,1,0.99973,True,True,True
495,0,14,14,3,-131073,2,0.99832,True,True,True
496,0,14,14,0,131072,2,0.99936,True,True,True
500,0,14,14,0,131072,3,0.99959,True,True,True
503,0,14,14,3,-131073,1,0.99999,True,True,True
504,0,14,14,0,131072,1,0.99991,True,True,True
513,0,17,17,1,131071,4,0.99707,True,True,True
518,0,16,16,2,-131072,8,0.99939,True,True,True
520,0,14,14,0,131072,1,0.99931,True,True,True
532,0,15,15,0,131072,2,0.99579,True,True,True
540,0,15,15,0,131072,2,0.99996,True,True,True
542,0,17,17,2,-131072,1,0.99492,True,True,True
544,0,15,15,0,131072,1,0.99944,True,True,True
545,0,17,17,1,131071,1,0.99249,True,True,True
557,0,18,18,1,131071,0,0.99861,True,True,True
558,0,18,18,2,-131072,0,0.99923,True,True,True
561,0,18,18,1,131071,2,0.99949,True,True,True
564,0,15,15,0,131072,4,0.99954,True,True,True
574,0,19,19,2,-131072,1,0.99991,True,True,True
580,0,16,16,0,131072,2,0.99972,True,True,True
584,0,16,16,0,131072,2,0.99998,True,True,True
586,0,19,19,2,-131072,3,0.99775,True,True,True
587,0,16,16,3,-131073,4,0.99975,True,True,True
589,0,18,18,1,131071,0,0.99758,True,True,True
595,0,16,16,3,-131073,4,0.99855,True,True,True
597,0,19,19,1,131071,1,0.99575,True,True,True
599,0,16,16,3,-131073,2,0.99995,True,True,True
600,0,17,17,0,131072,5,0.99904,True,True,True
606,0,19,19,2,-131072,4,0.99987,True,True,True
610,0,19,19,2,-131072,3,0.99757,True,True,True
613,0,19,19,1,131071,1,0.99317,True,True,True
621,0,20,20,1,131071,2,0.99809,True,True,True
623,0,17,17,3,-131073,2,0.99959,True,True,True
624,0,17,17,0,131072,6,0.99739,True,True,True
626,0,20,20,2,-131072,1,0.99792,True,True,True
629,0,20,20,1,131071,2,0.99976,True,True,True
636,0,18,18,0,131072,2,0.99988,True,True,True
637,0,20,20,1,131071,2,0.99827,True,True,True
644,0,18,18,0,131072,1,0.99988,True,True,True
647,0,18,18,3,-131073,3,0.99973,True,True,True
648,0,18,18,0,131072,9,0.99739,True,True,True
651,0,18,18,3,-131073,2,0.99972,True,True,True
658,0,22,22,2,-131072,6,0.99828,True,True,True
659,0,19,19,3,-131073,5,0.99869,True,True,True
661,0,20,20,1,131071,3,0.99756,True,True,True
670,0,23,23,2,-131072,1,0.99946,True,True,True
677,0,21,21,1,131071,2,0.99863,True,True,True
678,0,23,23,2,-131072,2,0.99194,True,True,True
685,0,21,21,1,131071,2,0.99718,True,True,True
687,0,20,20,3,-131073,1,0.99888,True,True,True
691,0,20,20,3,-131073,3,0.99984,True,True,True
692,0,19,19,0,131072,2,0.99881,True,True,True
693,0,21,21,1,131071,0,0.99598,True,True,True
698,0,24,24,2,-131072,1,0.99749,True,True,True
700,0,19,19,0,131072,1,0.99898,True,True,True
705,0,22,22,1,131071,5,0.99907,True,True,True
707,0,21,21,3,-131073,2,0.99692,True,True,True
716,0,19,19,0,131072,2,0.99995,True,True,True
717,0,22,22,1,131071,0,0.99917,True,True,True
725,0,22,22,1,131071,3,0.99926,True,True,True
726,0,25,25,2,-131072,1,0.99925,True,True,True
729,0,22,22,1,131071,1,0.99945,True,True,True
730,0,25,25,2,-131072,1,0.9968,True,True,True
735,0,22,22,3,-131073,1,0.99998,True,True,True
748,0,21,21,0,131072,1,0.99991,True,True,True
754,0,25,25,2,-131072,1,0.9995,True,True,True
759,0,23,23,3,-131073,2,0.99986,True,True,True
767,0,23,23,3,-131073,2,0.99967,True,True,True
772,0,21,21,0,131072,2,0.99984,True,True,True
777,0,23,23,1,131071,3,0.9987,True,True,True
779,0,24,24,3,-131073,2,0.99958,True,True,True
780,0,21,21,0,131072,2,0.99968,True,True,True
781,0,23,23,1,131071,2,0.99878,True,True,True
783,0,24,24,3,-131073,3,0.9999,True,True,True
787,0,24,24,3,-131073,0,0.99964,True,True,True
793,0,24,24,1,131071,0,0.99951,True,True,True
795,0,25,25,3,-131073,1,0.99902,True,True,True
802,0,27,27,2,-131072,0,0.99087,True,True,True
803,0,25,25,3,-131073,1,0.99995,True,True,True
804,0,22,22,0,131072,1,0.99958,True,True,True
810,0,27,27,2,-131072,3,0.99888,True,True,True
817,0,24,24,1,131071,3,0.99915,True,True,True
824,0,23,23,0,131072,2,0.99745,True,True,True
825,0,25,25,1,131071,1,0.99865,True,True,True
826,0,28,28,2,-131072,0,0.9984,True,True,True
827,0,26,26,3,-131073,3,0.99989,True,True,True
828,0,23,23,0,131072,1,0.99829,True,True,True
832,0,23,23,0,131072,1,0.99964,True,True,True
846,0,28,28,2,-131072,5,0.99956,True,True,True
849,0,25,25,1,131071,2,0.99415,True,True,True
850,0,28,28,2,-131072,2,0.99542,True,True,True
856,0,24,24,0,131072,3,0.99865,True,True,True
858,0,29,29,2,-131072,3,0.9976,True,True,True
859,0,27,27,3,-131073,3,0.99976,True,True,True
863,0,27,27,3,-131073,1,0.99962,True,True,True
866,0,29,29,2,-131072,0,0.99127,True,True,True
868,0,25,25,0,131072,3,0.99986,True,True,True
869,0,25,25,1,131071,1,0.99249,True,True,True
874,0,30,30,2,-131072,2,0.99908,True,True,True
882,0,30,30,2,-131072,1,0.99002,True,True,True
883,0,27,27,3,-131073,1,0.99754,True,True,True
884,0,25,25,0,131072,1,0.99954,True,True,True
887,0,27,27,3,-131073,3,0.99991,True,True,True
888,0,25,25,0,131072,1,0.99964,True,True,True
891,0,27,27,3,-131073,2,0.99988,True,True,True
894,0,31,31,2,-131072,2,0.99846,True,True,True
898,0,31,31,2,-131072,3,0.99767,True,True,True
899,0,28,28,3,-131073,3,0.99839,True,True,True
901,0,26,26,1,131071,1,0.99676,True,True,True
903,0,28,28,3,-131073,5,0.99996,True,True,True
905,0,26,26,1,131071,7,0.99045,True,True,True
907,0,28,28,3,-131073,4,0.99145,True,True,True
914,0,31,31,2,-131072,4,0.99688,True,True,True
916,0,26,26,0,131072,3,0.99988,True,True,True
922,0,31,31,2,-131072,5,0.99916,True,True,True
927,0,29,29,3,-131073,2,0.99934,True,True,True
928,0,26,26,0,131072,1,0.99995,True,True,True
929,0,27,27,1,131071,1,0.99985,True,True,True
931,0,29,29,3,-131073,1,0.99844,True,True,True
932,0,26,26,0,131072,5,0.99996,True,True,True
933,0,27,27,1,131071,0,0.9995,True,True,True
934,0,32,32,2,-131072,0,0.99786,True,True,True
936,0,27,27,0,131072,4,0.99977,True,True,True
939,0,29,29,3,-131073,5,0.99969,True,True,True
940,0,27,27,0,131072,1,0.99825,True,True,True
941,0,27,27,1,131071,2,0.99905,True,True,True
943,0,29,29,3,-131073,1,0.99998,True,True,True
946,0,32,32,2,-131072,3,0.99814,True,True,True
950,0,32,32,2,-131072,3,0.99903,True,True,True
955,0,30,30,3,-131073,0,0.99787,True,True,True
962,0,33,33,2,-131072,0,0.99938,True,True,True
964,0,27,27,0,131072,3,0.99995,True,True,True
967,0,30,30,3,-131073,2,0.99978,True,True,True
968,0,27,27,0,131072,2,0.99993,True,True,True
969,0,28,28,1,131071,2,0.99026,True,True,True
971,0,30,30,3,-131073,5,0.99881,True,True,True
973,0,28,28,1,131071,1,0.99956,True,True,True
983,0,31,31,3,-131073,4,0.99983,True,True,True
988,0,28,28,0,131072,3,0.99992,True,True,True
989,0,28,28,1,131071,1,0.99219,True,True,True
996,0,29,29,0,131072,2,0.99942,True,True,True
997,0,29,29,1,131071,2,0.99076,True,True,True
1004,0,29,29,0,131072,0,0.99992,True,True,True
1005,0,29,29,1,131071,2,0.9969,True,True,True
1010,0,35,35,2,-131072,4,0.99927,True,True,True
1011,0,32,32,3,-131073,3,0.99988,True,True,True
1018,0,35,35,2,-131072,1,0.99252,True,True,True
1027,0,33,33,3,-131073,0,0.99807,True,True,True
1029,0,29,29,1,131071,2,0.99806,True,True,True
1031,0,33,33,3,-131073,1,0.99976,True,True,True
1040,0,30,30,0,131072,1,0.99905,True,True,True
1041,0,29,29,1,131071,2,0.99574,True,True,True
1044,0,30,30,0,131072,3,0.99965,True,True,True
1052,0,31,31,0,131072,1,0.9974,True,True,True
1055,0,34,34,3,-131073,3,0.99971,True,True,True
1057,0,29,29,1,131071,1,0.99817,True,True,True
1058,0,37,37,2,-131072,2,0.99334,True,True,True
1065,0,29,29,1,131071,1,0.9977,True,True,True
1068,0,31,31,0,131072,2,0.99399,True,True,True
1069,0,30,30,1,131071,0,0.99582,True,True,True
1071,0,34,34,3,-131073,1,0.99715,True,True,True
1075,0,35,35,3,-131073,1,0.99706,True,True,True
1076,0,31,31,0,131072,0,0.99992,True,True,True
1080,0,31,31,0,131072,2,0.9904,True,True,True
1083,0,35,35,3,-131073,3,0.99985,True,True,True
1088,0,31,31,0,131072,1,0.99773,True,True,True
1090,0,37,37,2,-131072,0,0.99585,True,True,True
1092,0,32,32,0,131072,0,0.99987,True,True,True
1102,0,38,38,2,-131072,3,0.99884,True,True,True
1103,0,36,36,3,-131073,2,0.99953,True,True,True
1104,0,32,32,0,131072,0,0.99994,True,True,True
1109,0,31,31,1,131071,2,0.99902,True,True,True
1118,0,38,38,2,-131072,1,0.9981,True,True,True
1126,0,38,38,2,-131072,2,0.99954,True,True,True
1127,0,37,37,3,-131073,1,0.99981,True,True,True
1128,0,33,33,0,131072,3,0.99998,True,True,True
1131,0,37,37,3,-131073,1,0.99993,True,True,True
1132,0,33,33,0,131072,2,0.99953,True,True,True
1137,0,31,31,1,131071,2,0.99911,True,True,True
1140,0,33,33,0,131072,1,0.99981,True,True,True
1143,0,37,37,3,-131073,3,0.9994,True,True,True
1148,0,33,33,0,131072,3,0.99815,True,True,True
1158,0,39,39,2,-131072,0,0.99954,True,True,True
1159,0,37,37,3,-131073,0,0.99979,True,True,True
1160,0,34,34,0,131072,2,0.99983,True,True,True
1163,0,38,38,3,-131073,2,0.99987,True,True,True
1164,0,34,34,0,131072,2,0.99991,True,True,True
1166,0,39,39,2,-131072,2,0.99655,True,True,True
1169,0,32,32,1,131071,1,0.99954,True,True,True
1171,0,38,38,3,-131073,2,0.99971,True,True,True
1178,0,40,40,2,-131072,2,0.99928,True,True,True
1180,0,35,35,0,131072,0,0.99853,True,True,True
1185,0,33,33,1,131071,0,0.99923,True,True,True
1203,0,38,38,3,-131073,3,0.99985,True,True,True
1207,0,39,39,3,-131073,3,0.99955,True,True,True
1220,0,36,36,0,131072,2,0.99998,True,True,True
1237,0,35,35,1,131071,3,0.99922,True,True,True
1240,0,36,36,0,131072,2,0.99947,True,True,True
1248,0,36,36,0,131072,1,0.99982,True,True,True
1252,0,36,36,0,131072,2,0.99878,True,True,True
1253,0,35,35,1,131071,0,0.99952,True,True,True
1255,0,41,41,3,-131073,1,0.99798,True,True,True
1257,0,36,36,1,131071,2,0.99696,True,True,True
1258,0,43,43,2,-131072,1,0.99897,True,True,True
1259,0,41,41,3,-131073,3,0.99847,True,True,True
1268,0,37,37,0,131072,0,0.99982,True,True,True
1269,0,36,36,1,131071,3,0.99655,True,True,True
1271,0,41,41,3,-131073,0,0.99881,True,True,True
1275,0,41,41,3,-131073,3,0.99928,True,True,True
1278,0,44,44,2,-131072,0,0.9973,True,True,True
1280,0,38,38,0,131072,4,0.99994,True,True,True
1283,0,42,42,3,-131073,5,0.9988,True,True,True
1284,0,38,38,0,131072,1,0.99996,True,True,True
1288,0,38,38,0,131072,5,0.99936,True,True,True
1290,0,44,44,2,-131072,3,0.9993,True,True,True
1295,0,42,42,3,-131073,0,0.9998,True,True,True
1296,0,38,38,0,131072,0,0.99991,True,True,True
1308,0,39,39,0,131072,5,0.99963,True,True,True
1309,0,37,37,1,131071,0,0.99954,True,True,True
1313,0,37,37,1,131071,2,0.99883,True,True,True
1315,0,43,43,3,-131073,1,0.99756,True,True,True
1319,0,43,43,3,-131073,3,0.99954,True,True,True
1325,0,38,38,1,131071,4,0.99908,True,True,True
1326,0,46,46,2,-131072,2,0.99767,True,True,True
1330,0,46,46,2,-131072,2,0.99649,True,True,True
1331,0,43,43,3,-131073,1,0.99995,True,True,True
1332,0,39,39,0,131072,1,0.9999,True,True,True
1336,0,40,40,0,131072,0,0.99636,True,True,True
1338,0,46,46,2,-131072,3,0.99465,True,True,True
1340,0,40,40,0,131072,1,0.99997,True,True,True
1341,0,38,38,1,131071,3,0.99901,True,True,True
1342,0,47,47,2,-131072,1,0.9987,True,True,True
1347,0,44,44,3,-131073,2,0.9989,True,True,True
1348,0,40,40,0,131072,3,0.99668,True,True,True
1349,0,39,39,1,131071,5,0.99984,True,True,True
1351,0,44,44,3,-131073,1,0.99996,True,True,True
1354,0,47,47,2,-131072,3,0.9987,True,True,True
1360,0,40,40,0,131072,1,0.99808,True,True,True
1361,0,39,39,1,131071,2,0.99973,True,True,True
1366,0,47,47,2,-131072,3,0.99845,True,True,True
1372,0,41,41,0,131072,0,0.99986,True,True,True
1375,0,44,44,3,-131073,0,0.99957,True,True,True
1378,0,48,48,2,-131072,2,0.99949,True,True,True
1381,0,40,40,1,131071,3,0.99924,True,True,True
1390,0,48,48,2,-131072,0,0.99837,True,True,True
1393,0,40,40,1,131071,1,0.99844,True,True,True
1408,0,42,42,0,131072,5,0.99969,True,True,True
1410,0,49,49,2,-131072,2,0.99701,True,True,True
1416,0,42,42,0,131072,1,0.99999,True,True,True
1419,0,46,46,3,-131073,4,0.99994,True,True,True
1423,0,46,46,3,-131073,2,0.9996,True,True,True
1427,0,46,46,3,-131073,2,0.99966,True,True,True
1430,0,49,49,2,-131072,1,0.99784,True,True,True
1432,0,42,42,0,131072,1,0.99959,True,True,True
1436,0,42,42,0,131072,0,0.99992,True,True,True
1443,0,46,46,3,-131073,3,0.9999,True,True,True
1444,0,43,43,0,131072,0,0.99924,True,True,True
1446,0,50,50,2,-131072,1,0.99918,True,True,True
1447,0,47,47,3,-131073,4,0.9999,True,True,True
1451,0,47,47,3,-131073,2,0.9994,True,True,True
1457,0,43,43,1,131071,4,0.99976,True,True,True
1459,0,47,47,3,-131073,1,0.99867,True,True,True
1462,0,50,50,2,-131072,4,0.99964,True,True,True
1463,0,47,47,3,-131073,1,0.99971,True,True,True
1464,0,43,43,0,131072,1,0.99994,True,True,True
1468,0,43,43,0,131072,3,0.9993,True,True,True
1471,0,47,47,3,-131073,1,0.99974,True,True,True
1473,0,43,43,1,131071,1,0.9981,True,True,True
1474,0,50,50,2,-131072,1,0.99933,True,True,True
1475,0,47,47,3,-131073,1,0.99959,True,True,True
1479,0,47,47,3,-131073,3,0.99981,True,True,True
1481,0,44,44,1,131071,1,0.99852,True,True,True
1488,0,44,44,0,131072,1,0.99959,True,True,True
1492,0,44,44,0,131072,4,0.99993,True,True,True
1498,0,51,51,2,-131072,4,0.99333,True,True,True
1502,0,51,51,2,-131072,2,0.99931,True,True,True
1518,0,51,51,2,-131072,4,0.99893,True,True,True
1520,0,45,45,0,131072,5,0.99948,True,True,True
1528,0,45,45,0,131072,2,0.99979,True,True,True
1537,0,45,45,1,131071,1,0.99707,True,True,True
1538,0,52,52,2,-131072,4,0.99834,True,True,True
1545,0,45,45,1,131071,3,0.99844,True,True,True
1552,0,45,45,0,131072,3,0.99036,True,True,True
1568,0,46,46,0,131072,0,0.99992,True,True,True
1570,0,53,53,2,-131072,3,0.99487,True,True,True
1571,0,50,50,3,-131073,1,0.99992,True,True,True
1581,0,48,48,1,131071,1,0.9976,True,True,True
1585,0,48,48,1,131071,3,0.99911,True,True,True
1586,0,53,53,2,-131072,2,0.99784,True,True,True
1591,0,50,50,3,-131073,1,0.99867,True,True,True
1595,0,50,50,3,-131073,1,0.99894,True,True,True
1603,0,51,51,3,-131073,1,0.99968,True,True,True
1610,0,54,54,2,-131072,5,0.99653,True,True,True
1613,0,49,49,1,131071,1,0.99816,True,True,True
1615,0,51,51,3,-131073,2,0.99972,True,True,True
1617,0,49,49,1,131071,0,0.99909,True,True,True
1618,0,54,54,2,-131072,1,0.9983,True,True,True
1619,0,51,51,3,-131073,1,0.9998,True,True,True
1623,0,51,51,3,-131073,2,0.99931,True,True,True
1632,0,48,48,0,131072,0,0.99988,True,True,True
1633,0,50,50,1,131071,2,0.99938,True,True,True
1638,0,55,55,2,-131072,2,0.99188,True,True,True
1639,0,52,52,3,-131073,0,0.99933,True,True,True
1642,0,55,55,2,-131072,2,0.99278,True,True,True
1659,0,52,52,3,-131073,3,0.99849,True,True,True
1662,0,56,56,2,-131072,1,0.99509,True,True,True
1666,0,56,56,2,-131072,1,0.9951,True,True,True
1668,0,49,49,0,131072,1,0.99974,True,True,True
1670,0,56,56,2,-131072,4,0.99672,True,True,True
1671,0,53,53,3,-131073,2,0.9972,True,True,True
1674,0,56,56,2,-131072,3,0.99764,True,True,True
1681,0,51,51,1,131071,0,0.99595,True,True,True
1688,0,49,49,0,131072,3,0.99978,True,True,True
1689,0,51,51,1,131071,3,0.99947,True,True,True
1692,0,50,50,0,131072,3,0.99895,True,True,True
1694,0,57,57,2,-131072,1,0.99961,True,True,True
1704,0,50,50,0,131072,2,0.99865,True,True,True
1705,0,52,52,1,131071,3,0.99919,True,True,True
1706,0,57,57,2,-131072,2,0.99571,True,True,True
1715,0,55,55,3,-131073,3,0.99998,True,True,True
1716,0,50,50,0,131072,1,0.99991,True,True,True
1717,0,52,52,1,131071,0,0.9983,True,True,True
1720,0,50,50,0,131072,1,0.99965,True,True,True
1724,0,50,50,0,131072,0,0.99991,True,True,True
1726,0,58,58,2,-131072,1,0.99987,True,True,True
1731,0,55,55,3,-131073,0,0.99953,True,True,True
1732,0,51,51,0,131072,1,0.9998,True,True,True
1735,0,55,55,3,-131073,1,0.99928,True,True,True
1736,0,51,51,0,131072,3,0.99767,True,True,True
1739,0,56,56,3,-131073,4,0.99976,True,True,True
1746,0,59,59,2,-131072,8,0.99565,True,True,True
1748,0,51,51,0,131072,3,0.99937,True,True,True
1749,0,53,53,1,131071,4,0.99745,True,True,True
1750,0,59,59,2,-131072,4,0.99914,True,True,True
1755,0,56,56,3,-131073,0,0.99951,True,True,True
1757,0,53,53,1,131071,5,0.99915,True,True,True
1758,0,59,59,2,-131072,1,0.99718,True,True,True
1759,0,56,56,3,-131073,2,0.99974,True,True,True
1763,0,56,56,3,-131073,2,0.99955,True,True,True
1765,0,53,53,1,131071,0,0.99914,True,True,True
1769,0,53,53,1,131071,1,0.99962,True,True,True
1773,0,53,53,1,131071,0,0.9982,True,True,True
1777,0,53,53,1,131071,2,0.99891,True,True,True
1778,0,59,59,2,-131072,1,0.99957,True,True,True
1780,0,52,52,0,131072,2,0.99601,True,True,True
1788,0,53,53,0,131072,2,0.99933,True,True,True
1789,0,54,54,1,131071,2,0.9992,True,True,True
1795,0,57,57,3,-131073,3,0.99982,True,True,True
1800,0,53,53,0,131072,2,0.99878,True,True,True
1803,0,57,57,3,-131073,1,0.99836,True,True,True
1806,0,60,60,2,-131072,1,0.99924,True,True,True
1807,0,57,57,3,-131073,0,0.99953,True,True,True
1808,0,53,53,0,131072,1,0.99273,True,True,True
1813,0,54,54,1,131071,1,0.99519,True,True,True
1815,0,58,58,3,-131073,2,0.99974,True,True,True
1816,0,53,53,0,131072,2,0.99095,True,True,True
1817,0,54,54,1,131071,1,0.99935,True,True,True
1820,0,53,53,0,131072,5,0.99768,True,True,True
1821,0,54,54,1,131071,0,0.99173,True,True,True
1822,0,60,60,2,-131072,1,0.99059,True,True,True
1823,0,58,58,3,-131073,2,0.99948,True,True,True
1829,0,55,55,1,131071,1,0.99153,True,True,True
1839,0,58,58,3,-131073,1,0.99828,True,True,True
1841,0,55,55,1,131071,0,0.99969,True,True,True
1844,0,54,54,0,131072,0,0.99994,True,True,True
1851,0,59,59,3,-131073,0,0.99891,True,True,True
1857,0,56,56,1,131071,2,0.99265,True,True,True
1864,0,54,54,0,131072,2,0.99316,True,True,True
1870,0,62,62,2,-131072,2,0.99068,True,True,True
1880,0,55,55,0,131072,1,0.99908,True,True,True
1882,0,62,62,2,-131072,0,0.99934,True,True,True
1883,0,60,60,3,-131073,3,0.99987,True,True,True
1887,0,61,61,3,-131073,3,0.99915,True,True,True
1891,0,61,61,3,-131073,3,0.99901,True,True,True
1893,0,57,57,1,131071,1,0.99524,True,True,True
1895,0,61,61,3,-131073,3,0.9991,True,True,True
1900,0,55,55,0,131072,1,0.99999,True,True,True
1906,0,63,63,2,-131072,5,0.99812,True,True,True
1913,0,58,58,1,131071,4,0.99731,True,True,True
1917,0,58,58,1,131071,3,0.99965,True,True,True
1920,0,56,56,0,131072,3,0.99972,True,True,True
1927,0,62,62,3,-131073,1,0.99911,True,True,True
1935,0,63,63,3,-131073,1,0.99983,True,True,True
1936,0,57,57,0,131072,1,0.99697,True,True,True
1937,0,58,58,1,131071,1,0.99929,True,True,True
1938,0,65,65,2,-131072,1,0.99986,True,True,True
1943,0,64,64,3,-131073,2,0.99606,True,True,True
1945,0,59,59,1,131071,3,0.99861,True,True,True
1948,0,57,57,0,131072,1,0.99991,True,True,True
1953,0,59,59,1,131071,1,0.99661,True,True,True
1955,0,64,64,3,-131073,3,0.99989,True,True,True
1956,0,58,58,0,131072,0,0.99846,True,True,True
1958,0,65,65,2,-131072,2,0.99816,True,True,True
1959,0,64,64,3,-131073,0,0.99856,True,True,True
1961,0,59,59,1,131071,0,0.99911,True,True,True
1967,0,64,64,3,-131073,1,0.99898,True,True,True
1979,0,64,64,3,-131073,2,0.99988,True,True,True
1985,0,60,60,1,131071,2,0.99971,True,True,True
1987,0,64,64,3,-131073,5,0.99942,True,True,True
1990,0,66,66,2,-131072,2,0.99716,True,True,True
1991,0,65,65,3,-131073,1,0.99765,True,True,True
1992,0,59,59,0,131072,1,0.99961,True,True,True
1997,0,60,60,1,131071,0,0.99582,True,True,True
1999,0,65,65,3,-131073,4,0.99496,True,True,True
2000,0,59,59,0,131072,0,0.99876,True,True,True
2003,0,65,65,3,-131073,1,0.99893,True,True,True
2007,0,65,65,3,-131073,0,0.99683,True,True,True
2011,0,65,65,3,-131073,1,0.99359,True,True,True
2013,0,61,61,1,131071,0,0.99864,True,True,True
2025,0,61,61,1,131071,0,0.99986,True,True,True
2028,0,59,59,0,131072,1,0.99667,True,True,True
2033,0,61,61,1,131071,0,0.99549,True,True,True
2036,0,60,60,0,131072,1,0.99979,True,True,True
2037,0,61,61,1,131071,1,0.99665,True,True,True
2039,0,67,67,3,-131073,2,0.99988,True,True,True
2041,0,61,61,1,131071,2,0.99834,True,True,True
2042,0,68,68,2,-131072,1,0.99963,True,True,True
2044,0,60,60,0,131072,2,0.99961,True,True,True
2047,0,67,67,3,-131073,0,0.9964,True,True,True
2048,0,60,60,0,131072,4,0.99953,True,True,True
2049,0,61,61,1,131071,1,0.99916,True,True,True
2051,0,67,67,3,-131073,2,0.99965,True,True,True
2057,0,61,61,1,131071,3,0.99731,True,True,True
2059,0,68,68,3,-131073,3,0.99984,True,True,True
2066,0,69,69,2,-131072,2,0.99928,True,True,True
2068,0,60,60,0,131072,1,0.99958,True,True,True
2069,0,61,61,1,131071,1,0.9992,True,True,True
2070,0,69,69,2,-131072,4,0.998,True,True,True
2072,0,61,61,0,131072,0,0.99925,True,True,True
2074,0,69,69,2,-131072,2,0.99182,True,True,True
2075,0,69,69,3,-131073,1,0.9985,True,True,True
2076,0,61,61,0,131072,4,0.99645,True,True,True
2077,0,62,62,1,131071,1,0.99988,True,True,True
2085,0,62,62,1,131071,1,0.99838,True,True,True
2089,0,62,62,1,131071,2,0.99129,True,True,True
2094,0,70,70,2,-131072,3,0.99609,True,True,True
2106,0,71,71,2,-131072,3,0.99755,True,True,True
2111,0,70,70,3,-131073,3,0.99923,True,True,True
2120,0,62,62,0,131072,0,0.9998,True,True,True
2128,0,62,62,0,131072,0,0.99986,True,True,True
2131,0,70,70,3,-131073,6,0.9999,True,True,True
2139,0,70,70,3,-131073,3,0.99989,True,True,True
2147,0,71,71,3,-131073,0,0.99956,True,True,True
2151,0,71,71,3,-131073,1,0.9998,True,True,True
2158,0,73,73,2,-131072,0,0.99951,True,True,True
2159,0,71,71,3,-131073,3,0.99979,True,True,True
2162,0,73,73,2,-131072,3,0.99697,True,True,True
2163,0,71,71,3,-131073,1,0.99886,True,True,True
2166,0,73,73,2,-131072,1,0.99869,True,True,True
2171,0,71,71,3,-131073,1,0.99987,True,True,True
2174,0,73,73,2,-131072,0,0.99957,True,True,True
2175,0,71,71,3,-131073,1,0.99988,True,True,True
2176,0,63,63,0,131072,1,0.99986,True,True,True
2178,0,73,73,2,-131072,5,0.99685,True,True,True
2180,0,64,64,0,131072,1,0.99975,True,True,True
2184,0,64,64,0,131072,2,0.99316,True,True,True
2185,0,66,66,1,131071,1,0.99601,True,True,True
2188,0,64,64,0,131072,0,0.99994,True,True,True
2190,0,74,74,2,-131072,0,0.99919,True,True,True
2198,0,75,75,2,-131072,1,0.99984,True,True,True
2204,0,64,64,0,131072,1,0.99767,True,True,True
2207,0,73,73,3,-131073,2,0.9988,True,True,True
2208,0,64,64,0,131072,1,0.99967,True,True,True
2217,0,67,67,1,131071,3,0.99868,True,True,True
2218,0,75,75,2,-131072,2,0.99938,True,True,True
2219,0,73,73,3,-131073,1,0.99985,True,True,True
2222,0,75,75,2,-131072,2,0.99643,True,True,True
2225,0,68,68,1,131071,2,0.99824,True,True,True
2231,0,73,73,3,-131073,1,0.99985,True,True,True
2241,0,69,69,1,131071,0,0.9944,True,True,True
2242,0,76,76,2,-131072,5,0.99516,True,True,True
2243,0,74,74,3,-131073,3,0.99983,True,True,True
2249,0,69,69,1,131071,0,0.9979,True,True,True
2250,0,76,76,2,-131072,1,0.99964,True,True,True
2252,0,65,65,0,131072,1,0.99984,True,True,True
2255,0,74,74,3,-131073,3,0.9998,True,True,True
2257,0,69,69,1,131071,3,0.997,True,True,True
2258,0,77,77,2,-131072,2,0.99844,True,True,True
2269,0,69,69,1,131071,6,0.99759,True,True,True
2275,0,74,74,3,-131073,0,0.99975,True,True,True
2281,0,70,70,1,131071,1,0.99449,True,True,True
2282,0,77,77,2,-131072,0,0.99908,True,True,True
2283,0,75,75,3,-131073,3,0.99775,True,True,True
2285,0,70,70,1,131071,0,0.99872,True,True,True
2287,0,75,75,3,-131073,1,0.9998,True,True,True
2289,0,70,70,1,131071,1,0.99489,True,True,True
2292,0,66,66,0,131072,0,0.99769,True,True,True
2295,0,75,75,3,-131073,1,0.99631,True,True,True
2296,0,67,67,0,131072,1,0.99898,True,True,True
2297,0,70,70,1,131071,2,0.9992,True,True,True
2298,0,78,78,2,-131072,3,0.99923,True,True,True
2316,0,68,68,0,131072,4,0.99551,True,True,True
2320,0,68,68,0,131072,1,0.99961,True,True,True
2321,0,71,71,1,131071,0,0.99879,True,True,True
2323,0,76,76,3,-131073,0,0.99973,True,True,True
2327,0,76,76,3,-131073,4,0.99916,True,True,True
2329,0,72,72,1,131071,4,0.99839,True,True,True
2332,0,69,69,0,131072,0,0.99997,True,True,True
2335,0,76,76,3,-131073,1,0.99905,True,True,True
2336,0,69,69,0,131072,0,0.99968,True,True,True
2338,0,80,80,2,-131072,1,0.99571,True,True,True
2339,0,76,76,3,-131073,1,0.99986,True,True,True
2340,0,69,69,0,131072,3,0.99995,True,True,True
2341,0,73,73,1,131071,2,0.99908,True,True,True
2343,0,76,76,3,-131073,1,0.99935,True,True,True
2350,0,80,80,2,-131072,2,0.99976,True,True,True
2352,0,69,69,0,131072,0,0.99675,True,True,True
2355,0,76,76,3,-131073,1,0.99939,True,True,True
2365,0,74,74,1,131071,2,0.99733,True,True,True
2367,0,76,76,3,-131073,0,0.99951,True,True,True
2374,0,81,81,2,-131072,1,0.99992,True,True,True
2378,0,81,81,2,-131072,3,0.9962,True,True,True
2385,0,75,75,1,131071,0,0.99735,True,True,True
2386,0,81,81,2,-131072,1,0.99196,True,True,True
2387,0,77,77,3,-131073,3,0.99982,True,True,True
2388,0,70,70,0,131072,1,0.99399,True,True,True
2391,0,77,77,3,-131073,5,0.9993,True,True,True
2392,0,70,70,0,131072,3,0.99965,True,True,True
2397,0,75,75,1,131071,2,0.99975,True,True,True
2400,0,70,70,0,131072,1,0.99513,True,True,True
2402,0,82,82,2,-131072,1,0.99377,True,True,True
2404,0,70,70,0,131072,4,0.99806,True,True,True
2405,0,75,75,1,131071,0,0.99705,True,True,True
2413,0,75,75,1,131071,2,0.99807,True,True,True
2419,0,78,78,3,-131073,3,0.99974,True,True,True
2422,0,83,83,2,-131072,3,0.99889,True,True,True
2423,0,78,78,3,-131073,1,0.99187,True,True,True
2424,0,71,71,0,131072,1,0.99983,True,True,True
2425,0,75,75,1,131071,1,0.99372,True,True,True
2428,0,71,71,0,131072,5,0.99992,True,True,True
2432,0,71,71,0,131072,0,0.99961,True,True,True
2434,0,83,83,2,-131072,0,0.99988,True,True,True
2438,0,83,83,2,-131072,4,0.99473,True,True,True
2441,0,76,76,1,131071,4,0.99833,True,True,True
2443,0,78,78,3,-131073,2,0.99969,True,True,True
2444,0,71,71,0,131072,3,0.99966,True,True,True
2445,0,76,76,1,131071,1,0.99921,True,True,True
2447,0,79,79,3,-131073,5,0.99985,True,True,True
2450,0,83,83,2,-131072,4,0.99912,True,True,True
2454,0,83,83,2,-131072,0,0.99708,True,True,True
2456,0,71,71,0,131072,0,0.99907,True,True,True
2459,0,79,79,3,-131073,1,0.99977,True,True,True
2460,0,71,71,0,131072,0,0.9999,True,True,True
2469,0,76,76,1,131071,1,0.99877,True,True,True
2471,0,79,79,3,-131073,1,0.99684,True,True,True
2474,0,84,84,2,-131072,1,0.99976,True,True,True
2475,0,79,79,3,-131073,0,0.99977,True,True,True
2477,0,77,77,1,131071,0,0.99429,True,True,True
2483,0,80,80,3,-131073,1,0.99987,True,True,True
2484,0,72,72,0,131072,3,0.99989,True,True,True
2485,0,77,77,1,131071,1,0.99725,True,True,True
2489,0,77,77,1,131071,1,0.99423,True,True,True
2491,0,80,80,3,-131073,1,0.99941,True,True,True
2492,0,72,72,0,131072,2,0.99991,True,True,True
2497,0,78,78,1,131071,4,0.99989,True,True,True
2504,0,72,72,0,131072,0,0.99967,True,True,True
2510,0,85,85,2,-131072,1,0.99702,True,True,True
2511,0,81,81,3,-131073,1,0.99908,True,True,True
2516,0,73,73,0,131072,3,0.99099,True,True,True
2519,0,81,81,3,-131073,2,0.99941,True,True,True
2520,0,73,73,0,131072,2,0.99997,True,True,True
2523,0,81,81,3,-131073,1,0.9999,True,True,True
2528,0,73,73,0,131072,0,0.99983,True,True,True
2529,0,79,79,1,131071,2,0.99984,True,True,True
2532,0,73,73,0,131072,3,0.99987,True,True,True
2534,0,87,87,2,-131072,0,0.99872,True,True,True
2536,0,73,73,0,131072,2,0.99668,True,True,True
2538,0,87,87,2,-131072,3,0.99113,True,True,True
2539,0,82,82,3,-131073,1,0.99966,True,True,True
2543,0,82,82,3,-131073,3,0.9995,True,True,True
2545,0,79,79,1,131071,1,0.9991,True,True,True
2549,0,79,79,1,131071,3,0.99766,True,True,True
2551,0,82,82,3,-131073,0,0.99981,True,True,True
2553,0,80,80,1,131071,5,0.99878,True,True,True
2555,0,82,82,3,-131073,7,0.99572,True,True,True
2559,0,82,82,3,-131073,4,0.99982,True,True,True
2562,0,89,89,2,-131072,2,0.99861,True,True,True
2566,0,89,89,2,-131072,0,0.99935,True,True,True
2571,0,82,82,3,-131073,0,0.9997,True,True,True
2575,0,83,83,3,-131073,0,0.9997,True,True,True
2576,0,76,76,0,131072,2,0.99949,True,True,True
2578,0,89,89,2,-131072,2,0.99855,True,True,True
2579,0,83,83,3,-131073,2,0.99959,True,True,True
2581,0,81,81,1,131071,1,0.9965,True,True,True
2586,0,90,90,2,-131072,1,0.99649,True,True,True
2596,0,76,76,0,131072,1,0.99974,True,True,True
2597,0,81,81,1,131071,1,0.99957,True,True,True
2598,0,90,90,2,-131072,1,0.99901,True,True,True
2599,0,84,84,3,-131073,2,0.99937,True,True,True
2600,0,76,76,0,131072,2,0.99883,True,True,True
2603,0,84,84,3,-131073,2,0.99979,True,True,True
2609,0,82,82,1,131071,0,0.99905,True,True,True
2610,0,91,91,2,-131072,3,0.99586,True,True,True
2612,0,76,76,0,131072,1,0.99993,True,True,True
2615,0,84,84,3,-131073,0,0.99989,True,True,True
2620,0,77,77,0,131072,1,0.99997,True,True,True
2625,0,83,83,1,131071,2,0.99798,True,True,True
2634,0,91,91,2,-131072,5,0.99186,True,True,True
2644,0,78,78,0,131072,1,0.99869,True,True,True
2648,0,78,78,0,131072,1,0.99794,True,True,True
2652,0,78,78,0,131072,1,0.9997,True,True,True
2653,0,83,83,1,131071,1,0.99928,True,True,True
2654,0,92,92,2,-131072,3,0.99802,True,True,True
2655,0,86,86,3,-131073,1,0.99998,True,True,True
2657,0,83,83,1,131071,3,0.99734,True,True,True
2660,0,78,78,0,131072,0,0.99997,True,True,True
2665,0,84,84,1,131071,1,0.99122,True,True,True
2679,0,86,86,3,-131073,3,0.99994,True,True,True
2682,0,92,92,2,-131072,2,0.99298,True,True,True
2684,0,79,79,0,131072,4,0.99925,True,True,True
2692,0,79,79,0,131072,1,0.99875,True,True,True
2694,0,93,93,2,-131072,2,0.99234,True,True,True
2698,0,93,93,2,-131072,4,0.99855,True,True,True
2701,0,85,85,1,131071,1,0.99546,True,True,True
2703,0,87,87,3,-131073,1,0.99957,True,True,True
2704,0,80,80,0,131072,1,0.99983,True,True,True
2710,0,93,93,2,-131072,4,0.99985,True,True,True
2715,0,87,87,3,-131073,1,0.997,True,True,True
2726,0,94,94,2,-131072,3,0.99987,True,True,True
2737,0,86,86,1,131071,2,0.99912,True,True,True
2738,0,94,94,2,-131072,3,0.99696,True,True,True
2739,0,88,88,3,-131073,2,0.99982,True,True,True
2740,0,81,81,0,131072,4,0.99994,True,True,True
2743,0,88,88,3,-131073,2,0.99993,True,True,True
2749,0,86,86,1,131071,2,0.99888,True,True,True
2754,0,95,95,2,-131072,3,0.99976,True,True,True
2756,0,82,82,0,131072,2,0.99993,True,True,True
2759,0,88,88,3,-131073,2,0.99991,True,True,True
2763,0,88,88,3,-131073,1,0.99967,True,True,True
2766,0,95,95,2,-131072,4,0.99752,True,True,True
2768,0,83,83,0,131072,6,0.9999,True,True,True
2772,0,83,83,0,131072,3,0.9998,True,True,True
2775,0,89,89,3,-131073,3,0.99975,True,True,True
2781,0,87,87,1,131071,2,0.99986,True,True,True
2784,0,83,83,0,131072,1,0.9968,True,True,True
2788,0,83,83,0,131072,5,0.99883,True,True,True
2791,0,89,89,3,-131073,0,0.99978,True,True,True
2794,0,96,96,2,-131072,2,0.99173,True,True,True
2796,0,83,83,0,131072,3,0.99932,True,True,True
2801,0,88,88,1,131071,0,0.99868,True,True,True
2806,0,96,96,2,-131072,0,0.99781,True,True,True
2807,0,90,90,3,-131073,2,0.99996,True,True,True
2809,0,88,88,1,131071,0,0.99743,True,True,True
2810,0,97,97,2,-131072,4,0.99702,True,True,True
2812,0,84,84,0,131072,3,0.99021,True,True,True
2816,0,84,84,0,131072,2,0.99997,True,True,True
2819,0,91,91,3,-131073,1,0.99991,True,True,True
2828,0,84,84,0,131072,2,0.99979,True,True,True
2830,0,97,97,2,-131072,3,0.9964,True,True,True
2833,0,89,89,1,131071,4,0.99581,True,True,True
2836,0,84,84,0,131072,2,0.99716,True,True,True
2838,0,98,98,2,-131072,2,0.99797,True,True,True
2840,0,84,84,0,131072,1,0.99985,True,True,True
2842,0,98,98,2,-131072,1,0.99895,True,True,True
2844,0,84,84,0,131072,2,0.99982,True,True,True
2846,0,98,98,2,-131072,0,0.99866,True,True,True
2848,0,84,84,0,131072,1,0.99989,True,True,True
2853,0,90,90,1,131071,2,0.99825,True,True,True
2854,0,98,98,2,-131072,3,0.99893,True,True,True
2855,0,92,92,3,-131073,1,0.99946,True,True,True
2857,0,90,90,1,131071,4,0.99922,True,True,True
2860,0,84,84,0,131072,1,0.99864,True,True,True
2863,0,93,93,3,-131073,2,0.99995,True,True,True
2868,0,84,84,0,131072,2,0.99983,True,True,True
2877,0,91,91,1,131071,3,0.99873,True,True,True
2886,0,100,100,2,-131072,1,0.99879,True,True,True
2887,0,94,94,3,-131073,3,0.99998,True,True,True
2888,0,85,85,0,131072,4,0.99882,True,True,True
2889,0,91,91,1,131071,1,0.9997,True,True,True
2894,0,100,100,2,-131072,0,0.99797,True,True,True
2896,0,85,85,0,131072,1,0.99121,True,True,True
2898,0,100,100,2,-131072,6,0.99579,True,True,True
2900,0,85,85,0,131072,3,0.99988,True,True,True
2904,0,85,85,0,131072,2,0.99923,True,True,True
2908,0,85,85,0,131072,0,0.99933,True,True,True
2910,0,100,100,2,-131072,3,0.99815,True,True,True
2915,0,95,95,3,-131073,0,0.99983,True,True,True
2916,0,86,86,0,131072,1,0.99974,True,True,True
2923,0,95,95,3,-131073,1,0.9998,True,True,True
2925,0,93,93,1,131071,2,0.99975,True,True,True
2932,0,88,88,0,131072,1,0.99207,True,True,True
2935,0,96,96,3,-131073,1,0.99934,True,True,True
2941,0,93,93,1,131071,4,0.99085,True,True,True
2947,0,96,96,3,-131073,5,0.9998,True,True,True
2951,0,96,96,3,-131073,1,0.99954,True,True,True
2953,0,93,93,1,131071,1,0.99459,True,True,True
2955,0,96,96,3,-131073,0,0.99719,True,True,True
2956,0,88,88,0,131072,1,0.99906,True,True,True
2957,0,93,93,1,131071,3,0.99718,True,True,True
2963,0,97,97,3,-131073,6,0.99948,True,True,True
2968,0,89,89,0,131072,3,0.99702,True,True,True
2979,0,97,97,3,-131073,3,0.99996,True,True,True
2983,0,98,98,3,-131073,1,0.99982,True,True,True
2984,0,89,89,0,131072,3,0.99375,True,True,True
2988,0,89,89,0,131072,2,0.99987,True,True,True
2989,0,94,94,1,131071,0,0.99975,True,True,True
2996,0,89,89,0,131072,4,0.99891,True,True,True
3002,0,103,103,2,-131072,2,0.99743,True,True,True
3003,0,98,98,3,-131073,1,0.99957,True,True,True
3004,0,90,90,0,131072,1,0.99953,True,True,True
3008,0,90,90,0,131072,1,0.99597,True,True,True
3009,0,95,95,1,131071,1,0.99934,True,True,True
3017,0,95,95,1,131071,3,0.99942,True,True,True
3023,0,99,99,3,-131073,2,0.9984,True,True,True
3028,0,90,90,0,131072,0,0.99981,True,True,True
3029,0,95,95,1,131071,1,0.99941,True,True,True
3031,0,99,99,3,-131073,1,0.99923,True,True,True
3032,0,90,90,0,131072,3,0.99994,True,True,True
3038,0,104,104,2,-131072,1,0.9983,True,True,True
3045,0,96,96,1,131071,2,0.99316,True,True,True
3048,0,91,91,0,131072,1,0.99992,True,True,True
3050,0,105,105,2,-131072,2,0.99674,True,True,True
3058,0,105,105,2,-131072,5,0.9982,True,True,True
3061,0,96,96,1,131071,0,0.99951,True,True,True
3064,0,91,91,0,131072,0,0.9998,True,True,True
3069,0,96,96,1,131071,3,0.99974,True,True,True
3072,0,92,92,0,131072,5,0.99996,True,True,True
3075,0,101,101,3,-131073,2,0.99894,True,True,True
3081,0,97,97,1,131071,0,0.99892,True,True,True
3085,0,97,97,1,131071,0,0.99398,True,True,True
3089,0,97,97,1,131071,3,0.99832,True,True,True
3090,0,106,106,2,-131072,1,0.99857,True,True,True
3091,0,101,101,3,-131073,2,0.99988,True,True,True
3095,0,101,101,3,-131073,4,0.99977,True,True,True
3098,0,107,107,2,-131072,1,0.99957,True,True,True
3100,0,92,92,0,131072,1,0.99969,True,True,True
3103,0,101,101,3,-131073,3,0.99516,True,True,True
3111,0,102,102,3,-131073,3,0.99482,True,True,True
3112,0,92,92,0,131072,4,0.99778,True,True,True
3114,0,107,107,2,-131072,3,0.99227,True,True,True
3122,0,107,107,2,-131072,1,0.99677,True,True,True
3124,0,93,93,0,131072,5,0.9996,True,True,True
3129,0,98,98,1,131071,0,0.99727,True,True,True
3135,0,102,102,3,-131073,0,0.99992,True,True,True
3136,0,93,93,0,131072,2,0.99884,True,True,True
3137,0,98,98,1,131071,1,0.99937,True,True,True
3139,0,103,103,3,-131073,2,0.99941,True,True,True
3142,0,108,108,2,-131072,1,0.99618,True,True,True
3147,0,103,103,3,-131073,2,0.99988,True,True,True
3148,0,94,94,0,131072,3,0.9996,True,True,True
3157,0,99,99,1,131071,1,0.99618,True,True,True
3158,0,109,109,2,-131072,2,0.99567,True,True,True
3166,0,109,109,2,-131072,1,0.99915,True,True,True
3168,0,95,95,0,131072,2,0.99959,True,True,True
3176,0,95,95,0,131072,1,0.99728,True,True,True
3181,0,100,100,1,131071,1,0.99899,True,True,True
3182,0,110,110,2,-131072,2,0.99675,True,True,True
3183,0,104,104,3,-131073,3,0.99841,True,True,True
3184,0,95,95,0,131072,1,0.99976,True,True,True
3190,0,110,110,2,-131072,2,0.99995,True,True,True
3191,0,105,105,3,-131073,0,0.99493,True,True,True
3192,0,95,95,0,131072,1,0.99922,True,True,True
3197,0,100,100,1,131071,1,0.99636,True,True,True
3199,0,105,105,3,-131073,0,0.99937,True,True,True
3201,0,100,100,1,131071,1,0.9993,True,True,True
3202,0,111,111,2,-131072,2,0.99882,True,True,True
3204,0,95,95,0,131072,1,0.99403,True,True,True
3209,0,101,101,1,131071,1,0.99937,True,True,True
3214,0,111,111,2,-131072,2,0.99154,True,True,True
3217,0,101,101,1,131071,0,0.99929,True,True,True
3219,0,107,107,3,-131073,3,0.99658,True,True,True
3221,0,101,101,1,131071,1,0.99542,True,True,True
3225,0,101,101,1,131071,1,0.99252,True,True,True
3227,0,107,107,3,-131073,1,0.99493,True,True,True
3230,0,112,112,2,-131072,1,0.99694,True,True,True
3231,0,107,107,3,-131073,1,0.99854,True,True,True
3233,0,101,101,1,131071,1,0.99647,True,True,True
3235,0,107,107,3,-131073,0,0.99853,True,True,True
3237,0,101,101,1,131071,3,0.99542,True,True,True
3242,0,112,112,2,-131072,3,0.99448,True,True,True
3244,0,96,96,0,131072,3,0.99973,True,True,True
3248,0,97,97,0,131072,2,0.99977,True,True,True
3250,0,112,112,2,-131072,2,0.99359,True,True,True
3253,0,102,102,1,131071,1,0.9986,True,True,True
3254,0,112,112,2,-131072,2,0.99858,True,True,True
3255,0,107,107,3,-131073,1,0.99853,True,True,True
3257,0,102,102,1,131071,4,0.99992,True,True,True
3261,0,102,102,1,131071,3,0.9999,True,True,True
3266,0,112,112,2,-131072,3,0.99566,True,True,True
3268,0,97,97,0,131072,3,0.99901,True,True,True
3278,0,113,113,2,-131072,1,0.99926,True,True,True
3279,0,108,108,3,-131073,1,0.99879,True,True,True
3280,0,98,98,0,131072,3,0.99898,True,True,True
3285,0,103,103,1,131071,1,0.99961,True,True,True
3287,0,108,108,3,-131073,3,0.99911,True,True,True
3288,0,98,98,0,131072,2,0.99908,True,True,True
3289,0,103,103,1,131071,1,0.996,True,True,True
3291,0,108,108,3,-131073,2,0.99989,True,True,True
3296,0,99,99,0,131072,3,0.99747,True,True,True
3300,0,99,99,0,131072,2,0.99945,True,True,True
3302,0,114,114,2,-131072,3,0.99815,True,True,True
3303,0,109,109,3,-131073,1,0.9999,True,True,True
3307,0,109,109,3,-131073,2,0.99989,True,True,True
3308,0,99,99,0,131072,0,0.99803,True,True,True
3311,0,109,109,3,-131073,5,0.99961,True,True,True
3312,0,99,99,0,131072,1,0.99023,True,True,True
3313,0,104,104,1,131071,1,0.99934,True,True,True
3321,0,104,104,1,131071,3,0.99753,True,True,True
3324,0,100,100,0,131072,1,0.99922,True,True,True
3325,0,104,104,1,131071,3,0.99511,True,True,True
3336,0,100,100,0,131072,3,0.99958,True,True,True
3338,0,116,116,2,-131072,2,0.99866,True,True,True
3344,0,100,100,0,131072,1,0.99904,True,True,True
3350,0,116,116,2,-131072,2,0.99451,True,True,True
3356,0,101,101,0,131072,1,0.99976,True,True,True
3359,0,110,110,3,-131073,4,0.99944,True,True,True
3363,0,111,111,3,-131073,1,0.99985,True,True,True
3364,0,101,101,0,131072,5,0.99783,True,True,True
3367,0,111,111,3,-131073,2,0.99991,True,True,True
3370,0,117,117,2,-131072,1,0.99934,True,True,True
3376,0,101,101,0,131072,2,0.99517,True,True,True
3379,0,112,112,3,-131073,2,0.99895,True,True,True
3382,0,117,117,2,-131072,1,0.99504,True,True,True
3388,0,102,102,0,131072,5,0.99707,True,True,True
3389,0,106,106,1,131071,0,0.99957,True,True,True
3391,0,112,112,3,-131073,3,0.99084,True,True,True
3396,0,102,102,0,131072,0,0.99982,True,True,True
3399,0,113,113,3,-131073,0,0.99898,True,True,True
3400,0,103,103,0,131072,1,0.99383,True,True,True
3403,0,113,113,3,-131073,2,0.99949,True,True,True
3405,0,107,107,1,131071,1,0.99723,True,True,True
3406,0,118,118,2,-131072,5,0.99239,True,True,True
3407,0,113,113,3,-131073,4,0.99611,True,True,True
3409,0,107,107,1,131071,1,0.99833,True,True,True
3412,0,104,104,0,131072,2,0.99992,True,True,True
3414,0,118,118,2,-131072,4,0.99885,True,True,True
3415,0,113,113,3,-131073,2,0.99978,True,True,True
3419,0,113,113,3,-131073,1,0.9988,True,True,True
3425,0,107,107,1,131071,1,0.99525,True,True,True
3434,0,119,119,2,-131072,3,0.99977,True,True,True
3439,0,114,114,3,-131073,1,0.99147,True,True,True
3442,0,119,119,2,-131072,0,0.99558,True,True,True
3443,0,114,114,3,-131073,4,0.99933,True,True,True
3449,0,108,108,1,131071,0,0.99742,True,True,True
3450,0,120,120,2,-131072,2,0.99886,True,True,True
3454,0,120,120,2,-131072,3,0.99558,True,True,True
3459,0,115,115,3,-131073,3,0.99985,True,True,True
3461,0,109,109,1,131071,0,0.99452,True,True,True
3464,0,105,105,0,131072,4,0.99908,True,True,True
3467,0,116,116,3,-131073,0,0.99992,True,True,True
3472,0,106,106,0,131072,1,0.99982,True,True,True
3478,0,121,121,2,-131072,1,0.99685,True,True,True
3479,0,117,117,3,-131073,0,0.9998,True,True,True
3482,0,121,121,2,-131072,2,0.99924,True,True,True
3485,0,110,110,1,131071,2,0.99734,True,True,True
3494,0,121,121,2,-131072,0,0.99582,True,True,True
3495,0,117,117,3,-131073,3,0.99497,True,True,True
3498,0,121,121,2,-131072,2,0.99964,True,True,True
3514,0,122,122,2,-131072,4,0.9953,True,True,True
3519,0,118,118,3,-131073,2,0.99993,True,True,True
3526,0,122,122,2,-131072,3,0.99946,True,True,True
3531,0,119,119,3,-131073,0,0.99771,True,True,True
3532,0,108,108,0,131072,1,0.99981,True,True,True
3535,0,119,119,3,-131073,1,0.99904,True,True,True
3536,0,108,108,0,131072,2,0.99492,True,True,True
3540,0,108,108,0,131072,1,0.9992,True,True,True
3544,0,108,108,0,131072,4,0.99425,True,True,True
3546,0,122,122,2,-131072,0,0.99142,True,True,True
3550,0,123,123,2,-131072,2,0.99414,True,True,True
3552,0,108,108,0,131072,4,0.99989,True,True,True
3562,0,123,123,2,-131072,1,0.99974,True,True,True
3571,0,121,121,3,-131073,4,0.99962,True,True,True
3572,0,109,109,0,131072,1,0.99946,True,True,True
3583,0,122,122,3,-131073,0,0.99985,True,True,True
3596,0,110,110,0,131072,2,0.99939,True,True,True
3598,0,124,124,2,-131072,2,0.99988,True,True,True
3609,0,113,113,1,131071,3,0.9989,True,True,True
3610,0,124,124,2,-131072,2,0.99878,True,True,True
3616,0,110,110,0,131072,3,0.99997,True,True,True
3617,0,113,113,1,131071,1,0.9998,True,True,True
3619,0,123,123,3,-131073,3,0.99948,True,True,True
3620,0,111,111,0,131072,1,0.99978,True,True,True
3621,0,113,113,1,131071,1,0.99887,True,True,True
3623,0,123,123,3,-131073,1,0.99798,True,True,True
3626,0,125,125,2,-131072,2,0.9998,True,True,True
3628,0,111,111,0,131072,3,0.9982,True,True,True
3629,0,114,114,1,131071,10,0.99171,True,True,True
3631,0,124,124,3,-131073,2,0.9987,True,True,True
3632,0,111,111,0,131072,3,0.99926,True,True,True
3633,0,114,114,1,131071,0,0.99778,True,True,True
3638,0,125,125,2,-131072,2,0.99697,True,True,True
3639,0,124,124,3,-131073,1,0.9997,True,True,True
3649,0,115,115,1,131071,2,0.9939,True,True,True
3653,0,115,115,1,131071,2,0.99917,True,True,True
3656,0,112,112,0,131072,4,0.9997,True,True,True
3660,0,112,112,0,131072,1,0.99974,True,True,True
3665,0,115,115,1,131071,0,0.99881,True,True,True
3667,0,125,125,3,-131073,1,0.99969,True,True,True
3668,0,112,112,0,131072,0,0.99998,True,True,True
3671,0,125,125,3,-131073,1,0.99846,True,True,True
3673,0,115,115,1,131071,1,0.99546,True,True,True
3676,0,113,113,0,131072,2,0.99972,True,True,True
3677,0,115,115,1,131071,0,0.9994,True,True,True
3679,0,125,125,3,-131073,2,0.99985,True,True,True
3681,0,115,115,1,131071,2,0.99974,True,True,True
3689,0,116,116,1,131071,1,0.99726,True,True,True
3690,0,127,127,2,-131072,2,0.99859,True,True,True
3692,0,113,113,0,131072,1,0.99866,True,True,True
3694,0,127,127,2,-131072,0,0.99943,True,True,True
3698,0,127,127,2,-131072,3,0.99382,True,True,True
3699,0,126,126,3,-131073,3,0.99986,True,True,True
3705,0,116,116,1,131071,2,0.99914,True,True,True
3715,0,126,126,3,-131073,0,0.99971,True,True,True
3718,0,128,128,2,-131072,1,0.99765,True,True,True
3719,0,126,126,3,-131073,9,0.99996,True,True,True
3723,0,127,127,3,-131073,3,0.99866,True,True,True
3724,0,114,114,0,131072,3,0.99803,True,True,True
3726,0,128,128,2,-131072,2,0.99915,True,True,True
3728,0,114,114,0,131072,2,0.99845,True,True,True
3730,0,128,128,2,-131072,0,0.99885,True,True,True
3737,0,118,118,1,131071,1,0.9994,True,True,True
3746,0,128,128,2,-131072,1,0.99984,True,True,True
3749,0,118,118,1,131071,1,0.9959,True,True,True
3750,0,128,128,2,-131072,0,0.99891,True,True,True
3751,0,127,127,3,-131073,2,0.9998,True,True,True
3756,0,115,115,0,131072,1,0.99962,True,True,True
3757,0,119,119,1,131071,1,0.9954,True,True,True
3758,0,129,129,2,-131072,4,0.99953,True,True,True
3763,0,128,128,3,-131073,1,0.99985,True,True,True
3764,0,116,116,0,131072,3,0.99992,True,True,True
3765,0,119,119,1,131071,0,0.99907,True,True,True
3769,0,119,119,1,131071,2,0.99964,True,True,True
3773,0,119,119,1,131071,1,0.99984,True,True,True
3774,0,129,129,2,-131072,2,0.99828,True,True,True
3781,0,119,119,1,131071,3,0.99881,True,True,True
3785,0,119,119,1,131071,3,0.99099,True,True,True
3787,0,128,128,3,-131073,0,0.99952,True,True,True
3790,0,130,130,2,-131072,1,0.99977,True,True,True
3791,0,128,128,3,-131073,2,0.99923,True,True,True
3792,0,116,116,0,131072,2,0.99985,True,True,True
3797,0,120,120,1,131071,2,0.99685,True,True,True
3798,0,130,130,2,-131072,0,0.99964,True,True,True
3804,0,117,117,0,131072,0,0.9994,True,True,True
3807,0,129,129,3,-131073,2,0.99961,True,True,True
3810,0,130,130,2,-131072,2,0.99718,True,True,True
3812,0,117,117,0,131072,3,0.99921,True,True,True
3821,0,120,120,1,131071,1,0.99962,True,True,True
3827,0,130,130,3,-131073,0,0.99599,True,True,True
3830,0,131,131,2,-131072,1,0.99929,True,True,True
3832,0,117,117,0,131072,1,0.99947,True,True,True
3835,0,130,130,3,-131073,3,0.99989,True,True,True
3840,0,118,118,0,131072,0,0.99957,True,True,True
3843,0,130,130,3,-131073,3,0.99985,True,True,True
3844,0,118,118,0,131072,2,0.99957,True,True,True
3845,0,121,121,1,131071,1,0.99874,True,True,True
3847,0,130,130,3,-131073,1,0.99992,True,True,True
3853,0,121,121,1,131071,2,0.99818,True,True,True
3859,0,131,131,3,-131073,3,0.99986,True,True,True
3864,0,119,119,0,131072,2,0.99957,True,True,True
3866,0,132,132,2,-131072,2,0.9989,True,True,True
3875,0,132,132,3,-131073,1,0.99669,True,True,True
3877,0,122,122,1,131071,0,0.99977,True,True,True
3879,0,132,132,3,-131073,1,0.99983,True,True,True
3885,0,122,122,1,131071,3,0.99958,True,True,True
3892,0,120,120,0,131072,3,0.99991,True,True,True
3898,0,133,133,2,-131072,1,0.9965,True,True,True
3907,0,133,133,3,-131073,0,0.99985,True,True,True
3917,0,123,123,1,131071,6,0.99858,True,True,True
3922,0,134,134,2,-131072,2,0.99973,True,True,True
3930,0,134,134,2,-131072,0,0.99892,True,True,True
3933,0,124,124,1,131071,1,0.99352,True,True,True
3935,0,134,134,3,-131073,1,0.9998,True,True,True
3945,0,124,124,1,131071,1,0.99402,True,True,True
3946,0,135,135,2,-131072,2,0.99518,True,True,True
3948,0,122,122,0,131072,1,0.99976,True,True,True
3951,0,135,135,3,-131073,2,0.99951,True,True,True
3954,0,135,135,2,-131072,1,0.99887,True,True,True
3955,0,135,135,3,-131073,0,0.99953,True,True,True
3962,0,135,135,2,-131072,3,0.99841,True,True,True
3963,0,135,135,3,-131073,1,0.99976,True,True,True
3972,0,123,123,0,131072,2,0.99994,True,True,True
3978,0,136,136,2,-131072,4,0.99994,True,True,True
3979,0,136,136,3,-131073,1,0.99989,True,True,True
3986,0,136,136,2,-131072,0,0.99716,True,True,True
3988,0,123,123,0,131072,2,0.99224,True,True,True
3993,0,126,126,1,131071,2,0.99263,True,True,True
3996,0,123,123,0,131072,5,0.99826,True,True,True
3999,0,136,136,3,-131073,4,0.99995,True,True,True
4001,0,126,126,1,131071,2,0.99939,True,True,True
4005,0,126,126,1,131071,2,0.99521,True,True,True
4010,0,137,137,2,-131072,1,0.99834,True,True,True
4013,0,126,126,1,131071,2,0.99971,True,True,True
4014,0,137,137,2,-131072,3,0.99963,True,True,True
4015,0,136,136,3,-131073,1,0.99922,True,True,True
4018,0,137,137,2,-131072,2,0.99778,True,True,True
4019,0,136,136,3,-131073,0,0.99904,True,True,True
4023,0,136,136,3,-131073,1,0.99977,True,True,True
4025,0,126,126,1,131071,1,0.99925,True,True,True
4027,0,137,137,3,-131073,1,0.99994,True,True,True
4029,0,126,126,1,131071,8,0.99937,True,True,True
4031,0,137,137,3,-131073,1,0.99944,True,True,True
4032,0,125,125,0,131072,0,0.99969,True,True,True
4033,0,126,126,1,131071,3,0.99978,True,True,True
4036,0,125,125,0,131072,4,0.99283,True,True,True
4038,0,137,137,2,-131072,6,0.99731,True,True,True
4039,0,137,137,3,-131073,1,0.99787,True,True,True
4040,0,125,125,0,131072,2,0.99916,True,True,True
4041,0,127,127,1,131071,2,0.99981,True,True,True
4043,0,137,137,3,-131073,5,0.99965,True,True,True
4044,0,125,125,0,131072,1,0.99979,True,True,True
4047,0,137,137,3,-131073,0,0.99993,True,True,True
4050,0,138,138,2,-131072,3,0.99965,True,True,True
4053,0,127,127,1,131071,0,0.9999,True,True,True
4057,0,127,127,1,131071,3,0.9998,True,True,True
4063,0,138,138,3,-131073,3,0.99979,True,True,True
4065,0,127,127,1,131071,0,0.99781,True,True,True
4066,0,138,138,2,-131072,3,0.99866,True,True,True
4074,0,138,138,2,-131072,2,0.99383,True,True,True
4075,0,138,138,3,-131073,1,0.99969,True,True,True
4078,0,138,138,2,-131072,7,0.99798,True,True,True
4081,0,128,128,1,131071,4,0.99072,True,True,True
4084,0,126,126,0,131072,1,0.99193,True,True,True
4093,0,128,128,1,131071,3,0.99485,True,True,True
4098,0,139,139,2,-131072,2,0.99494,True,True,True
4099,0,138,138,3,-131073,2,0.99973,True,True,True
4103,0,138,138,3,-131073,0,0.99996,True,True,True
4104,0,127,127,0,131072,2,0.99996,True,True,True
4109,0,128,128,1,131071,0,0.99831,True,True,True
4115,0,139,139,3,-131073,0,0.99987,True,True,True
4117,0,128,128,1,131071,2,0.99699,True,True,True
4118,0,140,140,2,-131072,3,0.99847,True,True,True
4119,0,139,139,3,-131073,4,0.99944,True,True,True
4121,0,128,128,1,131071,1,0.99958,True,True,True
4128,0,128,128,0,131072,0,0.99986,True,True,True
4130,0,140,140,2,-131072,3,0.99965,True,True,True
4135,0,139,139,3,-131073,2,0.99994,True,True,True
4137,0,129,129,1,131071,0,0.99955,True,True,True
4139,0,139,139,3,-131073,2,0.99996,True,True,True
4147,0,140,140,3,-131073,4,0.9994,True,True,True
4148,0,128,128,0,131072,2,0.99918,True,True,True
4153,0,130,130,1,131071,0,0.99956,True,True,True
4158,0,141,141,2,-131072,0,0.9968,True,True,True
4161,0,130,130,1,131071,1,0.99962,True,True,True
4164,0,129,129,0,131072,0,0.99966,True,True,True
4165,0,130,130,1,131071,1,0.99747,True,True,True
4170,0,141,141,2,-131072,3,0.99907,True,True,True
4179,0,142,142,3,-131073,0,0.99994,True,True,True
4188,0,131,131,0,131072,3,0.99978,True,True,True
4197,0,131,131,1,131071,0,0.999,True,True,True
4198,0,142,142,2,-131072,3,0.99443,True,True,True
4200,0,131,131,0,131072,1,0.99978,True,True,True
4208,0,131,131,0,131072,3,0.99993,True,True,True
4216,0,131,131,0,131072,3,0.99782,True,True,True
4218,0,143,143,2,-131072,1,0.99011,True,True,True
4223,0,144,144,3,-131073,2,0.99997,True,True,True
4224,0,131,131,0,131072,3,0.99302,True,True,True
4226,0,143,143,2,-131072,3,0.99812,True,True,True
4238,0,143,143,2,-131072,3,0.99809,True,True,True
4239,0,145,145,3,-131073,1,0.99949,True,True,True
4240,0,132,132,0,131072,1,0.99682,True,True,True
4242,0,144,144,2,-131072,1,0.99966,True,True,True
4246,0,144,144,2,-131072,4,0.99952,True,True,True
4247,0,145,145,3,-131073,2,0.99993,True,True,True
4249,0,135,135,1,131071,3,0.99803,True,True,True
4251,0,145,145,3,-131073,0,0.99891,True,True,True
4255,0,145,145,3,-131073,2,0.99991,True,True,True
4262,0,145,145,2,-131072,0,0.99963,True,True,True
4264,0,133,133,0,131072,0,0.99935,True,True,True
4265,0,135,135,1,131071,1,0.9949,True,True,True
4267,0,145,145,3,-131073,2,0.99986,True,True,True
4271,0,145,145,3,-131073,1,0.99979,True,True,True
4275,0,145,145,3,-131073,1,0.99931,True,True,True
4277,0,135,135,1,131071,1,0.99748,True,True,True
4282,0,145,145,2,-131072,2,0.99465,True,True,True
4284,0,134,134,0,131072,2,0.99976,True,True,True
4285,0,135,135,1,131071,1,0.99995,True,True,True
4286,0,145,145,2,-131072,3,0.99956,True,True,True
4289,0,136,136,1,131071,1,0.99665,True,True,True
4298,0,146,146,2,-131072,1,0.999,True,True,True
4301,0,136,136,1,131071,3,0.99171,True,True,True
4311,0,146,146,3,-131073,1,0.99927,True,True,True
4317,0,136,136,1,131071,4,0.99924,True,True,True
4321,0,136,136,1,131071,2,0.99926,True,True,True
4322,0,146,146,2,-131072,0,0.99125,True,True,True
4330,0,146,146,2,-131072,0,0.99575,True,True,True
4332,0,137,137,0,131072,0,0.99328,True,True,True
4333,0,137,137,1,131071,3,0.99765,True,True,True
4342,0,147,147,2,-131072,0,0.99825,True,True,True
4343,0,147,147,3,-131073,0,0.99892,True,True,True
4345,0,137,137,1,131071,0,0.99926,True,True,True
4347,0,147,147,3,-131073,3,0.99953,True,True,True
4348,0,137,137,0,131072,0,0.99951,True,True,True
4352,0,137,137,0,131072,3,0.99968,True,True,True
4373,0,138,138,1,131071,2,0.99978,True,True,True
4377,0,138,138,1,131071,3,0.99964,True,True,True
4379,0,148,148,3,-131073,1,0.99995,True,True,True
4382,0,148,148,2,-131072,1,0.99432,True,True,True
4387,0,149,149,3,-131073,1,0.99754,True,True,True
4391,0,149,149,3,-131073,0,0.99959,True,True,True
4398,0,148,148,2,-131072,2,0.99596,True,True,True
4401,0,138,138,1,131071,3,0.99871,True,True,True
4404,0,139,139,0,131072,0,0.99937,True,True,True
4406,0,148,148,2,-131072,2,0.99738,True,True,True
4407,0,150,150,3,-131073,1,0.99979,True,True,True
4409,0,139,139,1,131071,2,0.99846,True,True,True
4420,0,140,140,0,131072,1,0.99745,True,True,True
4421,0,139,139,1,131071,4,0.99103,True,True,True
4428,0,140,140,0,131072,3,0.99627,True,True,True
4446,0,151,151,2,-131072,2,0.99872,True,True,True
4451,0,151,151,3,-131073,1,0.99994,True,True,True
4453,0,141,141,1,131071,3,0.99841,True,True,True
4455,0,151,151,3,-131073,1,0.99962,True,True,True
4459,0,151,151,3,-131073,2,0.99977,True,True,True
4463,0,151,151,3,-131073,1,0.99348,True,True,True
4464,0,142,142,0,131072,3,0.99813,True,True,True
4471,0,152,152,3,-131073,2,0.99989,True,True,True
4472,0,142,142,0,131072,5,0.99894,True,True,True
4483,0,153,153,3,-131073,3,0.99983,True,True,True
4484,0,142,142,0,131072,0,0.99713,True,True,True
4489,0,143,143,1,131071,0,0.99953,True,True,True
4494,0,153,153,2,-131072,2,0.99821,True,True,True
4495,0,154,154,3,-131073,3,0.99989,True,True,True
4497,0,144,144,1,131071,1,0.99838,True,True,True
4504,0,142,142,0,131072,1,0.99992,True,True,True
4517,0,144,144,1,131071,2,0.99819,True,True,True
4520,0,143,143,0,131072,4,0.99958,True,True,True
4539,0,155,155,3,-131073,2,0.99979,True,True,True
4543,0,155,155,3,-131073,0,0.99991,True,True,True
4554,0,154,154,2,-131072,1,0.99799,True,True,True
4557,0,147,147,1,131071,2,0.99564,True,True,True
4562,0,154,154,2,-131072,0,0.99273,True,True,True
4564,0,145,145,0,131072,1,0.99838,True,True,True
4572,0,146,146,0,131072,0,0.9977,True,True,True
4573,0,147,147,1,131071,3,0.99942,True,True,True
4575,0,156,156,3,-131073,5,0.99987,True,True,True
4576,0,146,146,0,131072,0,0.99976,True,True,True
4579,0,156,156,3,-131073,1,0.99994,True,True,True
4581,0,148,148,1,131071,2,0.99474,True,True,True
4583,0,156,156,3,-131073,2,0.99964,True,True,True
4585,0,148,148,1,131071,1,0.9953,True,True,True
4589,0,148,148,1,131071,3,0.99906,True,True,True
4598,0,155,155,2,-131072,3,0.99737,True,True,True
4606,0,155,155,2,-131072,5,0.99166,True,True,True
4607,0,157,157,3,-131073,3,0.9996,True,True,True
4612,0,147,147,0,131072,2,0.9943,True,True,True
4618,0,156,156,2,-131072,2,0.99939,True,True,True
4626,0,156,156,2,-131072,3,0.99986,True,True,True
4630,0,156,156,2,-131072,1,0.99659,True,True,True
4631,0,157,157,3,-131073,3,0.99998,True,True,True
4634,0,157,157,2,-131072,2,0.99738,True,True,True
4636,0,148,148,0,131072,2,0.99992,True,True,True
4637,0,150,150,1,131071,1,0.99696,True,True,True
4644,0,148,148,0,131072,4,0.99537,True,True,True
4650,0,157,157,2,-131072,3,0.99093,True,True,True
4654,0,157,157,2,-131072,1,0.99712,True,True,True
4658,0,158,158,2,-131072,3,0.99843,True,True,True
4667,0,158,158,3,-131073,0,0.99999,True,True,True
4670,0,158,158,2,-131072,3,0.99607,True,True,True
4676,0,149,149,0,131072,0,0.99051,True,True,True
4679,0,159,159,3,-131073,1,0.99979,True,True,True
4682,0,159,159,2,-131072,2,0.99656,True,True,True
4684,0,149,149,0,131072,0,0.99959,True,True,True
4685,0,152,152,1,131071,2,0.99943,True,True,True
4687,0,159,159,3,-131073,2,0.99996,True,True,True
4691,0,159,159,3,-131073,2,0.99949,True,True,True
4692,0,149,149,0,131072,2,0.99918,True,True,True
4696,0,150,150,0,131072,4,0.99984,True,True,True
4697,0,152,152,1,131071,3,0.99894,True,True,True
4699,0,160,160,3,-131073,1,0.99658,True,True,True
4706,0,160,160,2,-131072,1,0.99846,True,True,True
4707,0,160,160,3,-131073,1,0.9997,True,True,True
4715,0,160,160,3,-131073,0,0.99651,True,True,True
4718,0,160,160,2,-131072,1,0.99942,True,True,True
4719,0,161,161,3,-131073,3,0.99764,True,True,True
4735,0,161,161,3,-131073,5,0.99968,True,True,True
4736,0,152,152,0,131072,0,0.99844,True,True,True
4738,0,161,161,2,-131072,2,0.99986,True,True,True
4744,0,152,152,0,131072,3,0.9998,True,True,True
4747,0,162,162,3,-131073,0,0.99991,True,True,True
4749,0,154,154,1,131071,4,0.9971,True,True,True
4750,0,161,161,2,-131072,2,0.99964,True,True,True
4755,0,162,162,3,-131073,3,0.99636,True,True,True
4764,0,152,152,0,131072,5,0.9995,True,True,True
4765,0,154,154,1,131071,0,0.99894,True,True,True
4766,0,161,161,2,-131072,3,0.99846,True,True,True
4768,0,153,153,0,131072,2,0.99909,True,True,True
4769,0,154,154,1,131071,1,0.99899,True,True,True
4779,0,163,163,3,-131073,2,0.99949,True,True,True
4786,0,163,163,2,-131072,1,0.99967,True,True,True
4787,0,163,163,3,-131073,0,0.99922,True,True,True
4788,0,153,153,0,131072,1,0.99947,True,True,True
4793,0,155,155,1,131071,1,0.99793,True,True,True
4797,0,155,155,1,131071,2,0.99985,True,True,True
4798,0,163,163,2,-131072,1,0.99815,True,True,True
4799,0,164,164,3,-131073,5,0.99954,True,True,True
4801,0,155,155,1,131071,4,0.99987,True,True,True
4804,0,155,155,0,131072,1,0.99972,True,True,True
4805,0,156,156,1,131071,1,0.99756,True,True,True
4808,0,155,155,0,131072,4,0.99926,True,True,True
4816,0,155,155,0,131072,1,0.99805,True,True,True
4819,0,164,164,3,-131073,2,0.99975,True,True,True
4825,0,157,157,1,131071,1,0.99654,True,True,True
4828,0,156,156,0,131072,1,0.99584,True,True,True
4830,0,164,164,2,-131072,3,0.99327,True,True,True
4832,0,156,156,0,131072,2,0.99802,True,True,True
4838,0,165,165,2,-131072,0,0.99835,True,True,True
4848,0,156,156,0,131072,3,0.99995,True,True,True
4856,0,156,156,0,131072,3,0.99194,True,True,True
4859,0,166,166,3,-131073,0,0.99988,True,True,True
4862,0,165,165,2,-131072,2,0.99942,True,True,True
4864,0,156,156,0,131072,1,0.99976,True,True,True
4869,0,158,158,1,131071,2,0.99898,True,True,True
4877,0,158,158,1,131071,2,0.99844,True,True,True
4886,0,166,166,2,-131072,1,0.99916,True,True,True
4895,0,168,168,3,-131073,1,0.99984,True,True,True
4903,0,168,168,3,-131073,0,0.99952,True,True,True
4910,0,166,166,2,-131072,4,0.99857,True,True,True
4914,0,167,167,2,-131072,0,0.99994,True,True,True
4915,0,168,168,3,-131073,1,0.99828,True,True,True
4919,0,169,169,3,-131073,1,0.99977,True,True,True
4934,0,168,168,2,-131072,0,0.99529,True,True,True
4941,0,161,161,1,131071,3,0.99215,True,True,True
4943,0,169,169,3,-131073,6,0.99994,True,True,True
4944,0,159,159,0,131072,0,0.99995,True,True,True
4954,0,169,169,2,-131072,1,0.99732,True,True,True
4958,0,169,169,2,-131072,1,0.99879,True,True,True
4961,0,162,162,1,131071,1,0.99723,True,True,True
4968,0,160,160,0,131072,2,0.9994,True,True,True
4969,0,162,162,1,131071,0,0.99972,True,True,True
4971,0,171,171,3,-131073,1,0.99977,True,True,True
4977,0,162,162,1,131071,1,0.99944,True,True,True
4980,0,161,161,0,131072,1,0.99967,True,True,True
4992,0,161,161,0,131072,0,0.99027,True,True,True
4998,0,171,171,2,-131072,2,0.99392,True,True,True
5001,0,163,163,1,131071,2,0.99694,True,True,True
5003,0,172,172,3,-131073,2,0.99996,True,True,True
5012,0,161,161,0,131072,1,0.99992,True,True,True
5019,0,174,174,3,-131073,5,0.99302,True,True,True
5020,0,161,161,0,131072,2,0.99742,True,True,True
5028,0,162,162,0,131072,1,0.99999,True,True,True
5029,0,164,164,1,131071,2,0.99799,True,True,True
5030,0,172,172,2,-131072,3,0.99785,True,True,True
5034,0,172,172,2,-131072,3,0.99633,True,True,True
5046,0,172,172,2,-131072,7,0.99947,True,True,True
5053,0,164,164,1,131071,1,0.99851,True,True,True
5054,0,172,172,2,-131072,5,0.99914,True,True,True
5055,0,175,175,3,-131073,1,0.9999,True,True,True
5056,0,163,163,0,131072,1,0.99846,True,True,True
5063,0,175,175,3,-131073,3,0.9994,True,True,True
5070,0,172,172,2,-131072,1,0.99919,True,True,True
5077,0,164,164,1,131071,0,0.9983,True,True,True
5081,0,164,164,1,131071,1,0.99688,True,True,True
5088,0,164,164,0,131072,2,0.99992,True,True,True
5091,0,176,176,3,-131073,3,0.9998,True,True,True
5094,0,173,173,2,-131072,0,0.99771,True,True,True
5100,0,164,164,0,131072,4,0.99992,True,True,True
5108,0,164,164,0,131072,0,0.99977,True,True,True
5109,0,166,166,1,131071,3,0.99916,True,True,True
5112,0,164,164,0,131072,1,0.99837,True,True,True
5113,0,166,166,1,131071,3,0.99781,True,True,True
5122,0,174,174,2,-131072,0,0.99822,True,True,True
5127,0,178,178,3,-131073,2,0.99976,True,True,True
5136,0,165,165,0,131072,3,0.99475,True,True,True
5140,0,165,165,0,131072,3,0.99916,True,True,True
5141,0,167,167,1,131071,2,0.99537,True,True,True
5147,0,178,178,3,-131073,4,0.99924,True,True,True
5150,0,175,175,2,-131072,2,0.99564,True,True,True
5151,0,178,178,3,-131073,0,0.99976,True,True,True
5152,0,166,166,0,131072,3,0.99656,True,True,True
5155,0,179,179,3,-131073,1,0.99989,True,True,True
5161,0,167,167,1,131071,0,0.99964,True,True,True
5163,0,179,179,3,-131073,2,0.99958,True,True,True
5173,0,168,168,1,131071,2,0.99985,True,True,True
5175,0,179,179,3,-131073,1,0.99989,True,True,True
5176,0,166,166,0,131072,2,0.99825,True,True,True
5181,0,168,168,1,131071,2,0.9993,True,True,True
5193,0,169,169,1,131071,2,0.99917,True,True,True
5196,0,167,167,0,131072,2,0.99488,True,True,True
5201,0,169,169,1,131071,2,0.99937,True,True,True
5202,0,176,176,2,-131072,1,0.99964,True,True,True
5210,0,177,177,2,-131072,2,0.99956,True,True,True
5211,0,180,180,3,-131073,2,0.99933,True,True,True
5213,0,169,169,1,131071,1,0.99146,True,True,True
5215,0,180,180,3,-131073,7,0.99742,True,True,True
5216,0,169,169,0,131072,1,0.9998,True,True,True
5218,0,177,177,2,-131072,2,0.99906,True,True,True
5220,0,169,169,0,131072,1,0.99984,True,True,True
5222,0,177,177,2,-131072,0,0.99957,True,True,True
5234,0,177,177,2,-131072,6,0.99381,True,True,True
5239,0,182,182,3,-131073,0,0.9999,True,True,True
5244,0,169,169,0,131072,1,0.99991,True,True,True
5251,0,182,182,3,-131073,0,0.99995,True,True,True
5253,0,170,170,1,131071,0,0.99882,True,True,True
5256,0,170,170,0,131072,5,0.99988,True,True,True
5265,0,170,170,1,131071,3,0.99836,True,True,True
5267,0,183,183,3,-131073,0,0.99994,True,True,True
5268,0,170,170,0,131072,1,0.99221,True,True,True
5270,0,179,179,2,-131072,1,0.99681,True,True,True
5274,0,179,179,2,-131072,3,0.99794,True,True,True
5275,0,183,183,3,-131073,2,0.99995,True,True,True
5286,0,179,179,2,-131072,2,0.99859,True,True,True
5287,0,183,183,3,-131073,3,0.9998,True,True,True
5295,0,184,184,3,-131073,1,0.99936,True,True,True
5296,0,172,172,0,131072,0,0.99995,True,True,True
5303,0,184,184,3,-131073,1,0.99908,True,True,True
5306,0,180,180,2,-131072,3,0.99536,True,True,True
5311,0,184,184,3,-131073,0,0.99361,True,True,True
5312,0,173,173,0,131072,3,0.99969,True,True,True
5315,0,184,184,3,-131073,2,0.99972,True,True,True
5319,0,184,184,3,-131073,3,0.99996,True,True,True
5326,0,180,180,2,-131072,1,0.99641,True,True,True
5331,0,185,185,3,-131073,1,0.9914,True,True,True
5332,0,174,174,0,131072,1,0.99931,True,True,True
5335,0,185,185,3,-131073,4,0.99327,True,True,True
5345,0,174,174,1,131071,3,0.99907,True,True,True
5347,0,185,185,3,-131073,2,0.99985,True,True,True
5349,0,174,174,1,131071,2,0.99692,True,True,True
5357,0,174,174,1,131071,5,0.99942,True,True,True
5359,0,185,185,3,-131073,0,0.99984,True,True,True
5360,0,174,174,0,131072,1,0.99987,True,True,True
5368,0,175,175,0,131072,3,0.99621,True,True,True
5369,0,174,174,1,131071,2,0.9972,True,True,True
5371,0,186,186,3,-131073,3,0.99968,True,True,True
5374,0,181,181,2,-131072,2,0.99979,True,True,True
5382,0,181,181,2,-131072,3,0.99921,True,True,True
5389,0,175,175,1,131071,2,0.99887,True,True,True
5390,0,182,182,2,-131072,1,0.99666,True,True,True
5393,0,175,175,1,131071,3,0.99984,True,True,True
5401,0,175,175,1,131071,7,0.99903,True,True,True
5406,0,182,182,2,-131072,0,0.99594,True,True,True
5410,0,182,182,2,-131072,1,0.995,True,True,True
5411,0,186,186,3,-131073,1,0.99925,True,True,True
5412,0,176,176,0,131072,1,0.99972,True,True,True
5418,0,182,182,2,-131072,0,0.99316,True,True,True
5427,0,187,187,3,-131073,1,0.99996,True,True,True
5429,0,178,178,1,131071,2,0.99841,True,True,True
5432,0,177,177,0,131072,2,0.999,True,True,True
5436,0,177,177,0,131072,1,0.99997,True,True,True
5446,0,184,184,2,-131072,0,0.9955,True,True,True
5448,0,177,177,0,131072,0,0.99993,True,True,True
5452,0,177,177,0,131072,0,0.99752,True,True,True
5456,0,178,178,0,131072,2,0.99991,True,True,True
5460,0,178,178,0,131072,2,0.99979,True,True,True
5462,0,184,184,2,-131072,2,0.99786,True,True,True
5463,0,188,188,3,-131073,2,0.99929,True,True,True
5468,0,178,178,0,131072,3,0.99079,True,True,True
5469,0,179,179,1,131071,1,0.99823,True,True,True
5472,0,178,178,0,131072,2,0.99994,True,True,True
5473,0,179,179,1,131071,3,0.99948,True,True,True
5476,0,179,179,0,131072,1,0.99985,True,True,True
5478,0,184,184,2,-131072,1,0.99617,True,True,True
5485,0,180,180,1,131071,0,0.99913,True,True,True
5487,0,189,189,3,-131073,1,0.9996,True,True,True
5490,0,185,185,2,-131072,1,0.99724,True,True,True
5491,0,189,189,3,-131073,1,0.99695,True,True,True
5494,0,185,185,2,-131072,2,0.99498,True,True,True
5495,0,189,189,3,-131073,8,0.99955,True,True,True
5499,0,189,189,3,-131073,4,0.99883,True,True,True
5500,0,180,180,0,131072,2,0.99963,True,True,True
5503,0,189,189,3,-131073,1,0.99972,True,True,True
5506,0,186,186,2,-131072,3,0.99906,True,True,True
5514,0,186,186,2,-131072,3,0.99962,True,True,True
5518,0,186,186,2,-131072,8,0.99701,True,True,True
5529,0,181,181,1,131071,1,0.99775,True,True,True
5530,0,187,187,2,-131072,4,0.99489,True,True,True
5532,0,181,181,0,131072,3,0.99963,True,True,True
5534,0,187,187,2,-131072,2,0.9985,True,True,True
5535,0,190,190,3,-131073,4,0.99525,True,True,True
5543,0,190,190,3,-131073,1,0.99999,True,True,True
5545,0,182,182,1,131071,2,0.99465,True,True,True
5546,0,188,188,2,-131072,1,0.99475,True,True,True
5548,0,182,182,0,131072,2,0.99941,True,True,True
5559,0,190,190,3,-131073,0,0.99976,True,True,True
5563,0,190,190,3,-131073,1,0.99987,True,True,True
5573,0,182,182,1,131071,5,0.99939,True,True,True
5576,0,182,182,0,131072,1,0.99992,True,True,True
5578,0,189,189,2,-131072,2,0.99919,True,True,True
5579,0,191,191,3,-131073,5,0.99991,True,True,True
5582,0,189,189,2,-131072,1,0.99921,True,True,True
5589,0,183,183,1,131071,0,0.99967,True,True,True
5590,0,189,189,2,-131072,4,0.99781,True,True,True
5595,0,192,192,3,-131073,3,0.99993,True,True,True
5598,0,189,189,2,-131072,1,0.99951,True,True,True
5602,0,189,189,2,-131072,1,0.9968,True,True,True
5603,0,192,192,3,-131073,1,0.9999,True,True,True
5611,0,192,192,3,-131073,3,0.99849,True,True,True
5613,0,184,184,1,131071,2,0.99887,True,True,True
5614,0,190,190,2,-131072,1,0.99211,True,True,True
5615,0,192,192,3,-131073,1,0.99997,True,True,True
5620,0,184,184,0,131072,2,0.99959,True,True,True
5625,0,185,185,1,131071,1,0.99916,True,True,True
5626,0,190,190,2,-131072,4,0.9979,True,True,True
5633,0,185,185,1,131071,7,0.99972,True,True,True
5634,0,191,191,2,-131072,0,0.99436,True,True,True
5636,0,184,184,0,131072,1,0.99812,True,True,True
5637,0,185,185,1,131071,2,0.99985,True,True,True
5640,0,184,184,0,131072,4,0.99981,True,True,True
5643,0,193,193,3,-131073,3,0.99986,True,True,True
5645,0,185,185,1,131071,5,0.99943,True,True,True
5647,0,193,193,3,-131073,2,0.99689,True,True,True
5648,0,185,185,0,131072,0,0.99981,True,True,True
5649,0,185,185,1,131071,1,0.99911,True,True,True
5659,0,193,193,3,-131073,4,0.99975,True,True,True
5665,0,186,186,1,131071,1,0.99941,True,True,True
5669,0,186,186,1,131071,5,0.99822,True,True,True
5673,0,186,186,1,131071,2,0.9962,True,True,True
5674,0,192,192,2,-131072,2,0.99996,True,True,True
5677,0,186,186,1,131071,0,0.99272,True,True,True
5682,0,193,193,2,-131072,1,0.99985,True,True,True
5688,0,187,187,0,131072,5,0.99628,True,True,True
5689,0,187,187,1,131071,4,0.99848,True,True,True
5692,0,187,187,0,131072,0,0.99954,True,True,True
5693,0,187,187,1,131071,1,0.9983,True,True,True
5696,0,187,187,0,131072,2,0.99712,True,True,True
5697,0,187,187,1,131071,5,0.99962,True,True,True
5699,0,194,194,3,-131073,3,0.9993,True,True,True
5700,0,187,187,0,131072,1,0.99993,True,True,True
5705,0,187,187,1,131071,3,0.99908,True,True,True
5710,0,194,194,2,-131072,1,0.99622,True,True,True
5711,0,194,194,3,-131073,1,0.99971,True,True,True
5726,0,194,194,2,-131072,2,0.999,True,True,True
5727,0,194,194,3,-131073,0,0.99985,True,True,True
5733,0,188,188,1,131071,0,0.99957,True,True,True
5734,0,194,194,2,-131072,0,0.99162,True,True,True
5735,0,195,195,3,-131073,3,0.99604,True,True,True
5737,0,188,188,1,131071,0,0.99668,True,True,True
5738,0,194,194,2,-131072,3,0.9985,True,True,True
5747,0,195,195,3,-131073,4,0.99962,True,True,True
5749,0,188,188,1,131071,4,0.99462,True,True,True
5757,0,188,188,1,131071,2,0.99902,True,True,True
5759,0,196,196,3,-131073,4,0.9988,True,True,True
5762,0,195,195,2,-131072,2,0.99776,True,True,True
5763,0,196,196,3,-131073,8,0.99956,True,True,True
5769,0,189,189,1,131071,2,0.99906,True,True,True
5778,0,196,196,2,-131072,2,0.99528,True,True,True
5785,0,189,189,1,131071,5,0.9998,True,True,True
5791,0,197,197,3,-131073,2,0.99791,True,True,True
5792,0,190,190,0,131072,2,0.9968,True,True,True
5794,0,196,196,2,-131072,1,0.99606,True,True,True
5795,0,197,197,3,-131073,0,0.99981,True,True,True
5807,0,198,198,3,-131073,1,0.9997,True,True,True
5808,0,190,190,0,131072,3,0.99843,True,True,True
5811,0,198,198,3,-131073,2,0.99972,True,True,True
5824,0,191,191,0,131072,0,0.99894,True,True,True
5829,0,192,192,1,131071,1,0.99444,True,True,True
5830,0,197,197,2,-131072,4,0.99899,True,True,True
5838,0,197,197,2,-131072,2,0.99971,True,True,True
5839,0,199,199,3,-131073,6,0.99975,True,True,True
5841,0,192,192,1,131071,3,0.99962,True,True,True
5843,0,199,199,3,-131073,2,0.9991,True,True,True
5845,0,193,193,1,131071,3,0.99379,True,True,True
5846,0,197,197,2,-131072,1,0.99899,True,True,True
5855,0,200,200,3,-131073,1,0.99967,True,True,True
5859,0,200,200,3,-131073,3,0.99978,True,True,True
5868,0,193,193,0,131072,1,0.99934,True,True,True
5871,0,200,200,3,-131073,2,0.9998,True,True,True
5873,0,193,193,1,131071,0,0.99939,True,True,True
5874,0,198,198,2,-131072,3,0.99276,True,True,True
5875,0,200,200,3,-131073,3,0.99945,True,True,True
5876,0,194,194,0,131072,1,0.99969,True,True,True
5877,0,193,193,1,131071,3,0.99831,True,True,True
5879,0,201,201,3,-131073,2,0.99979,True,True,True
5880,0,194,194,0,131072,0,0.99972,True,True,True
5881,0,193,193,1,131071,2,0.99981,True,True,True
5890,0,199,199,2,-131072,3,0.99411,True,True,True
5894,0,199,199,2,-131072,1,0.99938,True,True,True
5895,0,201,201,3,-131073,1,0.9957,True,True,True
5896,0,194,194,0,131072,1,0.99972,True,True,True
5897,0,194,194,1,131071,2,0.99082,True,True,True
5900,0,194,194,0,131072,1,0.99971,True,True,True
5901,0,194,194,1,131071,2,0.99969,True,True,True
5903,0,201,201,3,-131073,4,0.99992,True,True,True
5909,0,195,195,1,131071,1,0.99969,True,True,True
5913,0,195,195,1,131071,1,0.99192,True,True,True
5914,0,199,199,2,-131072,2,0.9995,True,True,True
5916,0,194,194,0,131072,2,0.99932,True,True,True
5918,0,199,199,2,-131072,1,0.99857,True,True,True
5921,0,195,195,1,131071,3,0.99243,True,True,True
5924,0,195,195,0,131072,2,0.997,True,True,True
5925,0,195,195,1,131071,3,0.99896,True,True,True
5927,0,202,202,3,-131073,0,0.99977,True,True,True
5929,0,195,195,1,131071,3,0.99838,True,True,True
5934,0,200,200,2,-131072,3,0.99673,True,True,True
5938,0,200,200,2,-131072,2,0.99753,True,True,True
5939,0,202,202,3,-131073,1,0.99993,True,True,True
5943,0,202,202,3,-131073,0,0.99971,True,True,True
5945,0,195,195,1,131071,3,0.99983,True,True,True
5948,0,195,195,0,131072,1,0.99987,True,True,True
5950,0,200,200,2,-131072,2,0.99785,True,True,True
5951,0,202,202,3,-131073,2,0.99955,True,True,True
5957,0,195,195,1,131071,2,0.99946,True,True,True
5960,0,196,196,0,131072,2,0.99318,True,True,True
5966,0,201,201,2,-131072,5,0.99757,True,True,True
5968,0,196,196,0,131072,4,0.99866,True,True,True
5972,0,197,197,0,131072,2,0.9983,True,True,True
5973,0,196,196,1,131071,2,0.99098,True,True,True
5977,0,196,196,1,131071,3,0.99044,True,True,True
5990,0,202,202,2,-131072,0,0.99809,True,True,True
5991,0,204,204,3,-131073,0,0.99997,True,True,True
5992,0,197,197,0,131072,5,0.99879,True,True,True
6003,0,204,204,3,-131073,1,0.99998,True,True,True
6006,0,203,203,2,-131072,0,0.99239,True,True,True
6019,0,205,205,3,-131073,4,0.99855,True,True,True
6022,0,203,203,2,-131072,1,0.99328,True,True,True
6025,0,197,197,1,131071,2,0.99928,True,True,True
6030,0,204,204,2,-131072,2,0.99308,True,True,True
6034,0,204,204,2,-131072,2,0.99917,True,True,True
6039,0,206,206,3,-131073,0,0.99994,True,True,True
6040,0,199,199,0,131072,1,0.99608,True,True,True
6045,0,199,199,1,131071,1,0.99866,True,True,True
6053,0,199,199,1,131071,1,0.99967,True,True,True
6058,0,205,205,2,-131072,5,0.99111,True,True,True
6063,0,207,207,3,-131073,1,0.99999,True,True,True
6068,0,200,200,0,131072,1,0.99915,True,True,True
6069,0,200,200,1,131071,2,0.99514,True,True,True
6079,0,207,207,3,-131073,3,0.99991,True,True,True
6081,0,200,200,1,131071,2,0.99786,True,True,True
6087,0,207,207,3,-131073,1,0.99969,True,True,True
6088,0,201,201,0,131072,0,0.99951,True,True,True
6096,0,201,201,0,131072,1,0.99994,True,True,True
6097,0,201,201,1,131071,3,0.99904,True,True,True
6100,0,201,201,0,131072,1,0.99724,True,True,True
6102,0,206,206,2,-131072,1,0.99876,True,True,True
6106,0,206,206,2,-131072,3,0.99815,True,True,True
6109,0,202,202,1,131071,3,0.99729,True,True,True
6116,0,202,202,0,131072,4,0.99021,True,True,True
6117,0,202,202,1,131071,3,0.99983,True,True,True
6119,0,208,208,3,-131073,2,0.99998,True,True,True
6121,0,202,202,1,131071,1,0.9994,True,True,True
6127,0,209,209,3,-131073,3,0.99984,True,True,True
6129,0,203,203,1,131071,0,0.99601,True,True,True
6131,0,209,209,3,-131073,2,0.99971,True,True,True
6136,0,203,203,0,131072,4,0.9998,True,True,True
6137,0,203,203,1,131071,1,0.9996,True,True,True
6138,0,207,207,2,-131072,8,0.999,True,True,True
6139,0,209,209,3,-131073,2,0.99979,True,True,True
6140,0,204,204,0,131072,4,0.99969,True,True,True
6141,0,203,203,1,131071,2,0.99948,True,True,True
6142,0,207,207,2,-131072,4,0.99595,True,True,True
6147,0,209,209,3,-131073,2,0.99989,True,True,True
6152,0,204,204,0,131072,1,0.99997,True,True,True
6161,0,204,204,1,131071,3,0.99811,True,True,True
6169,0,204,204,1,131071,0,0.99815,True,True,True
6174,0,208,208,2,-131072,3,0.99893,True,True,True
6175,0,210,210,3,-131073,1,0.99981,True,True,True
6181,0,205,205,1,131071,2,0.99781,True,True,True
6184,0,205,205,0,131072,4,0.99981,True,True,True
6185,0,205,205,1,131071,3,0.99919,True,True,True
6188,0,205,205,0,131072,1,0.99979,True,True,True
6189,0,205,205,1,131071,2,0.99932,True,True,True
6190,0,208,208,2,-131072,5,0.99798,True,True,True
6200,0,206,206,0,131072,0,0.99985,True,True,True
6201,0,205,205,1,131071,2,0.99953,True,True,True
6202,0,209,209,2,-131072,3,0.99661,True,True,True
6204,0,206,206,0,131072,2,0.99939,True,True,True
6207,0,212,212,3,-131073,1,0.99913,True,True,True
6209,0,206,206,1,131071,1,0.9936,True,True,True
6210,0,209,209,2,-131072,5,0.99245,True,True,True
6213,0,206,206,1,131071,2,0.99951,True,True,True
6214,0,209,209,2,-131072,5,0.99337,True,True,True
6215,0,212,212,3,-131073,3,0.99999,True,True,True
6217,0,206,206,1,131071,0,0.99907,True,True,True
6219,0,212,212,3,-131073,7,0.99984,True,True,True
6221,0,206,206,1,131071,3,0.99996,True,True,True
6224,0,207,207,0,131072,2,0.9998,True,True,True
6225,0,206,206,1,131071,0,0.99903,True,True,True
6227,0,212,212,3,-131073,2,0.99928,True,True,True
6228,0,207,207,0,131072,4,0.99869,True,True,True
6233,0,206,206,1,131071,2,0.99976,True,True,True
6235,0,212,212,3,-131073,3,0.99997,True,True,True
6238,0,210,210,2,-131072,1,0.99573,True,True,True
6239,0,212,212,3,-131073,0,0.99947,True,True,True
6242,0,210,210,2,-131072,3,0.99522,True,True,True
6248,0,207,207,0,131072,2,0.99534,True,True,True
6250,0,210,210,2,-131072,2,0.99098,True,True,True
6251,0,213,213,3,-131073,1,0.9995,True,True,True
6255,0,213,213,3,-131073,4,0.99982,True,True,True
6260,0,208,208,0,131072,1,0.99511,True,True,True
6261,0,207,207,1,131071,1,0.99976,True,True,True
6262,0,210,210,2,-131072,2,0.99967,True,True,True
6272,0,208,208,0,131072,1,0.99814,True,True,True
6273,0,207,207,1,131071,2,0.99946,True,True,True
6275,0,214,214,3,-131073,2,0.99976,True,True,True
6276,0,208,208,0,131072,3,0.9996,True,True,True
6277,0,207,207,1,131071,1,0.99968,True,True,True
6295,0,214,214,3,-131073,4,0.99978,True,True,True
6300,0,209,209,0,131072,3,0.99495,True,True,True
6302,0,212,212,2,-131072,0,0.99543,True,True,True
6306,0,212,212,2,-131072,0,0.9977,True,True,True
6308,0,210,210,0,131072,2,0.99963,True,True,True
6309,0,209,209,1,131071,1,0.99649,True,True,True
6311,0,215,215,3,-131073,0,0.99975,True,True,True
6312,0,210,210,0,131072,1,0.99974,True,True,True
6313,0,209,209,1,131071,4,0.99858,True,True,True
6315,0,215,215,3,-131073,3,0.99995,True,True,True
6320,0,210,210,0,131072,1,0.99997,True,True,True
6321,0,210,210,1,131071,0,0.99476,True,True,True
6323,0,215,215,3,-131073,1,0.99996,True,True,True
6327,0,216,216,3,-131073,0,0.99973,True,True,True
6328,0,210,210,0,131072,1,0.99907,True,True,True
6330,0,213,213,2,-131072,5,0.99219,True,True,True
6338,0,213,213,2,-131072,2,0.99417,True,True,True
6345,0,211,211,1,131071,0,0.99699,True,True,True
6352,0,211,211,0,131072,1,0.99955,True,True,True
6359,0,216,216,3,-131073,2,0.9998,True,True,True
6362,0,215,215,2,-131072,3,0.99773,True,True,True
6363,0,217,217,3,-131073,1,0.99896,True,True,True
6371,0,217,217,3,-131073,1,0.99999,True,True,True
6379,0,218,218,3,-131073,2,0.99993,True,True,True
6387,0,218,218,3,-131073,4,0.99993,True,True,True
6389,0,213,213,1,131071,2,0.99822,True,True,True
6391,0,218,218,3,-131073,1,0.9991,True,True,True
6393,0,213,213,1,131071,2,0.99942,True,True,True
6395,0,218,218,3,-131073,3,0.99992,True,True,True
6396,0,213,213,0,131072,1,0.99976,True,True,True
6397,0,214,214,1,131071,3,0.99466,True,True,True
6398,0,215,215,2,-131072,2,0.99552,True,True,True
6400,0,213,213,0,131072,4,0.99663,True,True,True
6408,0,214,214,0,131072,2,0.99054,True,True,True
6409,0,214,214,1,131071,3,0.99965,True,True,True
6410,0,216,216,2,-131072,1,0.99906,True,True,True
6414,0,217,217,2,-131072,1,0.99798,True,True,True
6415,0,219,219,3,-131073,2,0.99997,True,True,True
6423,0,220,220,3,-131073,1,0.9997,True,True,True
6424,0,214,214,0,131072,5,0.99181,True,True,True
6425,0,215,215,1,131071,0,0.99221,True,True,True
6427,0,220,220,3,-131073,2,0.99988,True,True,True
6430,0,217,217,2,-131072,4,0.99899,True,True,True
6431,0,220,220,3,-131073,2,0.99989,True,True,True
6434,0,218,218,2,-131072,7,0.99882,True,True,True
6442,0,218,218,2,-131072,1,0.99813,True,True,True
6443,0,220,220,3,-131073,1,0.99987,True,True,True
6444,0,214,214,0,131072,2,0.99943,True,True,True
6447,0,220,220,3,-131073,1,0.99996,True,True,True
6448,0,215,215,0,131072,1,0.99745,True,True,True
6453,0,215,215,1,131071,1,0.99739,True,True,True
6457,0,215,215,1,131071,0,0.99896,True,True,True
6460,0,215,215,0,131072,3,0.99942,True,True,True
6468,0,215,215,0,131072,0,0.99952,True,True,True
6469,0,215,215,1,131071,3,0.99798,True,True,True
6471,0,221,221,3,-131073,1,0.99986,True,True,True
6472,0,215,215,0,131072,2,0.99989,True,True,True
6475,0,221,221,3,-131073,3,0.9996,True,True,True
6476,0,215,215,0,131072,2,0.99782,True,True,True
6478,0,221,221,2,-131072,2,0.9999,True,True,True
6482,0,221,221,2,-131072,0,0.99882,True,True,True
6485,0,216,216,1,131071,2,0.99831,True,True,True
6487,0,221,221,3,-131073,1,0.99995,True,True,True
6496,0,216,216,0,131072,3,0.99712,True,True,True
6497,0,217,217,1,131071,2,0.99828,True,True,True
6502,0,221,221,2,-131072,1,0.99691,True,True,True
6503,0,222,222,3,-131073,3,0.99989,True,True,True
6505,0,217,217,1,131071,0,0.99382,True,True,True
6507,0,222,222,3,-131073,2,0.99979,True,True,True
6508,0,216,216,0,131072,0,0.99966,True,True,True
6509,0,217,217,1,131071,1,0.99937,True,True,True
6516,0,216,216,0,131072,2,0.99997,True,True,True
6519,0,222,222,3,-131073,2,0.99974,True,True,True
6524,0,216,216,0,131072,1,0.99738,True,True,True
6525,0,218,218,1,131071,3,0.99281,True,True,True
6529,0,218,218,1,131071,1,0.99966,True,True,True
6537,0,218,218,1,131071,1,0.99993,True,True,True
6538,0,222,222,2,-131072,2,0.99369,True,True,True
6543,0,224,224,3,-131073,3,0.99924,True,True,True
6547,0,224,224,3,-131073,6,0.99995,True,True,True
6550,0,223,223,2,-131072,2,0.99782,True,True,True
6552,0,217,217,0,131072,0,0.99943,True,True,True
6554,0,223,223,2,-131072,3,0.99752,True,True,True
6555,0,224,224,3,-131073,2,0.99081,True,True,True
6557,0,219,219,1,131071,4,0.99525,True,True,True
6562,0,223,223,2,-131072,2,0.99335,True,True,True
6569,0,220,220,1,131071,2,0.99785,True,True,True
6570,0,223,223,2,-131072,1,0.99493,True,True,True
6575,0,225,225,3,-131073,3,0.99646,True,True,True
6576,0,218,218,0,131072,1,0.99811,True,True,True
6582,0,224,224,2,-131072,0,0.99934,True,True,True
6583,0,225,225,3,-131073,0,0.99994,True,True,True
6585,0,221,221,1,131071,0,0.99982,True,True,True
6590,0,224,224,2,-131072,0,0.99623,True,True,True
6602,0,224,224,2,-131072,1,0.99987,True,True,True
6606,0,224,224,2,-131072,8,0.99095,True,True,True
6609,0,221,221,1,131071,2,0.99887,True,True,True
6616,0,219,219,0,131072,1,0.9995,True,True,True
6622,0,225,225,2,-131072,3,0.99793,True,True,True
6623,0,226,226,3,-131073,0,0.99986,True,True,True
6625,0,222,222,1,131071,1,0.99642,True,True,True
6631,0,226,226,3,-131073,2,0.99988,True,True,True
6633,0,223,223,1,131071,2,0.99878,True,True,True
6634,0,225,225,2,-131072,0,0.99745,True,True,True
6635,0,226,226,3,-131073,0,0.99847,True,True,True
6637,0,223,223,1,131071,4,0.99891,True,True,True
6639,0,227,227,3,-131073,1,0.99998,True,True,True
6643,0,227,227,3,-131073,2,0.9999,True,True,True
6644,0,220,220,0,131072,2,0.99962,True,True,True
6647,0,227,227,3,-131073,4,0.99771,True,True,True
6655,0,227,227,3,-131073,1,0.99988,True,True,True
6667,0,228,228,3,-131073,3,0.99936,True,True,True
6668,0,221,221,0,131072,3,0.99951,True,True,True
6670,0,227,227,2,-131072,4,0.99628,True,True,True
6671,0,228,228,3,-131073,3,0.99975,True,True,True
6675,0,228,228,3,-131073,1,0.99832,True,True,True
6680,0,222,222,0,131072,3,0.99996,True,True,True
6687,0,228,228,3,-131073,2,0.9973,True,True,True
6694,0,228,228,2,-131072,0,0.99596,True,True,True
6696,0,222,222,0,131072,2,0.99987,True,True,True
6701,0,225,225,1,131071,1,0.99932,True,True,True
6702,0,228,228,2,-131072,2,0.99795,True,True,True
6704,0,223,223,0,131072,1,0.99929,True,True,True
6705,0,225,225,1,131071,2,0.99922,True,True,True
6707,0,229,229,3,-131073,6,0.99971,True,True,True
6710,0,228,228,2,-131072,1,0.99981,True,True,True
6711,0,229,229,3,-131073,4,0.99995,True,True,True
6712,0,223,223,0,131072,2,0.99919,True,True,True
6713,0,226,226,1,131071,1,0.99075,True,True,True
6714,0,228,228,2,-131072,0,0.99894,True,True,True
6715,0,229,229,3,-131073,3,0.99997,True,True,True
6717,0,226,226,1,131071,1,0.99988,True,True,True
6718,0,229,229,2,-131072,3,0.99962,True,True,True
6720,0,223,223,0,131072,2,0.99896,True,True,True
6723,0,229,229,3,-131073,1,0.99997,True,True,True
6724,0,223,223,0,131072,2,0.99649,True,True,True
6725,0,226,226,1,131071,1,0.99863,True,True,True
6728,0,223,223,0,131072,3,0.9998,True,True,True
6733,0,226,226,1,131071,2,0.99853,True,True,True
6735,0,229,229,3,-131073,5,0.99883,True,True,True
6740,0,224,224,0,131072,0,0.99982,True,True,True
6744,0,224,224,0,131072,2,0.99953,True,True,True
6747,0,230,230,3,-131073,2,0.99998,True,True,True
6751,0,231,231,3,-131073,0,0.99112,True,True,True
6753,0,226,226,1,131071,1,0.99809,True,True,True
6763,0,231,231,3,-131073,2,0.99975,True,True,True
6766,0,230,230,2,-131072,1,0.99977,True,True,True
6767,0,231,231,3,-131073,6,0.99979,True,True,True
6769,0,227,227,1,131071,1,0.99964,True,True,True
6779,0,232,232,3,-131073,2,0.99401,True,True,True
6784,0,226,226,0,131072,3,0.99954,True,True,True
6790,0,231,231,2,-131072,1,0.99748,True,True,True
6792,0,227,227,0,131072,3,0.99982,True,True,True
6796,0,227,227,0,131072,1,0.99566,True,True,True
6798,0,231,231,2,-131072,2,0.99914,True,True,True
6799,0,232,232,3,-131073,1,0.99868,True,True,True
6808,0,228,228,0,131072,2,0.99999,True,True,True
6811,0,232,232,3,-131073,0,0.9992,True,True,True
6813,0,229,229,1,131071,1,0.99819,True,True,True
6823,0,232,232,3,-131073,3,0.99997,True,True,True
6824,0,229,229,0,131072,3,0.9988,True,True,True
6826,0,232,232,2,-131072,3,0.99815,True,True,True
6834,0,233,233,2,-131072,2,0.99705,True,True,True
6835,0,233,233,3,-131073,3,0.99951,True,True,True
6837,0,230,230,1,131071,5,0.99722,True,True,True
6838,0,233,233,2,-131072,1,0.99912,True,True,True
6839,0,233,233,3,-131073,3,0.99892,True,True,True
6840,0,229,229,0,131072,3,0.99911,True,True,True
6846,0,234,234,2,-131072,1,0.99053,True,True,True
6849,0,231,231,1,131071,2,0.99676,True,True,True
6851,0,234,234,3,-131073,3,0.99946,True,True,True
6852,0,229,229,0,131072,5,0.99844,True,True,True
6860,0,230,230,0,131072,4,0.99978,True,True,True
6864,0,230,230,0,131072,2,0.99961,True,True,True
6867,0,234,234,3,-131073,3,0.99994,True,True,True
6870,0,234,234,2,-131072,2,0.99917,True,True,True
6872,0,231,231,0,131072,3,0.99995,True,True,True
6873,0,231,231,1,131071,0,0.99983,True,True,True
6878,0,234,234,2,-131072,0,0.99601,True,True,True
6880,0,231,231,0,131072,2,0.99793,True,True,True
6884,0,231,231,0,131072,8,0.99833,True,True,True
6887,0,235,235,3,-131073,1,0.99947,True,True,True
6890,0,234,234,2,-131072,1,0.99853,True,True,True
6891,0,235,235,3,-131073,7,0.99923,True,True,True
6896,0,231,231,0,131072,5,0.9962,True,True,True
6899,0,235,235,3,-131073,3,0.99939,True,True,True
6901,0,232,232,1,131071,2,0.99886,True,True,True
6903,0,235,235,3,-131073,3,0.99983,True,True,True
6909,0,232,232,1,131071,2,0.9994,True,True,True
6912,0,232,232,0,131072,3,0.99804,True,True,True
6913,0,232,232,1,131071,0,0.99751,True,True,True
6918,0,235,235,2,-131072,7,0.99799,True,True,True
6924,0,232,232,0,131072,3,0.99994,True,True,True
6928,0,232,232,0,131072,3,0.99691,True,True,True
6930,0,236,236,2,-131072,1,0.99992,True,True,True
6943,0,237,237,3,-131073,0,0.99973,True,True,True
6945,0,234,234,1,131071,3,0.9954,True,True,True
6950,0,237,237,2,-131072,4,0.99739,True,True,True
6953,0,234,234,1,131071,1,0.99939,True,True,True
6954,0,237,237,2,-131072,4,0.99916,True,True,True
6959,0,237,237,3,-131073,4,0.99994,True,True,True
6962,0,237,237,2,-131072,2,0.99167,True,True,True
6963,0,237,237,3,-131073,3,0.99915,True,True,True
6966,0,237,237,2,-131072,1,0.99656,True,True,True
6968,0,234,234,0,131072,2,0.99985,True,True,True
6972,0,234,234,0,131072,2,0.99694,True,True,True
6975,0,237,237,3,-131073,3,0.99991,True,True,True
6980,0,234,234,0,131072,2,0.99932,True,True,True
6987,0,238,238,3,-131073,1,0.99435,True,True,True
6991,0,238,238,3,-131073,0,0.99894,True,True,True
7000,0,235,235,0,131072,0,0.99168,True,True,True
7002,0,238,238,2,-131072,0,0.99553,True,True,True
7005,0,236,236,1,131071,4,0.99673,True,True,True
7013,0,236,236,1,131071,2,0.99752,True,True,True
7016,0,236,236,0,131072,2,0.99584,True,True,True
7018,0,238,238,2,-131072,4,0.99921,True,True,True
7020,0,236,236,0,131072,3,0.99966,True,True,True
7022,0,239,239,2,-131072,1,0.9955,True,True,True
7023,0,238,238,3,-131073,0,0.99997,True,True,True
7029,0,237,237,1,131071,2,0.99909,True,True,True
7030,0,239,239,2,-131072,3,0.99956,True,True,True
7031,0,238,238,3,-131073,3,0.99809,True,True,True
7035,0,238,238,3,-131073,3,0.99937,True,True,True
7038,0,239,239,2,-131072,2,0.99966,True,True,True
7039,0,239,239,3,-131073,0,0.99995,True,True,True
7041,0,237,237,1,131071,7,0.9911,True,True,True
7045,0,237,237,1,131071,1,0.99327,True,True,True
7055,0,240,240,3,-131073,3,0.99952,True,True,True
7058,0,240,240,2,-131072,0,0.99983,True,True,True
7060,0,237,237,0,131072,0,0.99556,True,True,True
7061,0,238,238,1,131071,1,0.99988,True,True,True
7062,0,240,240,2,-131072,2,0.9943,True,True,True
7064,0,238,238,0,131072,8,0.99993,True,True,True
7066,0,240,240,2,-131072,0,0.99997,True,True,True
7067,0,240,240,3,-131073,4,0.99978,True,True,True
7072,0,238,238,0,131072,4,0.9978,True,True,True
7075,0,240,240,3,-131073,1,0.99997,True,True,True
7076,0,238,238,0,131072,2,0.99978,True,True,True
7084,0,238,238,0,131072,1,0.99989,True,True,True
7090,0,241,241,2,-131072,4,0.99018,True,True,True
7100,0,239,239,0,131072,0,0.99725,True,True,True
7106,0,241,241,2,-131072,3,0.99809,True,True,True
7107,0,241,241,3,-131073,1,0.99981,True,True,True
7108,0,239,239,0,131072,3,0.99994,True,True,True
7115,0,241,241,3,-131073,3,0.9946,True,True,True
7118,0,241,241,2,-131072,2,0.99981,True,True,True
7122,0,241,241,2,-131072,1,0.99649,True,True,True
7125,0,240,240,1,131071,3,0.99861,True,True,True
7128,0,240,240,0,131072,1,0.99814,True,True,True
7132,0,240,240,0,131072,1,0.99986,True,True,True
7133,0,240,240,1,131071,4,0.99917,True,True,True
7134,0,242,242,2,-131072,1,0.99572,True,True,True
7135,0,242,242,3,-131073,0,0.99987,True,True,True
7138,0,242,242,2,-131072,0,0.99974,True,True,True
7139,0,242,242,3,-131073,3,0.99992,True,True,True
7145,0,241,241,1,131071,1,0.99933,True,True,True
7150,0,243,243,2,-131072,0,0.99573,True,True,True
7152,0,241,241,0,131072,3,0.99991,True,True,True
7153,0,241,241,1,131071,0,0.99819,True,True,True
7156,0,241,241,0,131072,0,0.99991,True,True,True
7162,0,243,243,2,-131072,1,0.99982,True,True,True
7167,0,243,243,3,-131073,3,0.99871,True,True,True
7170,0,244,244,2,-131072,1,0.99873,True,True,True
7172,0,242,242,0,131072,2,0.9999,True,True,True
7175,0,244,244,3,-131073,4,0.99977,True,True,True
7176,0,242,242,0,131072,2,0.99988,True,True,True
7178,0,244,244,2,-131072,2,0.99822,True,True,True
7180,0,242,242,0,131072,0,0.99883,True,True,True
7185,0,243,243,1,131071,0,0.9979,True,True,True
7188,0,242,242,0,131072,3,0.99432,True,True,True
7190,0,244,244,2,-131072,1,0.99788,True,True,True
7191,0,244,244,3,-131073,2,0.99475,True,True,True
7195,0,244,244,3,-131073,1,0.99905,True,True,True
7199,0,245,245,3,-131073,6,0.99976,True,True,True
7204,0,243,243,0,131072,2,0.99929,True,True,True
7205,0,243,243,1,131071,1,0.99007,True,True,True
7207,0,245,245,3,-131073,0,0.99987,True,True,True
7212,0,244,244,0,131072,5,0.99943,True,True,True
7213,0,244,244,1,131071,5,0.99937,True,True,True
7215,0,245,245,3,-131073,1,0.99881,True,True,True
7216,0,244,244,0,131072,1,0.99994,True,True,True
7221,0,244,244,1,131071,2,0.9999,True,True,True
7223,0,246,246,3,-131073,1,0.99916,True,True,True
7233,0,245,245,1,131071,1,0.99887,True,True,True
7241,0,245,245,1,131071,2,0.99893,True,True,True
7242,0,246,246,2,-131072,1,0.99972,True,True,True
7245,0,245,245,1,131071,0,0.99972,True,True,True
7248,0,245,245,0,131072,4,0.99961,True,True,True
7249,0,245,245,1,131071,3,0.9984,True,True,True
7250,0,246,246,2,-131072,1,0.99852,True,True,True
7252,0,246,246,0,131072,1,0.99847,True,True,True
7261,0,246,246,1,131071,2,0.99934,True,True,True
7267,0,248,248,3,-131073,1,0.99934,True,True,True
7268,0,246,246,0,131072,3,0.99998,True,True,True
7272,0,247,247,0,131072,1,0.99749,True,True,True
7276,0,247,247,0,131072,2,0.99553,True,True,True
7277,0,246,246,1,131071,1,0.99719,True,True,True
7280,0,247,247,0,131072,2,0.99862,True,True,True
7283,0,249,249,3,-131073,3,0.99949,True,True,True
7285,0,246,246,1,131071,1,0.99818,True,True,True
7289,0,246,246,1,131071,3,0.99925,True,True,True
7292,0,247,247,0,131072,5,0.99847,True,True,True
7293,0,247,247,1,131071,3,0.9994,True,True,True
7297,0,247,247,1,131071,1,0.99952,True,True,True
7299,0,249,249,3,-131073,5,0.99994,True,True,True
7303,0,249,249,3,-131073,2,0.99994,True,True,True
7307,0,249,249,3,-131073,0,0.99892,True,True,True
7310,0,248,248,2,-131072,2,0.9997,True,True,True
7311,0,250,250,3,-131073,0,0.99796,True,True,True
7313,0,247,247,1,131071,2,0.99879,True,True,True
7317,0,247,247,1,131071,2,0.99969,True,True,True
7325,0,248,248,1,131071,1,0.99914,True,True,True
7326,0,248,248,2,-131072,2,0.99993,True,True,True
7328,0,248,248,0,131072,2,0.9999,True,True,True
7330,0,248,248,2,-131072,2,0.99483,True,True,True
7335,0,250,250,3,-131073,0,0.99995,True,True,True
7338,0,249,249,2,-131072,1,0.99565,True,True,True
7343,0,250,250,3,-131073,2,0.99932,True,True,True
7346,0,249,249,2,-131072,2,0.99574,True,True,True
7347,0,250,250,3,-131073,0,0.99973,True,True,True
7348,0,249,249,0,131072,0,0.99831,True,True,True
7349,0,249,249,1,131071,4,0.99759,True,True,True
7351,0,250,250,3,-131073,2,0.9997,True,True,True
7352,0,249,249,0,131072,0,0.99891,True,True,True
7363,0,251,251,3,-131073,3,0.99965,True,True,True
7365,0,250,250,1,131071,2,0.99985,True,True,True
7373,0,251,251,1,131071,0,0.99887,True,True,True
7378,0,250,250,2,-131072,6,0.99922,True,True,True
7380,0,251,251,0,131072,2,0.99988,True,True,True
7385,0,251,251,1,131071,2,0.99835,True,True,True
7387,0,252,252,3,-131073,1,0.99991,True,True,True
7389,0,251,251,1,131071,2,0.99982,True,True,True
7391,0,252,252,3,-131073,3,0.99992,True,True,True
7395,0,252,252,3,-131073,0,0.99949,True,True,True
7398,0,251,251,2,-131072,1,0.99826,True,True,True
7400,0,251,251,0,131072,1,0.99498,True,True,True
7401,0,251,251,1,131071,3,0.99944,True,True,True
7408,0,252,252,0,131072,4,0.99989,True,True,True
7412,0,252,252,0,131072,2,0.99009,True,True,True
7413,0,252,252,1,131071,3,0.9994,True,True,True
7416,0,252,252,0,131072,1,0.99945,True,True,True
7419,0,253,253,3,-131073,2,0.99968,True,True,True
7421,0,252,252,1,131071,2,0.99846,True,True,True
7422,0,252,252,2,-131072,2,0.99229,True,True,True
7426,0,252,252,2,-131072,0,0.99677,True,True,True
7438,0,253,253,2,-131072,4,0.99975,True,True,True
7439,0,254,254,3,-131073,3,0.99992,True,True,True
7444,0,253,253,0,131072,0,0.99021,True,True,True
7445,0,253,253,1,131071,4,0.99846,True,True,True
7446,0,253,253,2,-131072,1,0.99241,True,True,True
7448,0,254,254,0,131072,1,0.99874,True,True,True
7449,0,253,253,1,131071,0,0.99726,True,True,True
7450,0,253,253,2,-131072,8,0.99973,True,True,True
7454,0,253,253,2,-131072,1,0.9958,True,True,True
7457,0,254,254,1,131071,2,0.99894,True,True,True
7458,0,253,253,2,-131072,0,0.992,True,True,True
7463,0,255,255,3,-131073,0,1.0,True,True,True
7465,0,254,254,1,131071,1,0.99528,True,True,True
7467,0,255,255,3,-131073,3,1.0,True,True,True
7469,0,254,254,1,131071,2,0.99979,True,True,True
7476,0,255,255,0,131072,1,0.99156,True,True,True
7479,0,255,255,3,-131073,3,1.0,True,True,True
7480,0,255,255,0,131072,1,0.99899,True,True,True
7481,0,255,255,1,131071,1,0.99924,True,True,True
7484,0,255,255,0,131072,3,0.99133,True,True,True
7495,0,255,255,3,-131073,1,0.99998,True,True,True
7496,0,255,255,0,131072,1,0.99497,True,True,True
7497,0,255,255,1,131071,2,0.99717,True,True,True
7499,0,255,255,3,-131073,1,0.99999,True,True,True
7504,1,0,256,0,131072,0,0.99994,True,True,True
7507,1,0,256,3,-131073,1,0.99948,True,True,True
7511,1,0,256,3,-131073,1,0.99611,True,True,True
7512,1,0,256,0,131072,1,0.99995,True,True,True
7523,1,1,257,3,-131073,0,0.99996,True,True,True
7528,1,1,257,0,131072,0,0.99802,True,True,True
7538,1,1,257,2,-131072,1,0.99618,True,True,True
7541,1,1,257,1,131071,1,0.9964,True,True,True
7545,1,1,257,1,131071,2,0.99561,True,True,True
7546,1,1,257,2,-131072,2,0.999,True,True,True
7549,1,1,257,1,131071,3,0.99639,True,True,True
7550,1,1,257,2,-131072,0,0.99925,True,True,True
7554,1,1,257,2,-131072,1,0.99998,True,True,True
7555,1,2,258,3,-131073,1,0.99866,True,True,True
7556,1,1,257,0,131072,2,0.99919,True,True,True
7572,1,2,258,0,131072,2,0.9989,True,True,True
7573,1,2,258,1,131071,2,0.99976,True,True,True
7574,1,2,258,2,-131072,3,0.99909,True,True,True
7578,1,2,258,2,-131072,0,0.99979,True,True,True
7583,1,3,259,3,-131073,3,0.99999,True,True,True
7585,1,2,258,1,131071,2,0.9969,True,True,True
7588,1,3,259,0,131072,2,0.99391,True,True,True
7590,1,2,258,2,-131072,2,0.99764,True,True,True
7592,1,3,259,0,131072,1,0.99698,True,True,True
7593,1,2,258,1,131071,3,0.99526,True,True,True
7595,1,3,259,3,-131073,0,0.99976,True,True,True
7604,1,3,259,0,131072,1,0.9991,True,True,True
7605,1,2,258,1,131071,2,0.99675,True,True,True
7612,1,3,259,0,131072,2,0.99954,True,True,True
7614,1,3,259,2,-131072,1,0.99817,True,True,True
7616,1,3,259,0,131072,3,0.99793,True,True,True
7627,1,5,261,3,-131073,1,0.99986,True,True,True
7631,1,5,261,3,-131073,1,0.99968,True,True,True
7633,1,3,259,1,131071,5,0.99925,True,True,True
7634,1,4,260,2,-131072,3,0.99651,True,True,True
7636,1,4,260,0,131072,4,0.99994,True,True,True
7647,1,5,261,3,-131073,4,0.99992,True,True,True
7648,1,5,261,0,131072,3,0.99988,True,True,True
7650,1,4,260,2,-131072,2,0.99681,True,True,True
7651,1,5,261,3,-131073,3,0.99979,True,True,True
7655,1,6,262,3,-131073,1,0.99998,True,True,True
7662,1,5,261,2,-131072,0,0.9994,True,True,True
7667,1,6,262,3,-131073,3,0.99997,True,True,True
7669,1,4,260,1,131071,0,0.99883,True,True,True
7670,1,5,261,2,-131072,0,0.99945,True,True,True
7671,1,6,262,3,-131073,3,0.99996,True,True,True
7674,1,5,261,2,-131072,2,0.99858,True,True,True
7675,1,7,263,3,-131073,5,0.99987,True,True,True
7677,1,4,260,1,131071,1,0.99824,True,True,True
7679,1,7,263,3,-131073,1,0.99951,True,True,True
7680,1,6,262,0,131072,1,0.9995,True,True,True
7683,1,7,263,3,-131073,2,0.99973,True,True,True
7686,1,5,261,2,-131072,4,0.994,True,True,True
7689,1,4,260,1,131071,2,0.99988,True,True,True
7702,1,6,262,2,-131072,3,0.99371,True,True,True
7706,1,6,262,2,-131072,0,0.99496,True,True,True
7710,1,6,262,2,-131072,1,0.99949,True,True,True
7712,1,7,263,0,131072,0,0.99234,True,True,True
7713,1,5,261,1,131071,2,0.99982,True,True,True
7715,1,8,264,3,-131073,3,0.99955,True,True,True
7716,1,7,263,0,131072,0,0.99912,True,True,True
7725,1,5,261,1,131071,2,0.99921,True,True,True
7727,1,8,264,3,-131073,3,0.99508,True,True,True
7729,1,5,261,1,131071,0,0.99784,True,True,True
7732,1,7,263,0,131072,4,0.99849,True,True,True
7736,1,7,263,0,131072,1,0.99995,True,True,True
7754,1,8,264,2,-131072,1,0.99743,True,True,True
7758,1,8,264,2,-131072,1,0.99734,True,True,True
7762,1,8,264,2,-131072,1,0.99875,True,True,True
7766,1,8,264,2,-131072,3,0.99908,True,True,True
7768,1,9,265,0,131072,3,0.99985,True,True,True
7770,1,8,264,2,-131072,1,0.99955,True,True,True
7772,1,9,265,0,131072,6,0.99801,True,True,True
7773,1,6,262,1,131071,2,0.99701,True,True,True
7774,1,8,264,2,-131072,0,0.99613,True,True,True
7775,1,10,266,3,-131073,0,0.99988,True,True,True
7776,1,9,265,0,131072,2,0.99665,True,True,True
7777,1,6,262,1,131071,2,0.99775,True,True,True
7778,1,9,265,2,-131072,3,0.99405,True,True,True
7781,1,6,262,1,131071,1,0.99577,True,True,True
7783,1,10,266,3,-131073,2,0.99876,True,True,True
7788,1,9,265,0,131072,2,0.99995,True,True,True
7789,1,7,263,1,131071,2,0.99784,True,True,True
7791,1,10,266,3,-131073,1,0.99882,True,True,True
7798,1,10,266,2,-131072,2,0.99819,True,True,True
7824,1,10,266,0,131072,3,0.99992,True,True,True
7827,1,11,267,3,-131073,2,0.99998,True,True,True
7831,1,11,267,3,-131073,1,0.99962,True,True,True
7838,1,10,266,2,-131072,4,0.99846,True,True,True
7842,1,11,267,2,-131072,0,0.99445,True,True,True
7843,1,11,267,3,-131073,2,0.99996,True,True,True
7844,1,11,267,0,131072,10,0.99982,True,True,True
7845,1,9,265,1,131071,3,0.9974,True,True,True
7848,1,11,267,0,131072,1,0.99994,True,True,True
7851,1,11,267,3,-131073,3,0.99982,True,True,True
7852,1,12,268,0,131072,2,0.99939,True,True,True
7853,1,9,265,1,131071,0,0.99696,True,True,True
7866,1,12,268,2,-131072,2,0.99706,True,True,True
7869,1,9,265,1,131071,1,0.99569,True,True,True
7873,1,10,266,1,131071,3,0.99948,True,True,True
7876,1,12,268,0,131072,4,0.99569,True,True,True
7879,1,12,268,3,-131073,2,0.99978,True,True,True
7880,1,12,268,0,131072,1,0.99722,True,True,True
7882,1,12,268,2,-131072,3,0.99355,True,True,True
7888,1,13,269,0,131072,7,0.99988,True,True,True
7893,1,10,266,1,131071,0,0.99963,True,True,True
7895,1,13,269,3,-131073,1,0.9985,True,True,True
7913,1,11,267,1,131071,1,0.99867,True,True,True
7915,1,14,270,3,-131073,4,0.99996,True,True,True
7918,1,13,269,2,-131072,0,0.9956,True,True,True
7919,1,14,270,3,-131073,2,0.99987,True,True,True
7920,1,14,270,0,131072,0,0.99565,True,True,True
7921,1,11,267,1,131071,2,0.9992,True,True,True
7922,1,13,269,2,-131072,3,0.99977,True,True,True
7923,1,14,270,3,-131073,1,0.99835,True,True,True
7927,1,14,270,3,-131073,3,0.99922,True,True,True
7929,1,11,267,1,131071,1,0.99858,True,True,True
7934,1,14,270,2,-131072,3,0.99336,True,True,True
7935,1,14,270,3,-131073,4,0.99915,True,True,True
7938,1,14,270,2,-131072,0,0.99253,True,True,True
7941,1,12,268,1,131071,4,0.99983,True,True,True
7949,1,12,268,1,131071,0,0.99866,True,True,True
7956,1,15,271,0,131072,2,0.99226,True,True,True
7964,1,15,271,0,131072,2,0.99962,True,True,True
7968,1,15,271,0,131072,1,0.99961,True,True,True
7969,1,12,268,1,131071,1,0.99968,True,True,True
7971,1,15,271,3,-131073,0,0.99915,True,True,True
7986,1,15,271,2,-131072,1,0.99795,True,True,True
7987,1,15,271,3,-131073,3,0.99967,True,True,True
7989,1,13,269,1,131071,2,0.99805,True,True,True
7991,1,16,272,3,-131073,3,0.99992,True,True,True
8000,1,16,272,0,131072,1,0.99946,True,True,True
8001,1,14,270,1,131071,4,0.99958,True,True,True
8004,1,16,272,0,131072,1,0.99998,True,True,True
8011,1,17,273,3,-131073,3,0.99939,True,True,True
8012,1,16,272,0,131072,4,0.99978,True,True,True
8013,1,14,270,1,131071,1,0.99898,True,True,True
8015,1,17,273,3,-131073,0,0.99941,True,True,True
8018,1,16,272,2,-131072,0,0.99563,True,True,True
8024,1,16,272,0,131072,3,0.99974,True,True,True
8025,1,14,270,1,131071,3,0.99867,True,True,True
8027,1,17,273,3,-131073,2,0.99375,True,True,True
8029,1,14,270,1,131071,0,0.99994,True,True,True
8034,1,17,273,2,-131072,0,0.99311,True,True,True
8036,1,16,272,0,131072,1,0.99853,True,True,True
8037,1,14,270,1,131071,1,0.99802,True,True,True
8038,1,17,273,2,-131072,3,0.99769,True,True,True
8043,1,18,274,3,-131073,0,0.99995,True,True,True
8047,1,18,274,3,-131073,3,0.99996,True,True,True
8049,1,15,271,1,131071,1,0.999,True,True,True
8050,1,17,273,2,-131072,3,0.99556,True,True,True
8052,1,17,273,0,131072,2,0.9999,True,True,True
8057,1,15,271,1,131071,1,0.9997,True,True,True
8062,1,17,273,2,-131072,1,0.99621,True,True,True
8065,1,15,271,1,131071,1,0.99722,True,True,True
8067,1,19,275,3,-131073,1,0.99979,True,True,True
8071,1,19,275,3,-131073,0,0.99976,True,True,True
8077,1,16,272,1,131071,2,0.99992,True,True,True
8080,1,18,274,0,131072,1,0.9999,True,True,True
8083,1,19,275,3,-131073,3,0.99981,True,True,True
8088,1,18,274,0,131072,3,0.99731,True,True,True
8090,1,19,275,2,-131072,0,0.99841,True,True,True
8092,1,18,274,0,131072,0,0.99086,True,True,True
8093,1,16,272,1,131071,1,0.99937,True,True,True
8095,1,19,275,3,-131073,3,0.99979,True,True,True
8097,1,16,272,1,131071,3,0.99785,True,True,True
8099,1,19,275,3,-131073,5,0.99973,True,True,True
8100,1,18,274,0,131072,2,0.99549,True,True,True
8103,1,20,276,3,-131073,2,0.99335,True,True,True
8104,1,18,274,0,131072,0,0.99994,True,True,True
8106,1,19,275,2,-131072,0,0.997,True,True,True
8111,1,20,276,3,-131073,1,0.99991,True,True,True
8114,1,19,275,2,-131072,0,0.99837,True,True,True
8115,1,20,276,3,-131073,4,0.99774,True,True,True
8117,1,17,273,1,131071,3,0.9985,True,True,True
8120,1,18,274,0,131072,1,0.99998,True,True,True
8121,1,17,273,1,131071,1,0.99961,True,True,True
8122,1,20,276,2,-131072,4,0.99671,True,True,True
8123,1,20,276,3,-131073,1,0.99996,True,True,True
8124,1,19,275,0,131072,4,0.99971,True,True,True
8132,1,19,275,0,131072,0,0.99601,True,True,True
8141,1,18,274,1,131071,1,0.99892,True,True,True
8143,1,21,277,3,-131073,0,0.998,True,True,True
8144,1,19,275,0,131072,1,0.99983,True,True,True
8145,1,18,274,1,131071,3,0.99915,True,True,True
8148,1,19,275,0,131072,2,0.99405,True,True,True
8153,1,18,274,1,131071,3,0.9969,True,True,True
8155,1,21,277,3,-131073,2,0.99995,True,True,True
8158,1,20,276,2,-131072,2,0.99632,True,True,True
8161,1,18,274,1,131071,2,0.99931,True,True,True
8165,1,18,274,1,131071,3,0.99738,True,True,True
8166,1,21,277,2,-131072,1,0.99778,True,True,True
8167,1,21,277,3,-131073,5,0.99949,True,True,True
8168,1,19,275,0,131072,0,0.9986,True,True,True
8172,1,20,276,0,131072,3,0.99908,True,True,True
8176,1,20,276,0,131072,4,0.99922,True,True,True
8177,1,19,275,1,131071,1,0.99819,True,True,True
8180,1,20,276,0,131072,0,0.99804,True,True,True
8181,1,19,275,1,131071,0,0.99875,True,True,True
8184,1,21,277,0,131072,2,0.99971,True,True,True
8186,1,21,277,2,-131072,2,0.99653,True,True,True
8191,1,22,278,3,-131073,0,0.99962,True,True,True
8192,1,21,277,0,131072,4,0.99965,True,True,True
8194,1,21,277,2,-131072,2,0.99134,True,True,True
8204,1,21,277,0,131072,3,0.99882,True,True,True
8209,1,20,276,1,131071,2,0.99941,True,True,True
8212,1,21,277,0,131072,5,0.99933,True,True,True
8214,1,22,278,2,-131072,5,0.99718,True,True,True
8216,1,21,277,0,131072,2,0.99935,True,True,True
8217,1,20,276,1,131071,4,0.99948,True,True,True
8227,1,23,279,3,-131073,0,0.99911,True,True,True
8230,1,22,278,2,-131072,4,0.99915,True,True,True
8232,1,21,277,0,131072,1,0.99979,True,True,True
8234,1,22,278,2,-131072,4,0.99979,True,True,True
8236,1,22,278,0,131072,1,0.99961,True,True,True
8239,1,23,279,3,-131073,2,0.99672,True,True,True
8241,1,21,277,1,131071,0,0.99773,True,True,True
8243,1,23,279,3,-131073,4,0.99976,True,True,True
8244,1,22,278,0,131072,1,0.99061,True,True,True
8246,1,23,279,2,-131072,4,0.9965,True,True,True
8247,1,23,279,3,-131073,2,0.99982,True,True,True
8263,1,24,280,3,-131073,1,0.99863,True,True,True
8264,1,22,278,0,131072,2,0.99985,True,True,True
8274,1,23,279,2,-131072,1,0.99503,True,True,True
8275,1,25,281,3,-131073,1,0.99982,True,True,True
8277,1,21,277,1,131071,1,0.99895,True,True,True
8278,1,24,280,2,-131072,0,0.99917,True,True,True
8279,1,25,281,3,-131073,5,0.99996,True,True,True
8282,1,24,280,2,-131072,1,0.999,True,True,True
8287,1,25,281,3,-131073,1,0.9993,True,True,True
8288,1,23,279,0,131072,4,0.99917,True,True,True
8292,1,23,279,0,131072,2,0.99754,True,True,True
8294,1,24,280,2,-131072,3,0.99849,True,True,True
8298,1,24,280,2,-131072,1,0.99419,True,True,True
8299,1,26,282,3,-131073,3,0.99993,True,True,True
8301,1,23,279,1,131071,2,0.99978,True,True,True
8302,1,24,280,2,-131072,2,0.99626,True,True,True
8306,1,25,281,2,-131072,1,0.9956,True,True,True
8307,1,26,282,3,-131073,4,0.99987,True,True,True
8309,1,23,279,1,131071,2,0.9959,True,True,True
8312,1,24,280,0,131072,2,0.99937,True,True,True
8313,1,23,279,1,131071,1,0.99853,True,True,True
8314,1,25,281,2,-131072,4,0.99824,True,True,True
8321,1,23,279,1,131071,2,0.99353,True,True,True
8322,1,25,281,2,-131072,1,0.99902,True,True,True
8323,1,26,282,3,-131073,1,0.99942,True,True,True
8324,1,24,280,0,131072,2,0.99992,True,True,True
8327,1,27,283,3,-131073,2,0.99996,True,True,True
8328,1,24,280,0,131072,1,0.99815,True,True,True
8330,1,25,281,2,-131072,2,0.99682,True,True,True
8336,1,24,280,0,131072,2,0.99664,True,True,True
8337,1,24,280,1,131071,2,0.99227,True,True,True
8339,1,27,283,3,-131073,3,0.99954,True,True,True
8340,1,24,280,0,131072,1,0.99993,True,True,True
8345,1,24,280,1,131071,0,0.99918,True,True,True
8357,1,24,280,1,131071,2,0.99989,True,True,True
8359,1,28,284,3,-131073,2,0.99958,True,True,True
8362,1,26,282,2,-131072,3,0.99986,True,True,True
8365,1,25,281,1,131071,2,0.99972,True,True,True
8368,1,25,281,0,131072,0,0.99986,True,True,True
8376,1,26,282,0,131072,2,0.99678,True,True,True
8378,1,27,283,2,-131072,0,0.99353,True,True,True
8382,1,27,283,2,-131072,1,0.99484,True,True,True
8391,1,29,285,3,-131073,0,0.99994,True,True,True
8398,1,27,283,2,-131072,2,0.99357,True,True,True
8400,1,26,282,0,131072,0,0.99636,True,True,True
8404,1,26,282,0,131072,3,0.99879,True,True,True
8407,1,29,285,3,-131073,2,0.99985,True,True,True
8409,1,26,282,1,131071,0,0.99475,True,True,True
8412,1,27,283,0,131072,1,0.99985,True,True,True
8418,1,28,284,2,-131072,0,0.99971,True,True,True
8423,1,29,285,3,-131073,1,0.99961,True,True,True
8424,1,27,283,0,131072,0,0.99761,True,True,True
8426,1,28,284,2,-131072,0,0.99886,True,True,True
8428,1,27,283,0,131072,1,0.99932,True,True,True
8429,1,27,283,1,131071,1,0.99924,True,True,True
8432,1,27,283,0,131072,1,0.99885,True,True,True
8433,1,27,283,1,131071,2,0.99929,True,True,True
8437,1,27,283,1,131071,2,0.99938,True,True,True
8444,1,27,283,0,131072,2,0.99774,True,True,True
8446,1,29,285,2,-131072,1,0.99417,True,True,True
8450,1,29,285,2,-131072,0,0.99204,True,True,True
8453,1,28,284,1,131071,1,0.99984,True,True,True
8456,1,28,284,0,131072,3,0.99836,True,True,True
8465,1,28,284,1,131071,0,0.997,True,True,True
8469,1,28,284,1,131071,3,0.99805,True,True,True
8475,1,30,286,3,-131073,0,0.9959,True,True,True
8481,1,29,285,1,131071,2,0.99518,True,True,True
8482,1,30,286,2,-131072,2,0.99818,True,True,True
8483,1,30,286,3,-131073,2,0.99992,True,True,True
8487,1,30,286,3,-131073,1,0.99948,True,True,True
8489,1,29,285,1,131071,2,0.99966,True,True,True
8493,1,29,285,1,131071,0,0.99836,True,True,True
8494,1,30,286,2,-131072,3,0.99643,True,True,True
8510,1,31,287,2,-131072,1,0.99618,True,True,True
8529,1,30,286,1,131071,2,0.99762,True,True,True
8530,1,32,288,2,-131072,0,0.99909,True,True,True
8532,1,31,287,0,131072,4,0.9982,True,True,True
8536,1,31,287,0,131072,2,0.99406,True,True,True
8538,1,32,288,2,-131072,4,0.99793,True,True,True
8543,1,33,289,3,-131073,0,0.9995,True,True,True
8553,1,31,287,1,131071,1,0.99623,True,True,True
8564,1,32,288,0,131072,2,0.99941,True,True,True
8577,1,32,288,1,131071,3,0.9994,True,True,True
8579,1,33,289,3,-131073,2,0.99846,True,True,True
8582,1,33,289,2,-131072,2,0.9929,True,True,True
8586,1,33,289,2,-131072,3,0.99973,True,True,True
8589,1,32,288,1,131071,2,0.99846,True,True,True
8590,1,34,290,2,-131072,1,0.99179,True,True,True
8591,1,34,290,3,-131073,0,0.99975,True,True,True
8592,1,33,289,0,131072,1,0.99994,True,True,True
8595,1,34,290,3,-131073,1,0.99951,True,True,True
8598,1,34,290,2,-131072,4,0.99162,True,True,True
8603,1,34,290,3,-131073,1,0.99956,True,True,True
8604,1,33,289,0,131072,1,0.99936,True,True,True
8606,1,34,290,2,-131072,1,0.99934,True,True,True
8608,1,33,289,0,131072,2,0.99954,True,True,True
8612,1,33,289,0,131072,1,0.99965,True,True,True
8621,1,32,288,1,131071,2,0.99893,True,True,True
8622,1,34,290,2,-131072,2,0.9927,True,True,True
8623,1,34,290,3,-131073,2,0.99989,True,True,True
8625,1,33,289,1,131071,1,0.99985,True,True,True
8629,1,33,289,1,131071,5,0.99814,True,True,True
8635,1,35,291,3,-131073,2,0.99251,True,True,True
8640,1,34,290,0,131072,0,0.99133,True,True,True
8641,1,33,289,1,131071,1,0.99503,True,True,True
8643,1,35,291,3,-131073,0,0.99976,True,True,True
8649,1,34,290,1,131071,2,0.99655,True,True,True
8655,1,35,291,3,-131073,0,0.99993,True,True,True
8660,1,35,291,0,131072,3,0.99983,True,True,True
8664,1,35,291,0,131072,0,0.99927,True,True,True
8671,1,36,292,3,-131073,0,0.99793,True,True,True
8680,1,35,291,0,131072,2,0.99983,True,True,True
8697,1,36,292,1,131071,1,0.99975,True,True,True
8708,1,36,292,0,131072,0,0.99736,True,True,True
8711,1,37,293,3,-131073,1,0.99908,True,True,True
8713,1,37,293,1,131071,1,0.99965,True,True,True
8714,1,37,293,2,-131072,7,0.99763,True,True,True
8720,1,37,293,0,131072,0,0.99986,True,True,True
8731,1,37,293,3,-131073,2,0.99861,True,True,True
8741,1,37,293,1,131071,2,0.99382,True,True,True
8749,1,38,294,1,131071,3,0.99984,True,True,True
8750,1,38,294,2,-131072,0,0.99888,True,True,True
8751,1,38,294,3,-131073,1,0.99956,True,True,True
8755,1,38,294,3,-131073,0,0.99995,True,True,True
8756,1,37,293,0,131072,1,0.99927,True,True,True
8757,1,38,294,1,131071,2,0.99992,True,True,True
8761,1,38,294,1,131071,2,0.99851,True,True,True
8764,1,38,294,0,131072,3,0.99804,True,True,True
8771,1,39,295,3,-131073,3,0.99945,True,True,True
8774,1,39,295,2,-131072,2,0.99092,True,True,True
8781,1,39,295,1,131071,1,0.99633,True,True,True
8783,1,39,295,3,-131073,2,0.9997,True,True,True
8784,1,38,294,0,131072,1,0.99829,True,True,True
8785,1,40,296,1,131071,1,0.99724,True,True,True
8786,1,39,295,2,-131072,2,0.99644,True,True,True
8787,1,39,295,3,-131073,1,0.9995,True,True,True
8790,1,39,295,2,-131072,2,0.99921,True,True,True
8791,1,39,295,3,-131073,2,0.9998,True,True,True
8799,1,39,295,3,-131073,1,0.99931,True,True,True
8803,1,40,296,3,-131073,1,0.99984,True,True,True
8807,1,40,296,3,-131073,1,0.99995,True,True,True
8825,1,41,297,1,131071,4,0.99389,True,True,True
8828,1,40,296,0,131072,1,0.99994,True,True,True
8838,1,40,296,2,-131072,3,0.99897,True,True,True
8847,1,41,297,3,-131073,1,0.99988,True,True,True
8848,1,40,296,0,131072,1,0.99969,True,True,True
8863,1,41,297,3,-131073,8,0.99996,True,True,True
8867,1,41,297,3,-131073,1,0.99962,True,True,True
8871,1,41,297,3,-131073,2,0.99992,True,True,True
8874,1,41,297,2,-131072,1,0.99501,True,True,True
8876,1,41,297,0,131072,2,0.99783,True,True,True
8883,1,42,298,3,-131073,1,0.9954,True,True,True
8885,1,43,299,1,131071,1,0.99967,True,True,True
8887,1,42,298,3,-131073,0,0.99991,True,True,True
8888,1,42,298,0,131072,3,0.99854,True,True,True
8890,1,42,298,2,-131072,3,0.99872,True,True,True
8893,1,43,299,1,131071,0,0.99988,True,True,True
8898,1,42,298,2,-131072,2,0.99201,True,True,True
8899,1,42,298,3,-131073,0,0.99983,True,True,True
8900,1,42,298,0,131072,1,0.99959,True,True,True
8902,1,42,298,2,-131072,2,0.99928,True,True,True
8903,1,42,298,3,-131073,2,0.99986,True,True,True
8917,1,44,300,1,131071,3,0.99508,True,True,True
8919,1,42,298,3,-131073,2,0.99984,True,True,True
8921,1,44,300,1,131071,0,0.99824,True,True,True
8925,1,44,300,1,131071,1,0.99767,True,True,True
8928,1,44,300,0,131072,2,0.99976,True,True,True
8931,1,43,299,3,-131073,3,0.99977,True,True,True
8934,1,43,299,2,-131072,0,0.99995,True,True,True
8937,1,45,301,1,131071,2,0.99522,True,True,True
8940,1,44,300,0,131072,3,0.9998,True,True,True
8942,1,44,300,2,-131072,1,0.99443,True,True,True
8943,1,43,299,3,-131073,4,0.99944,True,True,True
8944,1,44,300,0,131072,2,0.99943,True,True,True
8945,1,45,301,1,131071,1,0.99641,True,True,True
8953,1,45,301,1,131071,2,0.99668,True,True,True
8956,1,45,301,0,131072,0,0.99663,True,True,True
8968,1,45,301,0,131072,6,0.99676,True,True,True
8972,1,45,301,0,131072,2,0.99222,True,True,True
8978,1,45,301,2,-131072,3,0.9983,True,True,True
8981,1,46,302,1,131071,2,0.99416,True,True,True
8992,1,46,302,0,131072,1,0.99773,True,True,True
8996,1,46,302,0,131072,4,0.99947,True,True,True
8998,1,46,302,2,-131072,3,0.99751,True,True,True
9011,1,45,301,3,-131073,2,0.99992,True,True,True
9020,1,47,303,0,131072,2,0.99973,True,True,True
9025,1,46,302,1,131071,5,0.9982,True,True,True
9026,1,47,303,2,-131072,0,0.99903,True,True,True
9035,1,46,302,3,-131073,3,0.99992,True,True,True
9036,1,47,303,0,131072,0,0.99992,True,True,True
9040,1,48,304,0,131072,3,0.99392,True,True,True
9044,1,48,304,0,131072,4,0.99729,True,True,True
9045,1,47,303,1,131071,1,0.99334,True,True,True
9050,1,48,304,2,-131072,0,0.99459,True,True,True
9051,1,47,303,3,-131073,2,0.99914,True,True,True
9058,1,48,304,2,-131072,0,0.99571,True,True,True
9059,1,47,303,3,-131073,1,0.99996,True,True,True
9060,1,48,304,0,131072,0,0.9996,True,True,True
9063,1,47,303,3,-131073,0,0.99858,True,True,True
9064,1,49,305,0,131072,0,0.99897,True,True,True
9066,1,48,304,2,-131072,3,0.99958,True,True,True
9067,1,47,303,3,-131073,0,0.99986,True,True,True
9073,1,48,304,1,131071,1,0.99813,True,True,True
9074,1,48,304,2,-131072,5,0.9996,True,True,True
9089,1,48,304,1,131071,0,0.99802,True,True,True
9101,1,49,305,1,131071,1,0.99711,True,True,True
9103,1,48,304,3,-131073,1,0.9916,True,True,True
9105,1,49,305,1,131071,1,0.99753,True,True,True
9112,1,50,306,0,131072,1,0.99962,True,True,True
9115,1,49,305,3,-131073,0,0.99978,True,True,True
9116,1,50,306,0,131072,0,0.99971,True,True,True
9117,1,49,305,1,131071,1,0.99937,True,True,True
9120,1,50,306,0,131072,0,0.99905,True,True,True
9123,1,49,305,3,-131073,2,0.99795,True,True,True
9127,1,49,305,3,-131073,1,0.99977,True,True,True
9128,1,50,306,0,131072,0,0.99938,True,True,True
9134,1,50,306,2,-131072,3,0.99478,True,True,True
9140,1,51,307,0,131072,4,0.99133,True,True,True
9141,1,49,305,1,131071,0,0.99691,True,True,True
9155,1,50,306,3,-131073,1,0.99844,True,True,True
9163,1,50,306,3,-131073,1,0.99876,True,True,True
9172,1,52,308,0,131072,5,0.99112,True,True,True
9177,1,50,306,1,131071,2,0.99879,True,True,True
9180,1,52,308,0,131072,2,0.99668,True,True,True
9181,1,51,307,1,131071,2,0.99951,True,True,True
9183,1,51,307,3,-131073,0,0.99993,True,True,True
9185,1,51,307,1,131071,0,0.99925,True,True,True
9188,1,52,308,0,131072,2,0.99969,True,True,True
9194,1,53,309,2,-131072,6,0.99726,True,True,True
9195,1,52,308,3,-131073,0,0.99694,True,True,True
9203,1,52,308,3,-131073,1,0.99995,True,True,True
9207,1,52,308,3,-131073,0,0.99877,True,True,True
9209,1,52,308,1,131071,2,0.99733,True,True,True
9215,1,52,308,3,-131073,2,0.99987,True,True,True
9217,1,52,308,1,131071,2,0.99889,True,True,True
9219,1,52,308,3,-131073,3,0.99994,True,True,True
9222,1,53,309,2,-131072,1,0.99852,True,True,True
9223,1,52,308,3,-131073,4,0.99944,True,True,True
9225,1,52,308,1,131071,0,0.99076,True,True,True
9230,1,54,310,2,-131072,2,0.99625,True,True,True
9231,1,53,309,3,-131073,1,0.99714,True,True,True
9236,1,54,310,0,131072,2,0.99881,True,True,True
9237,1,53,309,1,131071,2,0.99989,True,True,True
9247,1,53,309,3,-131073,2,0.99992,True,True,True
9249,1,53,309,1,131071,4,0.99527,True,True,True
9252,1,54,310,0,131072,4,0.99849,True,True,True
9255,1,53,309,3,-131073,1,0.99873,True,True,True
9261,1,54,310,1,131071,1,0.9984,True,True,True
9262,1,55,311,2,-131072,1,0.99722,True,True,True
9270,1,55,311,2,-131072,1,0.99398,True,True,True
9273,1,54,310,1,131071,0,0.99869,True,True,True
9274,1,55,311,2,-131072,1,0.99948,True,True,True
9276,1,55,311,0,131072,0,0.99808,True,True,True
9277,1,54,310,1,131071,1,0.99077,True,True,True
9280,1,55,311,0,131072,2,0.99894,True,True,True
9282,1,56,312,2,-131072,0,0.99343,True,True,True
9291,1,54,310,3,-131073,0,0.99969,True,True,True
9296,1,56,312,0,131072,3,0.99873,True,True,True
9299,1,55,311,3,-131073,2,0.99994,True,True,True
9303,1,55,311,3,-131073,1,0.9996,True,True,True
9304,1,56,312,0,131072,0,0.99961,True,True,True
9308,1,56,312,0,131072,3,0.99991,True,True,True
9314,1,57,313,2,-131072,1,0.99278,True,True,True
9316,1,57,313,0,131072,0,0.99976,True,True,True
9317,1,56,312,1,131071,2,0.99501,True,True,True
9319,1,55,311,3,-131073,3,0.99968,True,True,True
9323,1,55,311,3,-131073,1,0.99976,True,True,True
9324,1,57,313,0,131072,1,0.99969,True,True,True
9329,1,56,312,1,131071,1,0.99353,True,True,True
9332,1,57,313,0,131072,1,0.99906,True,True,True
9337,1,56,312,1,131071,2,0.9909,True,True,True
9338,1,58,314,2,-131072,0,0.99793,True,True,True
9339,1,55,311,3,-131073,0,0.99962,True,True,True
9349,1,57,313,1,131071,0,0.99693,True,True,True
9355,1,56,312,3,-131073,0,0.99943,True,True,True
9358,1,58,314,2,-131072,1,0.99621,True,True,True
9364,1,58,314,0,131072,4,0.99989,True,True,True
9366,1,59,315,2,-131072,1,0.99868,True,True,True
9368,1,58,314,0,131072,0,0.99784,True,True,True
9379,1,57,313,3,-131073,9,0.9981,True,True,True
9382,1,59,315,2,-131072,1,0.99566,True,True,True
9387,1,57,313,3,-131073,4,0.99903,True,True,True
9393,1,58,314,1,131071,1,0.99908,True,True,True
9401,1,58,314,1,131071,0,0.99697,True,True,True
9407,1,57,313,3,-131073,2,0.99911,True,True,True
9409,1,58,314,1,131071,3,0.99927,True,True,True
9417,1,58,314,1,131071,1,0.99915,True,True,True
9425,1,58,314,1,131071,3,0.99958,True,True,True
9427,1,58,314,3,-131073,0,0.99988,True,True,True
9429,1,58,314,1,131071,1,0.99945,True,True,True
9438,1,61,317,2,-131072,1,0.99026,True,True,True
9445,1,59,315,1,131071,3,0.99817,True,True,True
9454,1,61,317,2,-131072,3,0.99779,True,True,True
9459,1,59,315,3,-131073,0,0.99962,True,True,True
9466,1,61,317,2,-131072,1,0.99251,True,True,True
9473,1,60,316,1,131071,2,0.99968,True,True,True
9489,1,61,317,1,131071,1,0.99915,True,True,True
9493,1,61,317,1,131071,0,0.99964,True,True,True
9496,1,63,319,0,131072,3,0.99933,True,True,True
9498,1,63,319,2,-131072,0,0.99426,True,True,True
9500,1,63,319,0,131072,1,0.99754,True,True,True
9503,1,62,318,3,-131073,1,0.99951,True,True,True
9516,1,63,319,0,131072,0,0.9999,True,True,True
9517,1,62,318,1,131071,3,0.99485,True,True,True
9521,1,62,318,1,131071,3,0.99972,True,True,True
9522,1,64,320,2,-131072,2,0.99729,True,True,True
9526,1,64,320,2,-131072,2,0.99822,True,True,True
9528,1,64,320,0,131072,0,0.99975,True,True,True
9530,1,64,320,2,-131072,2,0.99721,True,True,True
9531,1,63,319,3,-131073,1,0.9985,True,True,True
9540,1,64,320,0,131072,0,0.99989,True,True,True
9543,1,63,319,3,-131073,3,0.99973,True,True,True
9549,1,63,319,1,131071,3,0.99922,True,True,True
9554,1,65,321,2,-131072,1,0.99722,True,True,True
9556,1,64,320,0,131072,3,0.99611,True,True,True
9557,1,63,319,1,131071,4,0.99778,True,True,True
9560,1,64,320,0,131072,0,0.99523,True,True,True
9564,1,64,320,0,131072,2,0.99997,True,True,True
9571,1,64,320,3,-131073,0,0.99885,True,True,True
9573,1,63,319,1,131071,3,0.99959,True,True,True
9574,1,65,321,2,-131072,1,0.99614,True,True,True
9580,1,64,320,0,131072,2,0.99966,True,True,True
9582,1,65,321,2,-131072,1,0.99967,True,True,True
9588,1,65,321,0,131072,1,0.99981,True,True,True
9590,1,66,322,2,-131072,4,0.99969,True,True,True
9595,1,65,321,3,-131073,3,0.99993,True,True,True
9598,1,66,322,2,-131072,3,0.99906,True,True,True
9601,1,64,320,1,131071,2,0.99956,True,True,True
9604,1,65,321,0,131072,0,0.99272,True,True,True
9615,1,66,322,3,-131073,2,0.99873,True,True,True
9617,1,65,321,1,131071,4,0.99933,True,True,True
9620,1,66,322,0,131072,2,0.99994,True,True,True
9623,1,67,323,3,-131073,2,0.99924,True,True,True
9624,1,67,323,0,131072,4,0.99952,True,True,True
9628,1,67,323,0,131072,0,0.99985,True,True,True
9629,1,65,321,1,131071,4,0.99969,True,True,True
9632,1,67,323,0,131072,2,0.99807,True,True,True
9634,1,67,323,2,-131072,1,0.99773,True,True,True
9635,1,67,323,3,-131073,3,0.99822,True,True,True
9637,1,66,322,1,131071,1,0.99757,True,True,True
9641,1,66,322,1,131071,1,0.99872,True,True,True
9645,1,66,322,1,131071,2,0.9969,True,True,True
9650,1,68,324,2,-131072,2,0.99812,True,True,True
9656,1,68,324,0,131072,1,0.99946,True,True,True
9657,1,66,322,1,131071,2,0.99966,True,True,True
9660,1,68,324,0,131072,3,0.99966,True,True,True
9661,1,67,323,1,131071,1,0.99874,True,True,True
9663,1,68,324,3,-131073,2,0.99944,True,True,True
9666,1,68,324,2,-131072,2,0.99487,True,True,True
9668,1,68,324,0,131072,1,0.99653,True,True,True
9673,1,68,324,1,131071,2,0.99938,True,True,True
9674,1,69,325,2,-131072,3,0.99037,True,True,True
9675,1,68,324,3,-131073,5,0.99979,True,True,True
9683,1,69,325,3,-131073,2,0.99861,True,True,True
9686,1,69,325,2,-131072,1,0.99526,True,True,True
9693,1,68,324,1,131071,2,0.99975,True,True,True
9694,1,69,325,2,-131072,1,0.99704,True,True,True
9695,1,69,325,3,-131073,2,0.9959,True,True,True
9708,1,70,326,0,131072,1,0.9999,True,True,True
9726,1,71,327,2,-131072,1,0.99226,True,True,True
9732,1,71,327,0,131072,1,0.99921,True,True,True
9735,1,71,327,3,-131073,2,0.99735,True,True,True
9745,1,70,326,1,131071,3,0.99979,True,True,True
9746,1,71,327,2,-131072,1,0.99757,True,True,True
9749,1,70,326,1,131071,2,0.99776,True,True,True
9751,1,71,327,3,-131073,2,0.99863,True,True,True
9758,1,72,328,2,-131072,3,0.99412,True,True,True
9761,1,71,327,1,131071,1,0.99885,True,True,True
9768,1,72,328,0,131072,1,0.99967,True,True,True
9776,1,72,328,0,131072,1,0.99935,True,True,True
9777,1,71,327,1,131071,1,0.99916,True,True,True
9778,1,72,328,2,-131072,0,0.99588,True,True,True
9782,1,72,328,2,-131072,8,0.99988,True,True,True
9786,1,73,329,2,-131072,3,0.99511,True,True,True
9787,1,72,328,3,-131073,2,0.99892,True,True,True
9792,1,73,329,0,131072,3,0.99535,True,True,True
9793,1,72,328,1,131071,4,0.99402,True,True,True
9794,1,73,329,2,-131072,1,0.99907,True,True,True
9796,1,73,329,0,131072,1,0.99948,True,True,True
9797,1,72,328,1,131071,2,0.99611,True,True,True
9798,1,73,329,2,-131072,1,0.99949,True,True,True
9801,1,72,328,1,131071,1,0.99686,True,True,True
9802,1,73,329,2,-131072,2,0.99674,True,True,True
9806,1,73,329,2,-131072,2,0.99987,True,True,True
9808,1,73,329,0,131072,2,0.99989,True,True,True
9813,1,73,329,1,131071,0,0.99896,True,True,True
9816,1,73,329,0,131072,0,0.99772,True,True,True
9817,1,73,329,1,131071,3,0.99806,True,True,True
9819,1,74,330,3,-131073,4,0.9995,True,True,True
9821,1,73,329,1,131071,0,0.99774,True,True,True
9825,1,73,329,1,131071,0,0.99834,True,True,True
9830,1,74,330,2,-131072,2,0.99319,True,True,True
9832,1,75,331,0,131072,1,0.99898,True,True,True
9840,1,75,331,0,131072,0,0.99968,True,True,True
9847,1,74,330,3,-131073,1,0.99949,True,True,True
9850,1,75,331,2,-131072,2,0.99363,True,True,True
9851,1,75,331,3,-131073,1,0.99978,True,True,True
9856,1,75,331,0,131072,1,0.99692,True,True,True
9857,1,74,330,1,131071,7,0.99932,True,True,True
9863,1,75,331,3,-131073,6,0.99975,True,True,True
9865,1,74,330,1,131071,4,0.99966,True,True,True
9870,1,75,331,2,-131072,2,0.99707,True,True,True
9875,1,75,331,3,-131073,2,0.99966,True,True,True
9881,1,75,331,1,131071,3,0.99887,True,True,True
9882,1,75,331,2,-131072,3,0.99292,True,True,True
9883,1,76,332,3,-131073,0,0.99998,True,True,True
9884,1,76,332,0,131072,1,0.99625,True,True,True
9888,1,76,332,0,131072,0,0.99994,True,True,True
9892,1,76,332,0,131072,1,0.99995,True,True,True
9894,1,76,332,2,-131072,2,0.99902,True,True,True
9898,1,76,332,2,-131072,0,0.99291,True,True,True
9901,1,77,333,1,131071,1,0.99952,True,True,True
9906,1,76,332,2,-131072,3,0.99955,True,True,True
9908,1,77,333,0,131072,0,0.99992,True,True,True
9916,1,77,333,0,131072,0,0.99622,True,True,True
9919,1,77,333,3,-131073,3,0.99699,True,True,True
9920,1,77,333,0,131072,1,0.99861,True,True,True
9933,1,78,334,1,131071,3,0.99912,True,True,True
9935,1,78,334,3,-131073,4,0.99992,True,True,True
9940,1,78,334,0,131072,0,0.99939,True,True,True
9944,1,78,334,0,131072,4,0.99965,True,True,True
9946,1,77,333,2,-131072,1,0.9979,True,True,True
9949,1,78,334,1,131071,1,0.99969,True,True,True
9951,1,79,335,3,-131073,3,0.99937,True,True,True
9971,1,79,335,3,-131073,1,0.99948,True,True,True
9972,1,79,335,0,131072,2,0.99487,True,True,True
9976,1,80,336,0,131072,2,0.99921,True,True,True
9978,1,78,334,2,-131072,0,0.9985,True,True,True
9984,1,80,336,0,131072,2,0.99557,True,True,True
9986,1,78,334,2,-131072,4,0.99559,True,True,True
9989,1,81,337,1,131071,0,0.99198,True,True,True
9991,1,80,336,3,-131073,4,0.99971,True,True,True
9996,1,80,336,0,131072,1,0.9998,True,True,True
10007,1,80,336,3,-131073,1,0.99998,True,True,True
10008,1,81,337,0,131072,3,0.99969,True,True,True
10020,1,81,337,0,131072,2,0.99799,True,True,True
10023,1,81,337,3,-131073,3,0.9996,True,True,True
10025,1,82,338,1,131071,1,0.99698,True,True,True
10027,1,81,337,3,-131073,6,0.99988,True,True,True
10031,1,81,337,3,-131073,3,0.99734,True,True,True
10036,1,81,337,0,131072,1,0.99977,True,True,True
10040,1,81,337,0,131072,0,0.99999,True,True,True
10044,1,81,337,0,131072,2,0.99985,True,True,True
10048,1,82,338,0,131072,1,0.99698,True,True,True
10049,1,83,339,1,131071,4,0.99496,True,True,True
10052,1,82,338,0,131072,2,0.99991,True,True,True
10054,1,80,336,2,-131072,2,0.99923,True,True,True
10055,1,82,338,3,-131073,3,0.99983,True,True,True
10056,1,82,338,0,131072,1,0.99937,True,True,True
10064,1,82,338,0,131072,1,0.99004,True,True,True
10071,1,83,339,3,-131073,9,0.99921,True,True,True
10073,1,83,339,1,131071,0,0.99293,True,True,True
10092,1,83,339,0,131072,0,0.9998,True,True,True
10094,1,81,337,2,-131072,0,0.99811,True,True,True
10100,1,83,339,0,131072,0,0.99559,True,True,True
10101,1,84,340,1,131071,3,0.99973,True,True,True
10107,1,84,340,3,-131073,1,0.99976,True,True,True
10108,1,83,339,0,131072,1,0.99533,True,True,True
10109,1,84,340,1,131071,2,0.99621,True,True,True
10120,1,84,340,0,131072,3,0.99769,True,True,True
10121,1,84,340,1,131071,5,0.99986,True,True,True
10124,1,84,340,0,131072,1,0.99918,True,True,True
10126,1,82,338,2,-131072,1,0.99936,True,True,True
10129,1,85,341,1,131071,0,0.99987,True,True,True
10132,1,84,340,0,131072,4,0.99918,True,True,True
10134,1,82,338,2,-131072,2,0.99277,True,True,True
10138,1,82,338,2,-131072,1,0.99551,True,True,True
10143,1,85,341,3,-131073,0,0.99988,True,True,True
10147,1,85,341,3,-131073,2,0.99726,True,True,True
10157,1,87,343,1,131071,0,0.99898,True,True,True
10159,1,85,341,3,-131073,0,0.99864,True,True,True
10160,1,85,341,0,131072,3,0.99819,True,True,True
10163,1,85,341,3,-131073,3,0.99971,True,True,True
10166,1,83,339,2,-131072,2,0.99523,True,True,True
10171,1,86,342,3,-131073,3,0.99997,True,True,True
10173,1,87,343,1,131071,1,0.99991,True,True,True
10174,1,83,339,2,-131072,3,0.99485,True,True,True
10181,1,87,343,1,131071,0,0.99304,True,True,True
10183,1,86,342,3,-131073,1,0.99994,True,True,True
10184,1,86,342,0,131072,5,0.99915,True,True,True
10189,1,88,344,1,131071,3,0.99429,True,True,True
10190,1,84,340,2,-131072,1,0.99682,True,True,True
10195,1,87,343,3,-131073,3,0.99997,True,True,True
10198,1,84,340,2,-131072,3,0.99616,True,True,True
10199,1,87,343,3,-131073,2,0.99995,True,True,True
10203,1,87,343,3,-131073,2,0.99976,True,True,True
10205,1,88,344,1,131071,0,0.99292,True,True,True
10206,1,84,340,2,-131072,2,0.99883,True,True,True
10207,1,87,343,3,-131073,4,0.99765,True,True,True
10208,1,86,342,0,131072,2,0.99886,True,True,True
10212,1,86,342,0,131072,1,0.99969,True,True,True
10213,1,88,344,1,131071,4,0.99361,True,True,True
10215,1,87,343,3,-131073,3,0.99992,True,True,True
10216,1,86,342,0,131072,5,0.99941,True,True,True
10223,1,88,344,3,-131073,3,0.99948,True,True,True
10233,1,89,345,1,131071,1,0.99749,True,True,True
10235,1,88,344,3,-131073,2,0.99951,True,True,True
10236,1,87,343,0,131072,0,0.99767,True,True,True
10240,1,87,343,0,131072,1,0.99836,True,True,True
10241,1,90,346,1,131071,5,0.9993,True,True,True
10246,1,85,341,2,-131072,2,0.99777,True,True,True
10250,1,85,341,2,-131072,3,0.99598,True,True,True
10262,1,85,341,2,-131072,2,0.99909,True,True,True
10266,1,85,341,2,-131072,2,0.9992,True,True,True
10268,1,88,344,0,131072,2,0.9966,True,True,True
10269,1,91,347,1,131071,7,0.9962,True,True,True
10271,1,90,346,3,-131073,2,0.99995,True,True,True
10273,1,91,347,1,131071,1,0.99997,True,True,True
10274,1,85,341,2,-131072,2,0.99634,True,True,True
10278,1,86,342,2,-131072,5,0.9917,True,True,True
10281,1,91,347,1,131071,2,0.99814,True,True,True
10285,1,92,348,1,131071,3,0.99532,True,True,True
10297,1,92,348,1,131071,1,0.99883,True,True,True
10301,1,93,349,1,131071,2,0.99895,True,True,True
10302,1,87,343,2,-131072,2,0.9987,True,True,True
10304,1,89,345,0,131072,0,0.9987,True,True,True
10311,1,91,347,3,-131073,3,0.99999,True,True,True
10316,1,89,345,0,131072,3,0.99997,True,True,True
10317,1,93,349,1,131071,2,0.99982,True,True,True
10320,1,89,345,0,131072,3,0.99981,True,True,True
10321,1,93,349,1,131071,4,0.99418,True,True,True
10322,1,87,343,2,-131072,3,0.99679,True,True,True
10325,1,93,349,1,131071,2,0.99939,True,True,True
10329,1,93,349,1,131071,5,0.99851,True,True,True
10330,1,88,344,2,-131072,1,0.99391,True,True,True
10332,1,90,346,0,131072,3,0.99953,True,True,True
10335,1,93,349,3,-131073,4,0.99996,True,True,True
10347,1,93,349,3,-131073,4,0.99985,True,True,True
10349,1,93,349,1,131071,2,0.99972,True,True,True
10355,1,93,349,3,-131073,3,0.99996,True,True,True
10357,1,94,350,1,131071,0,0.99672,True,True,True
10358,1,89,345,2,-131072,2,0.99939,True,True,True
10359,1,93,349,3,-131073,0,0.99964,True,True,True
10360,1,90,346,0,131072,2,0.99737,True,True,True
10361,1,94,350,1,131071,0,0.99903,True,True,True
10363,1,93,349,3,-131073,5,0.99995,True,True,True
10365,1,94,350,1,131071,2,0.99969,True,True,True
10371,1,94,350,3,-131073,2,0.99667,True,True,True
10373,1,95,351,1,131071,1,0.99816,True,True,True
10375,1,94,350,3,-131073,2,0.99594,True,True,True
10378,1,89,345,2,-131072,0,0.9906,True,True,True
10389,1,95,351,1,131071,5,0.99712,True,True,True
10400,1,92,348,0,131072,1,0.99747,True,True,True
10404,1,92,348,0,131072,1,0.9997,True,True,True
10412,1,92,348,0,131072,5,0.99992,True,True,True
10414,1,90,346,2,-131072,2,0.99001,True,True,True
10416,1,92,348,0,131072,2,0.99627,True,True,True
10419,1,95,351,3,-131073,0,0.99989,True,True,True
10421,1,96,352,1,131071,1,0.99733,True,True,True
10435,1,95,351,3,-131073,1,0.99985,True,True,True
10438,1,91,347,2,-131072,4,0.99646,True,True,True
10442,1,91,347,2,-131072,4,0.99852,True,True,True
10446,1,92,348,2,-131072,0,0.99366,True,True,True
10451,1,95,351,3,-131073,0,0.99994,True,True,True
10454,1,92,348,2,-131072,1,0.99941,True,True,True
10456,1,93,349,0,131072,2,0.99699,True,True,True
10460,1,93,349,0,131072,3,0.99891,True,True,True
10461,1,97,353,1,131071,3,0.99993,True,True,True
10463,1,96,352,3,-131073,4,0.99815,True,True,True
10471,1,96,352,3,-131073,2,0.99751,True,True,True
10473,1,98,354,1,131071,3,0.99984,True,True,True
10477,1,98,354,1,131071,4,0.99763,True,True,True
10482,1,93,349,2,-131072,0,0.99837,True,True,True
10483,1,96,352,3,-131073,5,0.9999,True,True,True
10493,1,99,355,1,131071,3,0.99713,True,True,True
10498,1,93,349,2,-131072,0,0.99698,True,True,True
10508,1,94,350,0,131072,2,0.99413,True,True,True
10512,1,95,351,0,131072,1,0.99973,True,True,True
10516,1,95,351,0,131072,3,0.9999,True,True,True
10521,1,100,356,1,131071,1,0.9973,True,True,True
10522,1,94,350,2,-131072,0,0.99974,True,True,True
10529,1,100,356,1,131071,2,0.99704,True,True,True
10531,1,99,355,3,-131073,1,0.99992,True,True,True
10533,1,100,356,1,131071,2,0.99976,True,True,True
10536,1,96,352,0,131072,1,0.99987,True,True,True
10537,1,101,357,1,131071,2,0.99285,True,True,True
10541,1,101,357,1,131071,0,0.99987,True,True,True
10553,1,101,357,1,131071,2,0.99992,True,True,True
10562,1,96,352,2,-131072,2,0.99786,True,True,True
10563,1,100,356,3,-131073,1,0.99956,True,True,True
10566,1,96,352,2,-131072,3,0.99661,True,True,True
10568,1,97,353,0,131072,0,0.99993,True,True,True
10571,1,100,356,3,-131073,5,0.99983,True,True,True
10572,1,97,353,0,131072,0,0.99923,True,True,True
10585,1,101,357,1,131071,1,0.9935,True,True,True
10588,1,97,353,0,131072,2,0.99962,True,True,True
10591,1,101,357,3,-131073,1,0.99914,True,True,True
10593,1,102,358,1,131071,1,0.99215,True,True,True
10595,1,101,357,3,-131073,2,0.99981,True,True,True
10596,1,98,354,0,131072,3,0.99977,True,True,True
10598,1,96,352,2,-131072,1,0.9976,True,True,True
10602,1,97,353,2,-131072,0,0.99889,True,True,True
10608,1,98,354,0,131072,1,0.99437,True,True,True
10615,1,102,358,3,-131073,3,0.99996,True,True,True
10617,1,103,359,1,131071,1,0.99909,True,True,True
10622,1,99,355,2,-131072,4,0.99306,True,True,True
10625,1,103,359,1,131071,1,0.99756,True,True,True
10629,1,103,359,1,131071,0,0.99339,True,True,True
10633,1,103,359,1,131071,2,0.99979,True,True,True
10634,1,99,355,2,-131072,2,0.99918,True,True,True
10635,1,103,359,3,-131073,3,0.99977,True,True,True
10645,1,104,360,1,131071,2,0.99953,True,True,True
10651,1,103,359,3,-131073,1,0.99975,True,True,True
10653,1,104,360,1,131071,1,0.99412,True,True,True
10655,1,103,359,3,-131073,1,0.99915,True,True,True
10656,1,100,356,0,131072,6,0.99909,True,True,True
10672,1,100,356,0,131072,3,0.99491,True,True,True
10674,1,100,356,2,-131072,4,0.99078,True,True,True
10676,1,100,356,0,131072,1,0.99966,True,True,True
10686,1,100,356,2,-131072,3,0.99666,True,True,True
10687,1,104,360,3,-131073,3,0.99994,True,True,True
10692,1,101,357,0,131072,2,0.99954,True,True,True
10696,1,101,357,0,131072,4,0.99972,True,True,True
10697,1,105,361,1,131071,2,0.99761,True,True,True
10703,1,105,361,3,-131073,4,0.9991,True,True,True
10704,1,101,357,0,131072,8,0.99094,True,True,True
10705,1,106,362,1,131071,4,0.99966,True,True,True
10709,1,106,362,1,131071,0,0.9965,True,True,True
10710,1,101,357,2,-131072,1,0.99821,True,True,True
10713,1,106,362,1,131071,2,0.99777,True,True,True
10720,1,102,358,0,131072,1,0.99941,True,True,True
10724,1,102,358,0,131072,1,0.99679,True,True,True
10725,1,107,363,1,131071,1,0.99876,True,True,True
10732,1,102,358,0,131072,0,0.9999,True,True,True
10734,1,101,357,2,-131072,2,0.99881,True,True,True
10739,1,106,362,3,-131073,1,0.99981,True,True,True
10741,1,107,363,1,131071,2,0.99952,True,True,True
10747,1,106,362,3,-131073,1,0.99951,True,True,True
10748,1,103,359,0,131072,2,0.99993,True,True,True
10759,1,107,363,3,-131073,1,0.9996,True,True,True
10760,1,103,359,0,131072,1,0.99,True,True,True
10764,1,103,359,0,131072,0,0.99914,True,True,True
10771,1,107,363,3,-131073,3,0.99995,True,True,True
10778,1,103,359,2,-131072,3,0.99762,True,True,True
10780,1,104,360,0,131072,1,0.9999,True,True,True
10783,1,107,363,3,-131073,1,0.99984,True,True,True
10784,1,104,360,0,131072,2,0.99997,True,True,True
10786,1,104,360,2,-131072,0,0.99872,True,True,True
10792,1,104,360,0,131072,2,0.99983,True,True,True
10797,1,109,365,1,131071,1,0.99793,True,True,True
10801,1,109,365,1,131071,1,0.99957,True,True,True
10805,1,110,366,1,131071,2,0.99943,True,True,True
10807,1,108,364,3,-131073,4,0.99991,True,True,True
10810,1,105,361,2,-131072,2,0.99996,True,True,True
10811,1,108,364,3,-131073,0,0.99972,True,True,True
10815,1,108,364,3,-131073,1,0.99831,True,True,True
10816,1,105,361,0,131072,1,0.99985,True,True,True
10820,1,105,361,0,131072,1,0.99979,True,True,True
10823,1,109,365,3,-131073,2,0.99992,True,True,True
10825,1,110,366,1,131071,1,0.99942,True,True,True
10827,1,109,365,3,-131073,0,0.99986,True,True,True
10836,1,105,361,0,131072,1,0.99639,True,True,True
10837,1,110,366,1,131071,2,0.99791,True,True,True
10842,1,106,362,2,-131072,1,0.99903,True,True,True
10844,1,106,362,0,131072,3,0.9995,True,True,True
10846,1,106,362,2,-131072,1,0.99885,True,True,True
10850,1,106,362,2,-131072,4,0.99884,True,True,True
10857,1,111,367,1,131071,4,0.99926,True,True,True
10858,1,106,362,2,-131072,3,0.99785,True,True,True
10861,1,111,367,1,131071,4,0.99987,True,True,True
10868,1,107,363,0,131072,1,0.99422,True,True,True
10870,1,106,362,2,-131072,2,0.9903,True,True,True
10872,1,107,363,0,131072,2,0.9985,True,True,True
10875,1,111,367,3,-131073,3,0.99842,True,True,True
10881,1,112,368,1,131071,4,0.99937,True,True,True
10886,1,107,363,2,-131072,1,0.99956,True,True,True
10894,1,107,363,2,-131072,2,0.99669,True,True,True
10901,1,112,368,1,131071,2,0.99929,True,True,True
10902,1,107,363,2,-131072,0,0.99841,True,True,True
10904,1,108,364,0,131072,4,0.99995,True,True,True
10909,1,112,368,1,131071,2,0.99935,True,True,True
10911,1,112,368,3,-131073,2,0.99979,True,True,True
10914,1,108,364,2,-131072,4,0.99649,True,True,True
10915,1,112,368,3,-131073,0,0.99992,True,True,True
10921,1,113,369,1,131071,5,0.99758,True,True,True
10923,1,113,369,3,-131073,0,0.99972,True,True,True
10929,1,113,369,1,131071,1,0.99818,True,True,True
10935,1,113,369,3,-131073,8,0.99968,True,True,True
10939,1,113,369,3,-131073,0,0.99999,True,True,True
10945,1,114,370,1,131071,3,0.99904,True,True,True
10949,1,114,370,1,131071,4,0.9989,True,True,True
10952,1,110,366,0,131072,3,0.99978,True,True,True
10953,1,114,370,1,131071,2,0.99442,True,True,True
10954,1,110,366,2,-131072,1,0.99737,True,True,True
10955,1,113,369,3,-131073,2,0.99972,True,True,True
10957,1,114,370,1,131071,2,0.99791,True,True,True
10959,1,113,369,3,-131073,3,0.99432,True,True,True
10960,1,111,367,0,131072,2,0.99462,True,True,True
10962,1,110,366,2,-131072,4,0.99797,True,True,True
10963,1,113,369,3,-131073,6,0.99981,True,True,True
10964,1,111,367,0,131072,0,0.99227,True,True,True
10965,1,114,370,1,131071,0,0.99966,True,True,True
10976,1,111,367,0,131072,0,0.99998,True,True,True
10977,1,114,370,1,131071,0,0.99948,True,True,True
10978,1,110,366,2,-131072,0,0.99011,True,True,True
10983,1,114,370,3,-131073,1,0.99872,True,True,True
10996,1,111,367,0,131072,1,0.99647,True,True,True
11004,1,112,368,0,131072,1,0.9999,True,True,True
11005,1,116,372,1,131071,1,0.99946,True,True,True
11014,1,111,367,2,-131072,1,0.99882,True,True,True
11015,1,116,372,3,-131073,1,0.99993,True,True,True
11016,1,112,368,0,131072,4,0.99975,True,True,True
11018,1,112,368,2,-131072,5,0.99969,True,True,True
11019,1,116,372,3,-131073,3,0.99976,True,True,True
11020,1,112,368,0,131072,4,0.99994,True,True,True
11022,1,112,368,2,-131072,0,0.99961,True,True,True
11025,1,117,373,1,131071,0,0.99114,True,True,True
11026,1,112,368,2,-131072,2,0.99633,True,True,True
11034,1,112,368,2,-131072,8,0.99923,True,True,True
11035,1,117,373,3,-131073,2,0.99421,True,True,True
11041,1,118,374,1,131071,4,0.9941,True,True,True
11045,1,118,374,1,131071,2,0.99966,True,True,True
11052,1,113,369,0,131072,1,0.9977,True,True,True
11061,1,118,374,1,131071,4,0.99835,True,True,True
11063,1,117,373,3,-131073,3,0.99929,True,True,True
11064,1,114,370,0,131072,2,0.99706,True,True,True
11065,1,118,374,1,131071,2,0.99949,True,True,True
11066,1,114,370,2,-131072,5,0.99685,True,True,True
11069,1,118,374,1,131071,3,0.99928,True,True,True
11071,1,118,374,3,-131073,9,0.99981,True,True,True
11073,1,118,374,1,131071,1,0.99842,True,True,True
11079,1,118,374,3,-131073,6,0.99941,True,True,True
11080,1,115,371,0,131072,3,0.99924,True,True,True
11081,1,119,375,1,131071,4,0.99944,True,True,True
11083,1,118,374,3,-131073,1,0.99997,True,True,True
11085,1,119,375,1,131071,1,0.9985,True,True,True
11091,1,119,375,3,-131073,1,0.99774,True,True,True
11094,1,114,370,2,-131072,1,0.99948,True,True,True
11095,1,119,375,3,-131073,1,0.99913,True,True,True
11101,1,119,375,1,131071,1,0.99959,True,True,True
11102,1,115,371,2,-131072,0,0.99872,True,True,True
11103,1,119,375,3,-131073,0,0.99997,True,True,True
11104,1,115,371,0,131072,4,0.99252,True,True,True
11107,1,119,375,3,-131073,2,0.99972,True,True,True
11111,1,119,375,3,-131073,3,0.99981,True,True,True
11117,1,120,376,1,131071,4,0.99934,True,True,True
11123,1,119,375,3,-131073,1,0.99998,True,True,True
11129,1,121,377,1,131071,1,0.99959,True,True,True
11132,1,116,372,0,131072,2,0.99987,True,True,True
11135,1,119,375,3,-131073,0,0.99991,True,True,True
11139,1,120,376,3,-131073,5,0.99991,True,True,True
11140,1,116,372,0,131072,0,0.99984,True,True,True
11142,1,116,372,2,-131072,3,0.99569,True,True,True
11149,1,121,377,1,131071,1,0.9994,True,True,True
11151,1,121,377,3,-131073,3,0.99945,True,True,True
11152,1,117,373,0,131072,0,0.99986,True,True,True
11157,1,121,377,1,131071,5,0.99941,True,True,True
11159,1,121,377,3,-131073,2,0.99992,True,True,True
11161,1,122,378,1,131071,2,0.99936,True,True,True
11165,1,122,378,1,131071,0,0.99906,True,True,True
11167,1,121,377,3,-131073,0,0.99935,True,True,True
11168,1,117,373,0,131072,1,0.99852,True,True,True
11172,1,118,374,0,131072,5,0.99954,True,True,True
11173,1,122,378,1,131071,1,0.99951,True,True,True
11180,1,118,374,0,131072,4,0.99971,True,True,True
11183,1,121,377,3,-131073,3,0.99997,True,True,True
11185,1,122,378,1,131071,0,0.9995,True,True,True
11186,1,117,373,2,-131072,2,0.99926,True,True,True
11191,1,122,378,3,-131073,1,0.99993,True,True,True
11192,1,118,374,0,131072,2,0.9943,True,True,True
11204,1,118,374,0,131072,2,0.99647,True,True,True
11211,1,122,378,3,-131073,2,0.99819,True,True,True
11213,1,124,380,1,131071,1,0.9971,True,True,True
11219,1,122,378,3,-131073,2,0.9999,True,True,True
11221,1,124,380,1,131071,3,0.99574,True,True,True
11222,1,118,374,2,-131072,3,0.99777,True,True,True
11226,1,118,374,2,-131072,3,0.99014,True,True,True
11231,1,122,378,3,-131073,0,0.99987,True,True,True
11233,1,124,380,1,131071,4,0.99565,True,True,True
11244,1,120,376,0,131072,2,0.99853,True,True,True
11245,1,125,381,1,131071,4,0.99978,True,True,True
11246,1,118,374,2,-131072,3,0.99881,True,True,True
11253,1,125,381,1,131071,3,0.99816,True,True,True
11256,1,120,376,0,131072,1,0.99119,True,True,True
11258,1,119,375,2,-131072,2,0.99352,True,True,True
11264,1,120,376,0,131072,3,0.99989,True,True,True
11275,1,124,380,3,-131073,3,0.99901,True,True,True
11276,1,120,376,0,131072,3,0.99711,True,True,True
11283,1,124,380,3,-131073,7,0.99992,True,True,True
11286,1,120,376,2,-131072,1,0.99375,True,True,True
11287,1,124,380,3,-131073,0,0.99993,True,True,True
11288,1,121,377,0,131072,3,0.99857,True,True,True
11289,1,127,383,1,131071,4,0.99963,True,True,True
11291,1,124,380,3,-131073,4,0.99875,True,True,True
11294,1,121,377,2,-131072,5,0.99968,True,True,True
11295,1,124,380,3,-131073,2,0.99918,True,True,True
11297,1,127,383,1,131071,3,0.99849,True,True,True
11301,1,127,383,1,131071,0,0.99783,True,True,True
11303,1,124,380,3,-131073,4,0.99963,True,True,True
11304,1,121,377,0,131072,1,0.99746,True,True,True
11306,1,121,377,2,-131072,1,0.99907,True,True,True
11310,1,121,377,2,-131072,1,0.99642,True,True,True
11312,1,121,377,0,131072,4,0.99736,True,True,True
11316,1,122,378,0,131072,1,0.99898,True,True,True
11317,1,128,384,1,131071,0,0.99902,True,True,True
11324,1,122,378,0,131072,1,0.99777,True,True,True
11333,1,128,384,1,131071,3,0.99898,True,True,True
11335,1,126,382,3,-131073,4,0.99996,True,True,True
11338,1,121,377,2,-131072,3,0.99594,True,True,True
11340,1,123,379,0,131072,2,0.99941,True,True,True
11343,1,126,382,3,-131073,2,0.99847,True,True,True
11344,1,123,379,0,131072,2,0.99895,True,True,True
11349,1,129,385,1,131071,1,0.99832,True,True,True
11351,1,126,382,3,-131073,3,0.99948,True,True,True
11355,1,126,382,3,-131073,3,0.99894,True,True,True
11359,1,126,382,3,-131073,2,0.99934,True,True,True
11362,1,122,378,2,-131072,1,0.99209,True,True,True
11368,1,124,380,0,131072,3,0.99928,True,True,True
11372,1,124,380,0,131072,2,0.99994,True,True,True
11376,1,124,380,0,131072,1,0.99991,True,True,True
11377,1,130,386,1,131071,0,0.99283,True,True,True
11380,1,124,380,0,131072,3,0.99943,True,True,True
11397,1,131,387,1,131071,0,0.9983,True,True,True
11405,1,131,387,1,131071,2,0.99398,True,True,True
11409,1,131,387,1,131071,1,0.99256,True,True,True
11411,1,128,384,3,-131073,2,0.9999,True,True,True
11417,1,131,387,1,131071,2,0.99824,True,True,True
11420,1,125,381,0,131072,3,0.99991,True,True,True
11425,1,131,387,1,131071,3,0.99626,True,True,True
11429,1,132,388,1,131071,1,0.99493,True,True,True
11444,1,126,382,0,131072,0,0.99717,True,True,True
11449,1,132,388,1,131071,4,0.99991,True,True,True
11454,1,125,381,2,-131072,2,0.99917,True,True,True
11455,1,129,385,3,-131073,1,0.99923,True,True,True
11469,1,132,388,1,131071,1,0.99926,True,True,True
11471,1,130,386,3,-131073,0,0.9993,True,True,True
11474,1,126,382,2,-131072,2,0.99788,True,True,True
11477,1,132,388,1,131071,5,0.99984,True,True,True
11481,1,132,388,1,131071,1,0.9935,True,True,True
11483,1,131,387,3,-131073,1,0.99953,True,True,True
11485,1,133,389,1,131071,3,0.99901,True,True,True
11497,1,133,389,1,131071,7,0.99481,True,True,True
11498,1,127,383,2,-131072,3,0.99463,True,True,True
11502,1,127,383,2,-131072,1,0.99369,True,True,True
11511,1,132,388,3,-131073,1,0.99887,True,True,True
11515,1,132,388,3,-131073,0,0.99999,True,True,True
11518,1,127,383,2,-131072,0,0.99413,True,True,True
11520,1,128,384,0,131072,2,0.99979,True,True,True
11521,1,134,390,1,131071,2,0.99498,True,True,True
11523,1,132,388,3,-131073,3,0.99991,True,True,True
11527,1,132,388,3,-131073,9,0.9997,True,True,True
11531,1,132,388,3,-131073,1,0.99988,True,True,True
11533,1,134,390,1,131071,4,0.99729,True,True,True
11534,1,128,384,2,-131072,0,0.99314,True,True,True
11540,1,128,384,0,131072,0,0.99774,True,True,True
11543,1,133,389,3,-131073,4,0.99454,True,True,True
11544,1,128,384,0,131072,2,0.99427,True,True,True
11545,1,135,391,1,131071,3,0.99351,True,True,True
11549,1,135,391,1,131071,4,0.99758,True,True,True
11551,1,133,389,3,-131073,0,0.99947,True,True,True
11554,1,129,385,2,-131072,3,0.99359,True,True,True
11557,1,135,391,1,131071,2,0.99942,True,True,True
11559,1,133,389,3,-131073,1,0.99963,True,True,True
11569,1,135,391,1,131071,1,0.99959,True,True,True
11571,1,133,389,3,-131073,0,0.99984,True,True,True
11572,1,129,385,0,131072,0,0.99919,True,True,True
11586,1,130,386,2,-131072,2,0.99262,True,True,True
11587,1,134,390,3,-131073,0,0.99959,True,True,True
11588,1,129,385,0,131072,2,0.99915,True,True,True
11592,1,129,385,0,131072,0,0.99936,True,True,True
11597,1,137,393,1,131071,1,0.99771,True,True,True
11599,1,134,390,3,-131073,1,0.99864,True,True,True
11603,1,134,390,3,-131073,1,0.99988,True,True,True
11609,1,137,393,1,131071,1,0.99538,True,True,True
11615,1,134,390,3,-131073,3,0.99954,True,True,True
11616,1,130,386,0,131072,2,0.99611,True,True,True
11617,1,137,393,1,131071,1,0.9994,True,True,True
11620,1,130,386,0,131072,2,0.99959,True,True,True
11628,1,130,386,0,131072,2,0.99639,True,True,True
11634,1,132,388,2,-131072,1,0.99568,True,True,True
11636,1,130,386,0,131072,1,0.99055,True,True,True
11640,1,131,387,0,131072,2,0.9998,True,True,True
11645,1,138,394,1,131071,1,0.99328,True,True,True
11652,1,131,387,0,131072,3,0.99875,True,True,True
11657,1,139,395,1,131071,1,0.99817,True,True,True
11663,1,136,392,3,-131073,2,0.99988,True,True,True
11667,1,136,392,3,-131073,1,0.99918,True,True,True
11672,1,132,388,0,131072,1,0.99746,True,True,True
11675,1,136,392,3,-131073,3,0.99975,True,True,True
11680,1,132,388,0,131072,6,0.99979,True,True,True
11695,1,137,393,3,-131073,2,0.99661,True,True,True
11697,1,140,396,1,131071,2,0.9939,True,True,True
11705,1,140,396,1,131071,4,0.99544,True,True,True
11708,1,133,389,0,131072,4,0.99741,True,True,True
11711,1,137,393,3,-131073,1,0.99684,True,True,True
11717,1,141,397,1,131071,0,0.99093,True,True,True
11719,1,138,394,3,-131073,4,0.9996,True,True,True
11727,1,138,394,3,-131073,3,0.99975,True,True,True
11731,1,138,394,3,-131073,1,0.99988,True,True,True
11738,1,136,392,2,-131072,0,0.9994,True,True,True
11739,1,139,395,3,-131073,3,0.99978,True,True,True
11744,1,134,390,0,131072,1,0.99691,True,True,True
11746,1,136,392,2,-131072,1,0.99985,True,True,True
11747,1,139,395,3,-131073,1,0.99978,True,True,True
11756,1,134,390,0,131072,2,0.99898,True,True,True
11765,1,142,398,1,131071,3,0.99863,True,True,True
11768,1,135,391,0,131072,1,0.99958,True,True,True
11769,1,143,399,1,131071,2,0.99964,True,True,True
11775,1,140,396,3,-131073,5,0.99998,True,True,True
11779,1,140,396,3,-131073,1,0.99838,True,True,True
11780,1,135,391,0,131072,3,0.99986,True,True,True
11783,1,140,396,3,-131073,7,0.99993,True,True,True
11784,1,135,391,0,131072,4,0.99992,True,True,True
11786,1,137,393,2,-131072,6,0.99875,True,True,True
11788,1,135,391,0,131072,3,0.99918,True,True,True
11789,1,143,399,1,131071,2,0.9948,True,True,True
11790,1,137,393,2,-131072,1,0.9995,True,True,True
11791,1,140,396,3,-131073,3,0.99866,True,True,True
11792,1,135,391,0,131072,3,0.99993,True,True,True
11795,1,140,396,3,-131073,4,0.99967,True,True,True
11799,1,141,397,3,-131073,2,0.99988,True,True,True
11800,1,136,392,0,131072,4,0.99924,True,True,True
11811,1,141,397,3,-131073,4,0.99997,True,True,True
11814,1,139,395,2,-131072,2,0.99939,True,True,True
11817,1,144,400,1,131071,2,0.99891,True,True,True
11818,1,139,395,2,-131072,1,0.99631,True,True,True
11828,1,137,393,0,131072,1,0.99995,True,True,True
11835,1,142,398,3,-131073,0,0.99615,True,True,True
11840,1,137,393,0,131072,7,0.99401,True,True,True
11842,1,139,395,2,-131072,1,0.99158,True,True,True
11844,1,137,393,0,131072,0,0.99897,True,True,True
11846,1,139,395,2,-131072,1,0.9994,True,True,True
11853,1,145,401,1,131071,5,0.99314,True,True,True
11855,1,142,398,3,-131073,1,0.99966,True,True,True
11864,1,137,393,0,131072,6,0.99994,True,True,True
11865,1,145,401,1,131071,1,0.99848,True,True,True
11867,1,142,398,3,-131073,1,0.99986,True,True,True
11869,1,146,402,1,131071,1,0.99824,True,True,True
11871,1,143,399,3,-131073,8,0.99944,True,True,True
11874,1,141,397,2,-131072,3,0.99979,True,True,True
11878,1,141,397,2,-131072,0,0.99946,True,True,True
11879,1,143,399,3,-131073,2,0.99828,True,True,True
11881,1,146,402,1,131071,0,0.99478,True,True,True
11882,1,141,397,2,-131072,1,0.99732,True,True,True
11889,1,147,403,1,131071,1,0.99915,True,True,True
11892,1,139,395,0,131072,6,0.99741,True,True,True
11902,1,142,398,2,-131072,2,0.99792,True,True,True
11903,1,143,399,3,-131073,5,0.99995,True,True,True
11904,1,139,395,0,131072,3,0.99951,True,True,True
11906,1,142,398,2,-131072,3,0.99177,True,True,True
11910,1,142,398,2,-131072,1,0.99887,True,True,True
11911,1,144,400,3,-131073,2,0.99989,True,True,True
11913,1,148,404,1,131071,2,0.99847,True,True,True
11920,1,140,396,0,131072,4,0.9996,True,True,True
11927,1,145,401,3,-131073,0,0.99982,True,True,True
11929,1,149,405,1,131071,4,0.99956,True,True,True
11932,1,140,396,0,131072,4,0.99935,True,True,True
11934,1,143,399,2,-131072,7,0.99584,True,True,True
11938,1,143,399,2,-131072,1,0.99977,True,True,True
11941,1,149,405,1,131071,1,0.99954,True,True,True
11944,1,141,397,0,131072,1,0.99888,True,True,True
11950,1,144,400,2,-131072,6,0.99929,True,True,True
11952,1,142,398,0,131072,4,0.99899,True,True,True
11957,1,149,405,1,131071,1,0.99925,True,True,True
11960,1,142,398,0,131072,1,0.99813,True,True,True
11963,1,146,402,3,-131073,1,0.99988,True,True,True
11966,1,144,400,2,-131072,3,0.99523,True,True,True
11970,1,144,400,2,-131072,0,0.99706,True,True,True
11972,1,142,398,0,131072,0,0.99978,True,True,True
11973,1,150,406,1,131071,2,0.99939,True,True,True
11974,1,144,400,2,-131072,1,0.9996,True,True,True
11975,1,146,402,3,-131073,1,0.99972,True,True,True
11978,1,144,400,2,-131072,2,0.99422,True,True,True
11982,1,144,400,2,-131072,2,0.99891,True,True,True
11983,1,147,403,3,-131073,0,0.99977,True,True,True
11987,1,147,403,3,-131073,4,0.99868,True,True,True
11989,1,151,407,1,131071,7,0.99445,True,True,True
11990,1,144,400,2,-131072,3,0.99768,True,True,True
11991,1,148,404,3,-131073,0,0.99992,True,True,True
11992,1,143,399,0,131072,10,0.9996,True,True,True
11994,1,145,401,2,-131072,5,0.99913,True,True,True
11996,1,143,399,0,131072,0,0.99965,True,True,True
11999,1,148,404,3,-131073,3,0.99934,True,True,True
12000,1,144,400,0,131072,2,0.99903,True,True,True
12002,1,145,401,2,-131072,7,0.99719,True,True,True
12003,1,148,404,3,-131073,5,0.99996,True,True,True
12005,1,151,407,1,131071,4,0.99967,True,True,True
12011,1,149,405,3,-131073,1,0.99975,True,True,True
12014,1,145,401,2,-131072,2,0.99844,True,True,True
12015,1,149,405,3,-131073,2,0.99989,True,True,True
12016,1,144,400,0,131072,0,0.99874,True,True,True
12021,1,151,407,1,131071,1,0.99194,True,True,True
12022,1,145,401,2,-131072,2,0.99552,True,True,True
12023,1,149,405,3,-131073,1,0.99988,True,True,True
12026,1,146,402,2,-131072,4,0.99384,True,True,True
12046,1,146,402,2,-131072,0,0.99931,True,True,True
12053,1,153,409,1,131071,2,0.99974,True,True,True
12055,1,151,407,3,-131073,2,0.99988,True,True,True
12056,1,145,401,0,131072,1,0.99917,True,True,True
12058,1,147,403,2,-131072,3,0.99703,True,True,True
12060,1,145,401,0,131072,0,0.99904,True,True,True
12062,1,147,403,2,-131072,1,0.99953,True,True,True
12063,1,151,407,3,-131073,6,0.99968,True,True,True
12077,1,154,410,1,131071,9,0.99963,True,True,True
12087,1,151,407,3,-131073,1,0.99989,True,True,True
12089,1,154,410,1,131071,2,0.99921,True,True,True
12101,1,155,411,1,131071,4,0.99241,True,True,True
12104,1,146,402,0,131072,4,0.99847,True,True,True
12108,1,147,403,0,131072,2,0.99672,True,True,True
12118,1,149,405,2,-131072,1,0.99863,True,True,True
12121,1,156,412,1,131071,2,0.99883,True,True,True
12123,1,152,408,3,-131073,0,0.99997,True,True,True
12144,1,148,404,0,131072,4,0.99744,True,True,True
12154,1,150,406,2,-131072,3,0.9903,True,True,True
12156,1,149,405,0,131072,2,0.99716,True,True,True
12157,1,157,413,1,131071,0,0.99948,True,True,True
12159,1,153,409,3,-131073,4,0.99995,True,True,True
12160,1,149,405,0,131072,2,0.99868,True,True,True
12161,1,157,413,1,131071,3,0.99885,True,True,True
12163,1,153,409,3,-131073,2,0.99968,True,True,True
12167,1,153,409,3,-131073,3,0.99995,True,True,True
12169,1,158,414,1,131071,4,0.99152,True,True,True
12170,1,151,407,2,-131072,4,0.99637,True,True,True
12171,1,153,409,3,-131073,2,0.99996,True,True,True
12172,1,150,406,0,131072,4,0.99283,True,True,True
12176,1,150,406,0,131072,1,0.99995,True,True,True
12177,1,158,414,1,131071,2,0.9997,True,True,True
12179,1,154,410,3,-131073,1,0.99955,True,True,True
12181,1,158,414,1,131071,2,0.99586,True,True,True
12184,1,151,407,0,131072,1,0.99984,True,True,True
12185,1,159,415,1,131071,1,0.99969,True,True,True
12187,1,154,410,3,-131073,2,0.99873,True,True,True
12189,1,159,415,1,131071,1,0.99612,True,True,True
12191,1,154,410,3,-131073,4,0.99972,True,True,True
12194,1,152,408,2,-131072,0,0.99942,True,True,True
12198,1,152,408,2,-131072,1,0.9967,True,True,True
12200,1,151,407,0,131072,2,0.99848,True,True,True
12208,1,152,408,0,131072,1,0.99906,True,True,True
12209,1,159,415,1,131071,0,0.99133,True,True,True
12211,1,155,411,3,-131073,3,0.9999,True,True,True
12215,1,155,411,3,-131073,2,0.99995,True,True,True
12220,1,152,408,0,131072,1,0.99978,True,True,True
12222,1,153,409,2,-131072,2,0.99804,True,True,True
12223,1,155,411,3,-131073,0,0.99999,True,True,True
12229,1,160,416,1,131071,1,0.99904,True,True,True
12232,1,152,408,0,131072,1,0.99978,True,True,True
12233,1,160,416,1,131071,1,0.9952,True,True,True
12234,1,154,410,2,-131072,6,0.99875,True,True,True
12244,1,153,409,0,131072,4,0.99747,True,True,True
12246,1,154,410,2,-131072,0,0.99923,True,True,True
12252,1,153,409,0,131072,1,0.99874,True,True,True
12261,1,160,416,1,131071,1,0.99788,True,True,True
12265,1,160,416,1,131071,1,0.9995,True,True,True
12269,1,160,416,1,131071,2,0.9999,True,True,True
12270,1,155,411,2,-131072,4,0.99825,True,True,True
12273,1,161,417,1,131071,1,0.99831,True,True,True
12279,1,157,413,3,-131073,1,0.99946,True,True,True
12290,1,155,411,2,-131072,1,0.99974,True,True,True
12291,1,158,414,3,-131073,0,0.99981,True,True,True
12293,1,161,417,1,131071,3,0.99961,True,True,True
12294,1,155,411,2,-131072,1,0.99811,True,True,True
12303,1,158,414,3,-131073,4,0.99497,True,True,True
12306,1,156,412,2,-131072,0,0.99918,True,True,True
12307,1,158,414,3,-131073,2,0.99996,True,True,True
12309,1,162,418,1,131071,3,0.99328,True,True,True
12313,1,162,418,1,131071,3,0.99881,True,True,True
12320,1,155,411,0,131072,3,0.99576,True,True,True
12321,1,162,418,1,131071,2,0.9993,True,True,True
12322,1,157,413,2,-131072,1,0.99885,True,True,True
12328,1,155,411,0,131072,3,0.99365,True,True,True
12330,1,157,413,2,-131072,0,0.9991,True,True,True
12340,1,156,412,0,131072,0,0.99823,True,True,True
12342,1,157,413,2,-131072,0,0.99668,True,True,True
12346,1,157,413,2,-131072,3,0.99239,True,True,True
12351,1,161,417,3,-131073,1,0.99518,True,True,True
12353,1,163,419,1,131071,0,0.99964,True,True,True
12354,1,157,413,2,-131072,1,0.99871,True,True,True
12357,1,163,419,1,131071,0,0.99761,True,True,True
12364,1,157,413,0,131072,2,0.9999,True,True,True
12365,1,163,419,1,131071,2,0.99964,True,True,True
12368,1,157,413,0,131072,2,0.99937,True,True,True
12371,1,161,417,3,-131073,2,0.9969,True,True,True
12373,1,163,419,1,131071,1,0.99874,True,True,True
12377,1,163,419,1,131071,1,0.99925,True,True,True
12378,1,158,414,2,-131072,1,0.99767,True,True,True
12383,1,162,418,3,-131073,0,0.99981,True,True,True
12401,1,164,420,1,131071,2,0.99578,True,True,True
12403,1,163,419,3,-131073,3,0.99969,True,True,True
12404,1,158,414,0,131072,2,0.99393,True,True,True
12415,1,163,419,3,-131073,2,0.99979,True,True,True
12422,1,161,417,2,-131072,4,0.99889,True,True,True
12431,1,163,419,3,-131073,1,0.99839,True,True,True
12446,1,161,417,2,-131072,3,0.99538,True,True,True
12448,1,159,415,0,131072,2,0.99856,True,True,True
12449,1,165,421,1,131071,3,0.99868,True,True,True
12452,1,159,415,0,131072,2,0.99642,True,True,True
12453,1,166,422,1,131071,0,0.99052,True,True,True
12458,1,162,418,2,-131072,2,0.99949,True,True,True
12460,1,160,416,0,131072,3,0.99892,True,True,True
12461,1,166,422,1,131071,4,0.99914,True,True,True
12462,1,162,418,2,-131072,3,0.99981,True,True,True
12468,1,160,416,0,131072,2,0.99805,True,True,True
12472,1,161,417,0,131072,3,0.99953,True,True,True
12474,1,162,418,2,-131072,2,0.99909,True,True,True
12475,1,165,421,3,-131073,2,0.99998,True,True,True
12484,1,161,417,0,131072,2,0.99962,True,True,True
12487,1,165,421,3,-131073,0,0.99985,True,True,True
12488,1,161,417,0,131072,2,0.99653,True,True,True
12490,1,163,419,2,-131072,1,0.99045,True,True,True
12493,1,166,422,1,131071,0,0.99676,True,True,True
12494,1,163,419,2,-131072,5,0.99684,True,True,True
12495,1,165,421,3,-131073,2,0.99988,True,True,True
12500,1,161,417,0,131072,1,0.99995,True,True,True
12504,1,161,417,0,131072,9,0.99993,True,True,True
12509,1,167,423,1,131071,3,0.99176,True,True,True
12510,1,164,420,2,-131072,3,0.99919,True,True,True
12519,1,166,422,3,-131073,2,0.99998,True,True,True
12521,1,167,423,1,131071,1,0.99488,True,True,True
12526,1,164,420,2,-131072,2,0.99994,True,True,True
12528,1,162,418,0,131072,0,0.99869,True,True,True
12530,1,164,420,2,-131072,4,0.99958,True,True,True
12533,1,167,423,1,131071,2,0.99439,True,True,True
12536,1,163,419,0,131072,2,0.99996,True,True,True
12537,1,168,424,1,131071,2,0.99982,True,True,True
12545,1,168,424,1,131071,1,0.99461,True,True,True
12547,1,167,423,3,-131073,1,0.99998,True,True,True
12553,1,168,424,1,131071,1,0.99931,True,True,True
12558,1,165,421,2,-131072,2,0.9999,True,True,True
12574,1,166,422,2,-131072,4,0.99784,True,True,True
12576,1,164,420,0,131072,0,0.99972,True,True,True
12580,1,164,420,0,131072,0,0.99081,True,True,True
12585,1,170,426,1,131071,1,0.99721,True,True,True
12587,1,168,424,3,-131073,0,0.99181,True,True,True
12588,1,164,420,0,131072,0,0.99993,True,True,True
12592,1,164,420,0,131072,2,0.99854,True,True,True
12593,1,170,426,1,131071,1,0.99427,True,True,True
12596,1,164,420,0,131072,2,0.99993,True,True,True
12599,1,168,424,3,-131073,2,0.99843,True,True,True
12602,1,167,423,2,-131072,2,0.99659,True,True,True
12603,1,169,425,3,-131073,1,0.99763,True,True,True
12606,1,167,423,2,-131072,0,0.9906,True,True,True
12610,1,167,423,2,-131072,1,0.99959,True,True,True
12613,1,170,426,1,131071,6,0.99924,True,True,True
12614,1,167,423,2,-131072,1,0.99922,True,True,True
12616,1,165,421,0,131072,0,0.99064,True,True,True
12618,1,168,424,2,-131072,3,0.99427,True,True,True
12626,1,168,424,2,-131072,2,0.99874,True,True,True
12627,1,169,425,3,-131073,4,0.99528,True,True,True
12629,1,171,427,1,131071,1,0.99246,True,True,True
12636,1,165,421,0,131072,1,0.9996,True,True,True
12637,1,171,427,1,131071,5,0.99971,True,True,True
12639,1,170,426,3,-131073,1,0.99986,True,True,True
12640,1,165,421,0,131072,6,0.99515,True,True,True
12654,1,169,425,2,-131072,2,0.99793,True,True,True
12665,1,172,428,1,131071,2,0.99956,True,True,True
12669,1,172,428,1,131071,0,0.99888,True,True,True
12671,1,171,427,3,-131073,2,0.99977,True,True,True
12673,1,172,428,1,131071,1,0.9996,True,True,True
12675,1,171,427,3,-131073,2,0.99894,True,True,True
12676,1,167,423,0,131072,8,0.99731,True,True,True
12679,1,171,427,3,-131073,4,0.99893,True,True,True
12683,1,171,427,3,-131073,0,0.99653,True,True,True
12695,1,172,428,3,-131073,1,0.99907,True,True,True
12703,1,172,428,3,-131073,0,0.9985,True,True,True
12704,1,168,424,0,131072,1,0.99377,True,True,True
12706,1,171,427,2,-131072,1,0.99565,True,True,True
12707,1,172,428,3,-131073,2,0.99783,True,True,True
12710,1,171,427,2,-131072,2,0.99885,True,True,True
12717,1,173,429,1,131071,2,0.99963,True,True,True
12718,1,171,427,2,-131072,0,0.99865,True,True,True
12724,1,169,425,0,131072,1,0.9942,True,True,True
12726,1,171,427,2,-131072,4,0.99892,True,True,True
12730,1,171,427,2,-131072,4,0.99898,True,True,True
12731,1,173,429,3,-131073,1,0.99971,True,True,True
12733,1,174,430,1,131071,2,0.9985,True,True,True
12737,1,174,430,1,131071,0,0.99241,True,True,True
12748,1,170,426,0,131072,1,0.99874,True,True,True
12751,1,174,430,3,-131073,3,0.99761,True,True,True
12755,1,174,430,3,-131073,2,0.99898,True,True,True
12759,1,174,430,3,-131073,1,0.99982,True,True,True
12761,1,175,431,1,131071,3,0.9998,True,True,True
12763,1,174,430,3,-131073,0,0.99997,True,True,True
12765,1,175,431,1,131071,1,0.99972,True,True,True
12771,1,175,431,3,-131073,4,0.99973,True,True,True
12772,1,171,427,0,131072,4,0.99945,True,True,True
12777,1,176,432,1,131071,1,0.99149,True,True,True
12778,1,172,428,2,-131072,2,0.99935,True,True,True
12784,1,172,428,0,131072,3,0.99987,True,True,True
12785,1,176,432,1,131071,2,0.99614,True,True,True
12798,1,173,429,2,-131072,0,0.99983,True,True,True
12808,1,173,429,0,131072,1,0.99985,True,True,True
12816,1,173,429,0,131072,3,0.99864,True,True,True
12818,1,174,430,2,-131072,2,0.99953,True,True,True
12821,1,178,434,1,131071,5,0.99757,True,True,True
12837,1,178,434,1,131071,3,0.99422,True,True,True
12839,1,177,433,3,-131073,2,0.99896,True,True,True
12840,1,174,430,0,131072,0,0.9993,True,True,True
12841,1,179,435,1,131071,0,0.99992,True,True,True
12842,1,174,430,2,-131072,3,0.99557,True,True,True
12844,1,174,430,0,131072,1,0.99988,True,True,True
12847,1,178,434,3,-131073,2,0.99783,True,True,True
12849,1,179,435,1,131071,2,0.99794,True,True,True
12851,1,178,434,3,-131073,2,0.99957,True,True,True
12854,1,175,431,2,-131072,3,0.99997,True,True,True
12855,1,178,434,3,-131073,2,0.99762,True,True,True
12856,1,174,430,0,131072,0,0.99311,True,True,True
12861,1,179,435,1,131071,1,0.99951,True,True,True
12865,1,179,435,1,131071,1,0.99884,True,True,True
12866,1,176,432,2,-131072,2,0.99988,True,True,True
12870,1,176,432,2,-131072,2,0.99911,True,True,True
12871,1,179,435,3,-131073,1,0.99957,True,True,True
12875,1,179,435,3,-131073,1,0.99987,True,True,True
12877,1,179,435,1,131071,0,0.99862,True,True,True
12880,1,175,431,0,131072,2,0.99835,True,True,True
12886,1,177,433,2,-131072,0,0.99995,True,True,True
12887,1,179,435,3,-131073,1,0.99943,True,True,True
12889,1,180,436,1,131071,0,0.9984,True,True,True
12896,1,176,432,0,131072,2,0.99451,True,True,True
12900,1,176,432,0,131072,0,0.99993,True,True,True
12901,1,180,436,1,131071,0,0.99962,True,True,True
12902,1,177,433,2,-131072,5,0.99382,True,True,True
12905,1,180,436,1,131071,1,0.999,True,True,True
12914,1,178,434,2,-131072,1,0.99884,True,True,True
12916,1,176,432,0,131072,3,0.99969,True,True,True
12922,1,178,434,2,-131072,1,0.99997,True,True,True
12924,1,176,432,0,131072,0,0.99423,True,True,True
12930,1,179,435,2,-131072,0,0.99572,True,True,True
12932,1,178,434,0,131072,0,0.99475,True,True,True
12942,1,179,435,2,-131072,3,0.99204,True,True,True
12947,1,182,438,3,-131073,0,0.99995,True,True,True
12949,1,182,438,1,131071,1,0.99875,True,True,True
12954,1,179,435,2,-131072,3,0.99654,True,True,True
12961,1,182,438,1,131071,1,0.99986,True,True,True
12967,1,182,438,3,-131073,2,0.99966,True,True,True
12969,1,183,439,1,131071,2,0.99922,True,True,True
12972,1,179,435,0,131072,3,0.99995,True,True,True
12977,1,183,439,1,131071,0,0.99797,True,True,True
12983,1,183,439,3,-131073,0,0.99983,True,True,True
12991,1,183,439,3,-131073,1,0.99998,True,True,True
12992,1,180,436,0,131072,2,0.99953,True,True,True
13000,1,180,436,0,131072,0,0.99989,True,True,True
13002,1,181,437,2,-131072,5,0.99579,True,True,True
13009,1,184,440,1,131071,1,0.99675,True,True,True
13010,1,182,438,2,-131072,1,0.9989,True,True,True
13017,1,184,440,1,131071,4,0.99529,True,True,True
13020,1,180,436,0,131072,1,0.9987,True,True,True
13023,1,185,441,3,-131073,2,0.99072,True,True,True
13033,1,185,441,1,131071,2,0.99769,True,True,True
13034,1,182,438,2,-131072,4,0.99346,True,True,True
13043,1,186,442,3,-131073,2,0.99894,True,True,True
13044,1,181,437,0,131072,3,0.99974,True,True,True
13054,1,183,439,2,-131072,3,0.99631,True,True,True
13055,1,186,442,3,-131073,1,0.99999,True,True,True
13058,1,183,439,2,-131072,1,0.99356,True,True,True
13060,1,181,437,0,131072,5,0.99975,True,True,True
13061,1,186,442,1,131071,0,0.99897,True,True,True
13064,1,181,437,0,131072,1,0.99993,True,True,True
13065,1,186,442,1,131071,2,0.99939,True,True,True
13068,1,182,438,0,131072,2,0.99358,True,True,True
13080,1,182,438,0,131072,2,0.99752,True,True,True
13084,1,182,438,0,131072,1,0.99803,True,True,True
13085,1,187,443,1,131071,2,0.99972,True,True,True
13089,1,187,443,1,131071,0,0.99962,True,True,True
13093,1,187,443,1,131071,1,0.99973,True,True,True
13097,1,187,443,1,131071,1,0.9951,True,True,True
13110,1,185,441,2,-131072,2,0.99956,True,True,True
13111,1,188,444,3,-131073,1,0.99751,True,True,True
13118,1,185,441,2,-131072,3,0.99227,True,True,True
13121,1,188,444,1,131071,5,0.99919,True,True,True
13127,1,189,445,3,-131073,0,0.99996,True,True,True
13129,1,188,444,1,131071,2,0.99535,True,True,True
13130,1,185,441,2,-131072,3,0.99727,True,True,True
13137,1,188,444,1,131071,2,0.99925,True,True,True
13138,1,185,441,2,-131072,2,0.99491,True,True,True
13149,1,188,444,1,131071,6,0.99959,True,True,True
13150,1,186,442,2,-131072,1,0.9991,True,True,True
13151,1,190,446,3,-131073,1,0.99532,True,True,True
13153,1,188,444,1,131071,3,0.9974,True,True,True
13156,1,186,442,0,131072,1,1.0,True,True,True
13157,1,189,445,1,131071,1,0.99916,True,True,True
13159,1,190,446,3,-131073,1,0.99965,True,True,True
13164,1,186,442,0,131072,1,0.99929,True,True,True
13165,1,189,445,1,131071,1,0.99916,True,True,True
13168,1,186,442,0,131072,1,0.99774,True,True,True
13173,1,190,446,1,131071,2,0.99884,True,True,True
13175,1,190,446,3,-131073,0,0.99992,True,True,True
13177,1,190,446,1,131071,1,0.99767,True,True,True
13179,1,190,446,3,-131073,3,0.99998,True,True,True
13184,1,187,443,0,131072,2,0.99989,True,True,True
13194,1,187,443,2,-131072,1,0.99721,True,True,True
13202,1,187,443,2,-131072,3,0.99327,True,True,True
13203,1,192,448,3,-131073,2,0.99976,True,True,True
13204,1,187,443,0,131072,0,0.99701,True,True,True
13207,1,192,448,3,-131073,3,0.99932,True,True,True
13215,1,192,448,3,-131073,1,0.99973,True,True,True
13224,1,188,444,0,131072,3,0.99776,True,True,True
13226,1,188,444,2,-131072,4,0.99903,True,True,True
13231,1,192,448,3,-131073,0,0.99607,True,True,True
13235,1,193,449,3,-131073,1,0.9975,True,True,True
13237,1,191,447,1,131071,1,0.99859,True,True,True
13240,1,189,445,0,131072,1,0.99985,True,True,True
13241,1,191,447,1,131071,1,0.99883,True,True,True
13242,1,189,445,2,-131072,1,0.99223,True,True,True
13247,1,193,449,3,-131073,0,0.99803,True,True,True
13255,1,193,449,3,-131073,3,0.99854,True,True,True
13257,1,192,448,1,131071,3,0.99788,True,True,True
13259,1,193,449,3,-131073,1,0.99785,True,True,True
13261,1,192,448,1,131071,0,0.99649,True,True,True
13263,1,193,449,3,-131073,2,0.99438,True,True,True
13269,1,192,448,1,131071,0,0.99903,True,True,True
13271,1,194,450,3,-131073,2,0.99989,True,True,True
13281,1,193,449,1,131071,2,0.99849,True,True,True
13283,1,194,450,3,-131073,3,0.9999,True,True,True
13286,1,190,446,2,-131072,7,0.99778,True,True,True
13288,1,190,446,0,131072,2,0.9994,True,True,True
13295,1,195,451,3,-131073,0,0.99973,True,True,True
13306,1,191,447,2,-131072,3,0.99594,True,True,True
13307,1,195,451,3,-131073,1,0.99889,True,True,True
13318,1,191,447,2,-131072,1,0.99866,True,True,True
13321,1,194,450,1,131071,1,0.99454,True,True,True
13328,1,192,448,0,131072,2,0.99986,True,True,True
13333,1,195,451,1,131071,0,0.99487,True,True,True
13337,1,195,451,1,131071,1,0.99732,True,True,True
13338,1,192,448,2,-131072,0,0.99599,True,True,True
13340,1,193,449,0,131072,1,0.99932,True,True,True
13341,1,195,451,1,131071,1,0.99005,True,True,True
13347,1,197,453,3,-131073,1,0.99874,True,True,True
13349,1,195,451,1,131071,2,0.99939,True,True,True
13350,1,193,449,2,-131072,2,0.99389,True,True,True
13351,1,197,453,3,-131073,1,0.99994,True,True,True
13353,1,195,451,1,131071,2,0.99876,True,True,True
13367,1,197,453,3,-131073,1,0.9976,True,True,True
13375,1,197,453,3,-131073,2,0.99988,True,True,True
13381,1,196,452,1,131071,0,0.99927,True,True,True
13382,1,194,450,2,-131072,3,0.99694,True,True,True
13384,1,195,451,0,131072,1,0.99806,True,True,True
13391,1,197,453,3,-131073,1,0.99981,True,True,True
13398,1,195,451,2,-131072,2,0.99961,True,True,True
13407,1,198,454,3,-131073,3,0.99992,True,True,True
13412,1,196,452,0,131072,6,0.99661,True,True,True
13417,1,197,453,1,131071,5,0.99443,True,True,True
13425,1,198,454,1,131071,0,0.99769,True,True,True
13436,1,197,453,0,131072,1,0.99992,True,True,True
13441,1,198,454,1,131071,2,0.99885,True,True,True
13443,1,200,456,3,-131073,2,0.99548,True,True,True
13446,1,197,453,2,-131072,1,0.99968,True,True,True
13447,1,200,456,3,-131073,3,0.99951,True,True,True
13449,1,198,454,1,131071,2,0.99853,True,True,True
13451,1,200,456,3,-131073,1,0.99915,True,True,True
13458,1,197,453,2,-131072,2,0.9918,True,True,True
13461,1,199,455,1,131071,2,0.99939,True,True,True
13463,1,201,457,3,-131073,2,0.99987,True,True,True
13464,1,198,454,0,131072,2,0.99265,True,True,True
13467,1,201,457,3,-131073,3,0.99951,True,True,True
13469,1,199,455,1,131071,1,0.99689,True,True,True
13475,1,201,457,3,-131073,0,0.99346,True,True,True
13479,1,201,457,3,-131073,4,0.99822,True,True,True
13485,1,200,456,1,131071,3,0.99964,True,True,True
13487,1,201,457,3,-131073,1,0.99791,True,True,True
13490,1,198,454,2,-131072,3,0.99988,True,True,True
13491,1,201,457,3,-131073,1,0.99975,True,True,True
13493,1,200,456,1,131071,2,0.99867,True,True,True
13495,1,202,458,3,-131073,0,0.99975,True,True,True
13496,1,199,455,0,131072,2,0.99796,True,True,True
13499,1,202,458,3,-131073,3,0.9978,True,True,True
13501,1,201,457,1,131071,0,0.99897,True,True,True
13504,1,199,455,0,131072,2,0.99892,True,True,True
13506,1,198,454,2,-131072,5,0.99179,True,True,True
13511,1,202,458,3,-131073,2,0.99938,True,True,True
13513,1,201,457,1,131071,1,0.9985,True,True,True
13523,1,203,459,3,-131073,1,0.99938,True,True,True
13532,1,200,456,0,131072,4,0.99954,True,True,True
13541,1,202,458,1,131071,0,0.99572,True,True,True
13542,1,200,456,2,-131072,4,0.99959,True,True,True
13548,1,201,457,0,131072,3,0.99679,True,True,True
13552,1,201,457,0,131072,10,0.9999,True,True,True
13558,1,201,457,2,-131072,3,0.99969,True,True,True
13560,1,201,457,0,131072,3,0.99422,True,True,True
13562,1,201,457,2,-131072,2,0.99589,True,True,True
13564,1,201,457,0,131072,2,0.99116,True,True,True
13566,1,201,457,2,-131072,2,0.99943,True,True,True
13571,1,205,461,3,-131073,3,0.99381,True,True,True
13573,1,204,460,1,131071,0,0.9904,True,True,True
13580,1,201,457,0,131072,1,0.99979,True,True,True
13581,1,204,460,1,131071,2,0.99392,True,True,True
13589,1,204,460,1,131071,5,0.99759,True,True,True
13595,1,206,462,3,-131073,0,0.99976,True,True,True
13597,1,204,460,1,131071,1,0.99947,True,True,True
13598,1,202,458,2,-131072,0,0.99945,True,True,True
13600,1,202,458,0,131072,1,0.99922,True,True,True
13602,1,202,458,2,-131072,4,0.99311,True,True,True
13606,1,202,458,2,-131072,1,0.99677,True,True,True
13615,1,207,463,3,-131073,0,0.9981,True,True,True
13616,1,203,459,0,131072,0,0.99845,True,True,True
13617,1,205,461,1,131071,1,0.99924,True,True,True
13622,1,203,459,2,-131072,3,0.99652,True,True,True
13628,1,204,460,0,131072,0,0.99992,True,True,True
13632,1,204,460,0,131072,1,0.99821,True,True,True
13636,1,204,460,0,131072,6,0.99427,True,True,True
13639,1,208,464,3,-131073,5,0.99997,True,True,True
13640,1,204,460,0,131072,2,0.99941,True,True,True
13643,1,208,464,3,-131073,2,0.99946,True,True,True
13648,1,205,461,0,131072,0,0.99972,True,True,True
13649,1,206,462,1,131071,3,0.99954,True,True,True
13650,1,204,460,2,-131072,1,0.99796,True,True,True
13651,1,208,464,3,-131073,1,0.99993,True,True,True
13653,1,206,462,1,131071,2,0.99567,True,True,True
13655,1,208,464,3,-131073,2,0.9996,True,True,True
13660,1,205,461,0,131072,2,0.99881,True,True,True
13661,1,206,462,1,131071,5,0.99755,True,True,True
13663,1,209,465,3,-131073,3,0.99882,True,True,True
13664,1,205,461,0,131072,1,0.99621,True,True,True
13666,1,204,460,2,-131072,5,0.99909,True,True,True
13670,1,204,460,2,-131072,3,0.99715,True,True,True
13674,1,204,460,2,-131072,2,0.99291,True,True,True
13676,1,206,462,0,131072,3,0.99847,True,True,True
13680,1,206,462,0,131072,0,0.99271,True,True,True
13683,1,209,465,3,-131073,3,0.99876,True,True,True
13686,1,205,461,2,-131072,7,0.99849,True,True,True
13688,1,206,462,0,131072,0,0.99996,True,True,True
13690,1,206,462,2,-131072,6,0.99474,True,True,True
13694,1,206,462,2,-131072,3,0.99303,True,True,True
13695,1,210,466,3,-131073,0,0.99954,True,True,True
13696,1,206,462,0,131072,2,0.9999,True,True,True
13697,1,208,464,1,131071,2,0.99904,True,True,True
13699,1,210,466,3,-131073,4,0.9993,True,True,True
13706,1,206,462,2,-131072,0,0.99987,True,True,True
13711,1,210,466,3,-131073,3,0.99776,True,True,True
13714,1,206,462,2,-131072,1,0.99716,True,True,True
13715,1,210,466,3,-131073,2,0.99983,True,True,True
13720,1,207,463,0,131072,2,0.99957,True,True,True
13724,1,207,463,0,131072,2,0.99996,True,True,True
13731,1,211,467,3,-131073,2,0.99631,True,True,True
13737,1,210,466,1,131071,2,0.99619,True,True,True
13740,1,207,463,0,131072,4,0.99981,True,True,True
13741,1,210,466,1,131071,8,0.99971,True,True,True
13747,1,211,467,3,-131073,1,0.99804,True,True,True
13748,1,208,464,0,131072,4,0.99973,True,True,True
13753,1,210,466,1,131071,2,0.99829,True,True,True
13755,1,211,467,3,-131073,2,0.9981,True,True,True
13759,1,211,467,3,-131073,1,0.99994,True,True,True
13763,1,211,467,3,-131073,2,0.99933,True,True,True
13771,1,212,468,3,-131073,1,0.99828,True,True,True
13772,1,209,465,0,131072,1,0.99969,True,True,True
13774,1,208,464,2,-131072,3,0.99076,True,True,True
13778,1,208,464,2,-131072,4,0.9952,True,True,True
13782,1,209,465,2,-131072,2,0.99302,True,True,True
13785,1,212,468,1,131071,1,0.99951,True,True,True
13786,1,209,465,2,-131072,1,0.9989,True,True,True
13788,1,210,466,0,131072,1,0.9997,True,True,True
13791,1,213,469,3,-131073,4,0.99923,True,True,True
13793,1,212,468,1,131071,1,0.99925,True,True,True
13797,1,212,468,1,131071,2,0.99077,True,True,True
13805,1,212,468,1,131071,4,0.99974,True,True,True
13810,1,211,467,2,-131072,0,0.99909,True,True,True
13812,1,211,467,0,131072,2,0.99921,True,True,True
13818,1,211,467,2,-131072,4,0.99922,True,True,True
13819,1,213,469,3,-131073,4,0.99913,True,True,True
13826,1,212,468,2,-131072,3,0.99904,True,True,True
13827,1,214,470,3,-131073,2,0.99991,True,True,True
13835,1,214,470,3,-131073,3,0.99995,True,True,True
13841,1,214,470,1,131071,2,0.99932,True,True,True
13843,1,214,470,3,-131073,2,0.99999,True,True,True
13847,1,214,470,3,-131073,2,0.99958,True,True,True
13850,1,213,469,2,-131072,1,0.99452,True,True,True
13853,1,215,471,1,131071,4,0.99786,True,True,True
13859,1,215,471,3,-131073,2,0.9992,True,True,True
13863,1,215,471,3,-131073,1,0.99973,True,True,True
13866,1,214,470,2,-131072,0,0.99394,True,True,True
13867,1,215,471,3,-131073,0,0.9996,True,True,True
13868,1,212,468,0,131072,4,0.99846,True,True,True
13872,1,212,468,0,131072,2,0.99661,True,True,True
13873,1,216,472,1,131071,3,0.99918,True,True,True
13877,1,216,472,1,131071,3,0.99955,True,True,True
13880,1,212,468,0,131072,2,0.99928,True,True,True
13883,1,216,472,3,-131073,0,0.99933,True,True,True
13889,1,216,472,1,131071,2,0.99981,True,True,True
13892,1,213,469,0,131072,0,0.99945,True,True,True
13895,1,216,472,3,-131073,3,0.99947,True,True,True
13896,1,213,469,0,131072,3,0.99972,True,True,True
13899,1,217,473,3,-131073,2,0.99979,True,True,True
13905,1,218,474,1,131071,4,0.99967,True,True,True
13906,1,216,472,2,-131072,2,0.995,True,True,True
13909,1,218,474,1,131071,2,0.99865,True,True,True
13913,1,218,474,1,131071,0,0.99939,True,True,True
13919,1,218,474,3,-131073,0,0.99939,True,True,True
13920,1,215,471,0,131072,1,0.99907,True,True,True
13923,1,218,474,3,-131073,4,0.99987,True,True,True
13926,1,216,472,2,-131072,0,0.99674,True,True,True
13930,1,216,472,2,-131072,1,0.99634,True,True,True
13931,1,218,474,3,-131073,2,0.99987,True,True,True
13938,1,217,473,2,-131072,4,0.9996,True,True,True
13940,1,216,472,0,131072,2,0.99993,True,True,True
13941,1,219,475,1,131071,3,0.99674,True,True,True
13942,1,217,473,2,-131072,0,0.99934,True,True,True
13949,1,220,476,1,131071,1,0.99903,True,True,True
13955,1,220,476,3,-131073,2,0.99931,True,True,True
13956,1,217,473,0,131072,6,0.99949,True,True,True
13962,1,218,474,2,-131072,2,0.99729,True,True,True
13966,1,218,474,2,-131072,6,0.99303,True,True,True
13967,1,220,476,3,-131073,8,0.99995,True,True,True
13971,1,220,476,3,-131073,1,0.99989,True,True,True
13974,1,218,474,2,-131072,1,0.99257,True,True,True
13979,1,220,476,3,-131073,3,0.99978,True,True,True
13981,1,222,478,1,131071,1,0.99979,True,True,True
13983,1,220,476,3,-131073,0,0.99741,True,True,True
13984,1,217,473,0,131072,3,0.99988,True,True,True
13985,1,222,478,1,131071,0,0.99932,True,True,True
13986,1,218,474,2,-131072,1,0.99819,True,True,True
13995,1,221,477,3,-131073,0,0.99992,True,True,True
13999,1,221,477,3,-131073,5,0.99998,True,True,True
14000,1,218,474,0,131072,5,0.99721,True,True,True
14001,1,222,478,1,131071,1,0.99949,True,True,True
14002,1,219,475,2,-131072,3,0.99061,True,True,True
14006,1,219,475,2,-131072,3,0.99874,True,True,True
14010,1,220,476,2,-131072,3,0.99002,True,True,True
14019,1,222,478,3,-131073,3,0.99979,True,True,True
14020,1,219,475,0,131072,3,0.99952,True,True,True
14024,1,219,475,0,131072,3,0.99331,True,True,True
14026,1,220,476,2,-131072,3,0.99975,True,True,True
14028,1,219,475,0,131072,0,0.99191,True,True,True
14031,1,222,478,3,-131073,1,0.99901,True,True,True
14032,1,219,475,0,131072,8,0.99865,True,True,True
14033,1,223,479,1,131071,6,0.99987,True,True,True
14037,1,223,479,1,131071,2,0.99907,True,True,True
14040,1,219,475,0,131072,0,0.99211,True,True,True
14043,1,222,478,3,-131073,1,0.99997,True,True,True
14044,1,220,476,0,131072,3,0.9997,True,True,True
14051,1,223,479,3,-131073,6,0.9963,True,True,True
14059,1,223,479,3,-131073,2,0.9991,True,True,True
14063,1,223,479,3,-131073,0,0.99996,True,True,True
14065,1,224,480,1,131071,2,0.99761,True,True,True
14067,1,223,479,3,-131073,3,0.99975,True,True,True
14072,1,221,477,0,131072,5,0.99187,True,True,True
14075,1,223,479,3,-131073,0,0.99995,True,True,True
14076,1,221,477,0,131072,1,0.99203,True,True,True
14089,1,225,481,1,131071,1,0.99411,True,True,True
14090,1,223,479,2,-131072,5,0.99927,True,True,True
14096,1,222,478,0,131072,3,0.99766,True,True,True
14097,1,225,481,1,131071,4,0.99707,True,True,True
14098,1,223,479,2,-131072,4,0.99681,True,True,True
14099,1,224,480,3,-131073,2,0.99949,True,True,True
14103,1,225,481,3,-131073,0,0.99325,True,True,True
14108,1,222,478,0,131072,3,0.99677,True,True,True
14110,1,224,480,2,-131072,1,0.99934,True,True,True
14112,1,222,478,0,131072,5,0.99884,True,True,True
14115,1,225,481,3,-131073,1,0.99968,True,True,True
14117,1,226,482,1,131071,4,0.99279,True,True,True
14121,1,226,482,1,131071,2,0.99927,True,True,True
14124,1,222,478,0,131072,2,0.99994,True,True,True
14125,1,226,482,1,131071,2,0.99105,True,True,True
14133,1,227,483,1,131071,5,0.99804,True,True,True
14137,1,227,483,1,131071,6,0.99671,True,True,True
14138,1,224,480,2,-131072,1,0.99952,True,True,True
14141,1,227,483,1,131071,1,0.99789,True,True,True
14142,1,224,480,2,-131072,0,0.99969,True,True,True
14146,1,225,481,2,-131072,1,0.99984,True,True,True
14150,1,225,481,2,-131072,1,0.99775,True,True,True
14152,1,223,479,0,131072,2,0.99418,True,True,True
14157,1,227,483,1,131071,0,0.99644,True,True,True
14158,1,225,481,2,-131072,3,0.99723,True,True,True
14162,1,225,481,2,-131072,0,0.99594,True,True,True
14165,1,227,483,1,131071,1,0.99982,True,True,True
14167,1,227,483,3,-131073,1,0.99962,True,True,True
14169,1,227,483,1,131071,2,0.99768,True,True,True
14184,1,225,481,0,131072,1,0.99941,True,True,True
14196,1,226,482,0,131072,2,0.99737,True,True,True
14198,1,227,483,2,-131072,0,0.9989,True,True,True
14202,1,227,483,2,-131072,5,0.9976,True,True,True
14205,1,228,484,1,131071,0,0.99687,True,True,True
14208,1,226,482,0,131072,0,0.99964,True,True,True
14220,1,226,482,0,131072,0,0.99613,True,True,True
14221,1,229,485,1,131071,1,0.9991,True,True,True
14223,1,230,486,3,-131073,0,0.99851,True,True,True
14227,1,230,486,3,-131073,4,0.99985,True,True,True
14229,1,229,485,1,131071,4,0.9976,True,True,True
14230,1,228,484,2,-131072,4,0.99648,True,True,True
14233,1,229,485,1,131071,1,0.99231,True,True,True
14234,1,228,484,2,-131072,3,0.99163,True,True,True
14235,1,230,486,3,-131073,2,0.9997,True,True,True
14241,1,229,485,1,131071,3,0.99924,True,True,True
14243,1,230,486,3,-131073,0,0.99991,True,True,True
14245,1,229,485,1,131071,0,0.99706,True,True,True
14250,1,229,485,2,-131072,5,0.99988,True,True,True
14254,1,229,485,2,-131072,1,0.99945,True,True,True
14256,1,227,483,0,131072,2,0.99981,True,True,True
14260,1,228,484,0,131072,3,0.99795,True,True,True
14266,1,229,485,2,-131072,1,0.99812,True,True,True
14267,1,231,487,3,-131073,4,0.99998,True,True,True
14269,1,230,486,1,131071,2,0.99567,True,True,True
14271,1,231,487,3,-131073,2,0.99778,True,True,True
14277,1,230,486,1,131071,4,0.99476,True,True,True
14280,1,228,484,0,131072,5,0.99281,True,True,True
14286,1,230,486,2,-131072,0,0.99193,True,True,True
14287,1,232,488,3,-131073,2,0.99829,True,True,True
14290,1,230,486,2,-131072,4,0.99884,True,True,True
14295,1,232,488,3,-131073,2,0.993,True,True,True
14296,1,229,485,0,131072,1,0.9984,True,True,True
14301,1,230,486,1,131071,3,0.99866,True,True,True
14305,1,230,486,1,131071,2,0.99522,True,True,True
14307,1,233,489,3,-131073,1,0.99511,True,True,True
14311,1,233,489,3,-131073,1,0.99959,True,True,True
14313,1,231,487,1,131071,2,0.99378,True,True,True
14314,1,230,486,2,-131072,1,0.99933,True,True,True
14316,1,229,485,0,131072,1,0.99634,True,True,True
14318,1,231,487,2,-131072,5,0.99218,True,True,True
14320,1,230,486,0,131072,1,0.99987,True,True,True
14322,1,231,487,2,-131072,2,0.99329,True,True,True
14325,1,231,487,1,131071,1,0.99788,True,True,True
14326,1,231,487,2,-131072,1,0.99678,True,True,True
14331,1,234,490,3,-131073,2,0.99967,True,True,True
14332,1,230,486,0,131072,2,0.99858,True,True,True
14334,1,231,487,2,-131072,0,0.99304,True,True,True
14341,1,231,487,1,131071,5,0.99297,True,True,True
14348,1,231,487,0,131072,2,0.99947,True,True,True
14350,1,232,488,2,-131072,2,0.9959,True,True,True
14351,1,234,490,3,-131073,0,0.99972,True,True,True
14354,1,232,488,2,-131072,2,0.99816,True,True,True
14358,1,232,488,2,-131072,3,0.99824,True,True,True
14363,1,234,490,3,-131073,3,0.99974,True,True,True
14366,1,232,488,2,-131072,1,0.9998,True,True,True
14371,1,235,491,3,-131073,2,0.99909,True,True,True
14372,1,232,488,0,131072,2,0.99969,True,True,True
14375,1,235,491,3,-131073,1,0.99746,True,True,True
14380,1,232,488,0,131072,1,0.99967,True,True,True
14384,1,232,488,0,131072,2,0.99973,True,True,True
14385,1,233,489,1,131071,2,0.9917,True,True,True
14387,1,235,491,3,-131073,2,0.9999,True,True,True
14391,1,235,491,3,-131073,3,0.99995,True,True,True
14402,1,234,490,2,-131072,1,0.99631,True,True,True
14403,1,235,491,3,-131073,3,0.99994,True,True,True
14404,1,233,489,0,131072,0,0.99407,True,True,True
14405,1,234,490,1,131071,1,0.99282,True,True,True
14406,1,234,490,2,-131072,5,0.99804,True,True,True
14409,1,234,490,1,131071,2,0.99992,True,True,True
14414,1,235,491,2,-131072,1,0.99751,True,True,True
14421,1,234,490,1,131071,2,0.99901,True,True,True
14425,1,235,491,1,131071,1,0.99472,True,True,True
14427,1,236,492,3,-131073,1,0.99908,True,True,True
14429,1,235,491,1,131071,4,0.99761,True,True,True
14431,1,236,492,3,-131073,4,0.99746,True,True,True
14438,1,236,492,2,-131072,4,0.99808,True,True,True
14439,1,237,493,3,-131073,1,0.99951,True,True,True
14441,1,235,491,1,131071,1,0.9998,True,True,True
14452,1,234,490,0,131072,1,0.99017,True,True,True
14453,1,235,491,1,131071,1,0.99478,True,True,True
14456,1,235,491,0,131072,0,0.99351,True,True,True
14458,1,236,492,2,-131072,1,0.99665,True,True,True
14460,1,235,491,0,131072,2,0.99979,True,True,True
14464,1,235,491,0,131072,4,0.99993,True,True,True
14467,1,238,494,3,-131073,1,0.99906,True,True,True
14468,1,235,491,0,131072,0,0.9996,True,True,True
14470,1,237,493,2,-131072,1,0.99348,True,True,True
14472,1,235,491,0,131072,2,0.99998,True,True,True
14481,1,236,492,1,131071,4,0.99991,True,True,True
14482,1,237,493,2,-131072,1,0.99985,True,True,True
14485,1,236,492,1,131071,1,0.99912,True,True,True
14492,1,236,492,0,131072,2,0.99997,True,True,True
14495,1,239,495,3,-131073,1,0.99999,True,True,True
14496,1,236,492,0,131072,2,0.99887,True,True,True
14500,1,236,492,0,131072,0,0.99969,True,True,True
14511,1,239,495,3,-131073,4,0.99896,True,True,True
14512,1,237,493,0,131072,4,0.99996,True,True,True
14515,1,240,496,3,-131073,0,0.99421,True,True,True
14530,1,238,494,2,-131072,1,0.99621,True,True,True
14531,1,240,496,3,-131073,3,0.99992,True,True,True
14532,1,237,493,0,131072,2,0.99787,True,True,True
14533,1,238,494,1,131071,0,0.99971,True,True,True
14539,1,240,496,3,-131073,1,0.99847,True,True,True
14544,1,238,494,0,131072,2,0.99985,True,True,True
14548,1,238,494,0,131072,2,0.9998,True,True,True
14549,1,238,494,1,131071,3,0.99972,True,True,True
14555,1,241,497,3,-131073,2,0.99987,True,True,True
14571,1,242,498,3,-131073,3,0.99962,True,True,True
14576,1,239,495,0,131072,2,0.99691,True,True,True
14578,1,240,496,2,-131072,2,0.99629,True,True,True
14580,1,239,495,0,131072,2,0.99983,True,True,True
14584,1,239,495,0,131072,1,0.99867,True,True,True
14585,1,239,495,1,131071,3,0.99762,True,True,True
14593,1,240,496,1,131071,4,0.99444,True,True,True
14594,1,241,497,2,-131072,2,0.99231,True,True,True
14601,1,240,496,1,131071,1,0.99956,True,True,True
14602,1,241,497,2,-131072,2,0.99365,True,True,True
14605,1,240,496,1,131071,2,0.99921,True,True,True
14606,1,242,498,2,-131072,4,0.99585,True,True,True
14611,1,243,499,3,-131073,3,0.99989,True,True,True
14617,1,240,496,1,131071,2,0.99495,True,True,True
14624,1,241,497,0,131072,3,0.99928,True,True,True
14632,1,241,497,0,131072,2,0.99802,True,True,True
14640,1,241,497,0,131072,1,0.99966,True,True,True
14642,1,242,498,2,-131072,1,0.99564,True,True,True
14645,1,242,498,1,131071,0,0.99558,True,True,True
14647,1,244,500,3,-131073,0,0.99864,True,True,True
14651,1,244,500,3,-131073,1,0.99855,True,True,True
14652,1,242,498,0,131072,3,0.99965,True,True,True
14661,1,242,498,1,131071,2,0.99864,True,True,True
14663,1,245,501,3,-131073,0,0.99951,True,True,True
14665,1,242,498,1,131071,1,0.99097,True,True,True
14669,1,242,498,1,131071,2,0.99864,True,True,True
14670,1,243,499,2,-131072,1,0.99495,True,True,True
14671,1,245,501,3,-131073,2,0.9999,True,True,True
14672,1,243,499,0,131072,2,0.99961,True,True,True
14673,1,243,499,1,131071,0,0.99765,True,True,True
14680,1,244,500,0,131072,2,0.99983,True,True,True
14683,1,246,502,3,-131073,2,0.99972,True,True,True
14684,1,244,500,0,131072,2,0.99942,True,True,True
14685,1,243,499,1,131071,0,0.99236,True,True,True
14688,1,244,500,0,131072,4,0.99966,True,True,True
14689,1,244,500,1,131071,2,0.99965,True,True,True
14700,1,245,501,0,131072,3,0.99993,True,True,True
14704,1,245,501,0,131072,4,0.99904,True,True,True
14709,1,245,501,1,131071,1,0.99394,True,True,True
14713,1,245,501,1,131071,0,0.99905,True,True,True
14715,1,247,503,3,-131073,2,0.99971,True,True,True
14717,1,245,501,1,131071,0,0.99959,True,True,True
14719,1,247,503,3,-131073,4,0.99987,True,True,True
14721,1,245,501,1,131071,1,0.99789,True,True,True
14722,1,246,502,2,-131072,1,0.9933,True,True,True
14724,1,245,501,0,131072,0,0.99955,True,True,True
14728,1,246,502,0,131072,4,0.99955,True,True,True
14729,1,245,501,1,131071,2,0.99781,True,True,True
14732,1,246,502,0,131072,2,0.99475,True,True,True
14733,1,246,502,1,131071,3,0.99924,True,True,True
14741,1,246,502,1,131071,0,0.9978,True,True,True
14742,1,247,503,2,-131072,2,0.99755,True,True,True
14747,1,248,504,3,-131073,0,0.99978,True,True,True
14749,1,247,503,1,131071,1,0.99625,True,True,True
14750,1,247,503,2,-131072,1,0.99625,True,True,True
14751,1,248,504,3,-131073,1,0.99999,True,True,True
14752,1,247,503,0,131072,1,0.99686,True,True,True
14753,1,247,503,1,131071,1,0.99984,True,True,True
14754,1,247,503,2,-131072,3,0.99952,True,True,True
14758,1,247,503,2,-131072,5,0.998,True,True,True
14763,1,248,504,3,-131073,3,0.99996,True,True,True
14771,1,249,505,3,-131073,1,0.99982,True,True,True
14773,1,247,503,1,131071,1,0.9995,True,True,True
14779,1,249,505,3,-131073,1,0.99302,True,True,True
14784,1,248,504,0,131072,1,0.99995,True,True,True
14787,1,249,505,3,-131073,2,0.99909,True,True,True
14792,1,248,504,0,131072,2,0.99742,True,True,True
14796,1,248,504,0,131072,0,0.99933,True,True,True
14799,1,250,506,3,-131073,1,0.99924,True,True,True
14802,1,249,505,2,-131072,0,0.99398,True,True,True
14805,1,248,504,1,131071,3,0.99877,True,True,True
14808,1,248,504,0,131072,1,0.99998,True,True,True
14815,1,250,506,3,-131073,1,0.99998,True,True,True
14818,1,249,505,2,-131072,2,0.99915,True,True,True
14819,1,250,506,3,-131073,1,0.99817,True,True,True
14821,1,249,505,1,131071,2,0.99912,True,True,True
14823,1,250,506,3,-131073,0,0.99807,True,True,True
14828,1,248,504,0,131072,1,0.9977,True,True,True
14832,1,248,504,0,131072,2,0.99257,True,True,True
14835,1,251,507,3,-131073,2,0.99855,True,True,True
14839,1,251,507,3,-131073,1,0.99999,True,True,True
14844,1,249,505,0,131072,2,0.99886,True,True,True
14847,1,251,507,3,-131073,2,0.99985,True,True,True
14855,1,251,507,3,-131073,5,0.99955,True,True,True
14864,1,250,506,0,131072,2,0.99692,True,True,True
14868,1,251,507,0,131072,0,0.99998,True,True,True
14874,1,251,507,2,-131072,2,0.99975,True,True,True
14875,1,252,508,3,-131073,1,0.9992,True,True,True
14878,1,251,507,2,-131072,1,0.99542,True,True,True
14880,1,251,507,0,131072,1,0.99628,True,True,True
14883,1,252,508,3,-131073,1,0.99793,True,True,True
14885,1,251,507,1,131071,5,0.99854,True,True,True
14888,1,252,508,0,131072,2,0.99997,True,True,True
14889,1,251,507,1,131071,4,0.99865,True,True,True
14891,1,253,509,3,-131073,4,0.99776,True,True,True
14897,1,251,507,1,131071,1,0.99705,True,True,True
14899,1,253,509,3,-131073,0,0.99987,True,True,True
14902,1,252,508,2,-131072,1,0.99842,True,True,True
14905,1,252,508,1,131071,0,0.99842,True,True,True
14907,1,253,509,3,-131073,2,0.99979,True,True,True
14912,1,252,508,0,131072,0,0.9999,True,True,True
14913,1,252,508,1,131071,2,0.99391,True,True,True
14916,1,252,508,0,131072,4,0.99994,True,True,True
14923,1,253,509,3,-131073,2,0.99968,True,True,True
14926,1,253,509,2,-131072,3,0.99801,True,True,True
14937,1,253,509,1,131071,3,0.99657,True,True,True
14938,1,253,509,2,-131072,1,0.99652,True,True,True
14940,1,253,509,0,131072,1,0.99994,True,True,True
14951,1,254,510,3,-131073,1,0.99988,True,True,True
14960,1,253,509,0,131072,2,0.99145,True,True,True
14962,1,254,510,2,-131072,2,0.99619,True,True,True
14975,1,255,511,3,-131073,2,0.99999,True,True,True
14977,1,255,511,1,131071,1,0.99813,True,True,True
14987,1,255,511,3,-131073,2,1.0,True,True,True
14989,1,255,511,1,131071,2,0.99326,True,True,True
14993,1,255,511,1,131071,1,0.99149,True,True,True
14999,1,255,511,3,-131073,3,1.0,True,True,True
15011,2,0,512,3,-131073,1,0.99756,True,True,True
15012,2,0,512,0,131072,2,0.99996,True,True,True
15020,2,0,512,0,131072,4,0.9999,True,True,True
15023,2,1,513,3,-131073,2,0.99987,True,True,True
15027,2,1,513,3,-131073,0,0.9999,True,True,True
15028,2,0,512,0,131072,1,0.9998,True,True,True
15031,2,1,513,3,-131073,4,0.99998,True,True,True
15036,2,1,513,0,131072,3,0.99956,True,True,True
15043,2,1,513,3,-131073,3,0.99995,True,True,True
15044,2,1,513,0,131072,1,0.99923,True,True,True
15047,2,2,514,3,-131073,3,0.99939,True,True,True
15048,2,1,513,0,131072,3,0.99962,True,True,True
15049,2,1,513,1,131071,3,0.99793,True,True,True
15052,2,1,513,0,131072,1,0.99915,True,True,True
15056,2,1,513,0,131072,3,0.99976,True,True,True
15059,2,2,514,3,-131073,1,0.99969,True,True,True
15063,2,2,514,3,-131073,0,0.99763,True,True,True
15065,2,2,514,1,131071,9,0.99891,True,True,True
15070,2,1,513,2,-131072,2,0.99906,True,True,True
15075,2,3,515,3,-131073,3,0.99977,True,True,True
15081,2,2,514,1,131071,2,0.99347,True,True,True
15089,2,2,514,1,131071,1,0.99949,True,True,True
15091,2,3,515,3,-131073,1,0.99996,True,True,True
15092,2,3,515,0,131072,3,0.99921,True,True,True
15094,2,2,514,2,-131072,2,0.99827,True,True,True
15102,2,2,514,2,-131072,2,0.99974,True,True,True
15103,2,3,515,3,-131073,6,0.99997,True,True,True
15106,2,2,514,2,-131072,1,0.9996,True,True,True
15107,2,3,515,3,-131073,3,0.99973,True,True,True
15113,2,3,515,1,131071,1,0.9961,True,True,True
15114,2,3,515,2,-131072,1,0.9999,True,True,True
15115,2,3,515,3,-131073,1,0.99998,True,True,True
15119,2,4,516,3,-131073,2,0.99942,True,True,True
15122,2,3,515,2,-131072,2,0.99898,True,True,True
15123,2,4,516,3,-131073,0,0.99895,True,True,True
15127,2,4,516,3,-131073,1,0.9997,True,True,True
15132,2,3,515,0,131072,2,0.99224,True,True,True
15148,2,4,516,0,131072,1,0.99999,True,True,True
15150,2,5,517,2,-131072,1,0.99762,True,True,True
15160,2,4,516,0,131072,4,0.99781,True,True,True
15162,2,5,517,2,-131072,3,0.99573,True,True,True
15163,2,5,517,3,-131073,2,0.99949,True,True,True
15166,2,6,518,2,-131072,3,0.99913,True,True,True
15174,2,6,518,2,-131072,1,0.99485,True,True,True
15175,2,5,517,3,-131073,1,0.99997,True,True,True
15180,2,5,517,0,131072,0,0.99929,True,True,True
15183,2,5,517,3,-131073,0,0.99906,True,True,True
15185,2,5,517,1,131071,1,0.99885,True,True,True
15197,2,5,517,1,131071,4,0.99951,True,True,True
15200,2,6,518,0,131072,3,0.9979,True,True,True
15202,2,7,519,2,-131072,2,0.99557,True,True,True
15206,2,7,519,2,-131072,0,0.9992,True,True,True
15209,2,6,518,1,131071,0,0.99739,True,True,True
15217,2,6,518,1,131071,1,0.99963,True,True,True
15219,2,6,518,3,-131073,1,0.99992,True,True,True
15221,2,6,518,1,131071,0,0.99969,True,True,True
15224,2,7,519,0,131072,2,0.99974,True,True,True
15227,2,6,518,3,-131073,0,0.99981,True,True,True
15228,2,7,519,0,131072,2,0.99938,True,True,True
15230,2,7,519,2,-131072,1,0.99805,True,True,True
15231,2,6,518,3,-131073,2,0.99997,True,True,True
15235,2,6,518,3,-131073,2,0.99994,True,True,True
15236,2,7,519,0,131072,1,0.99987,True,True,True
15237,2,7,519,1,131071,1,0.99989,True,True,True
15240,2,7,519,0,131072,0,0.9997,True,True,True
15244,2,7,519,0,131072,2,0.99936,True,True,True
15246,2,8,520,2,-131072,3,0.99134,True,True,True
15260,2,8,520,0,131072,1,0.99899,True,True,True
15262,2,8,520,2,-131072,1,0.99871,True,True,True
15264,2,8,520,0,131072,2,0.99878,True,True,True
15269,2,8,520,1,131071,2,0.9982,True,True,True
15273,2,8,520,1,131071,2,0.99919,True,True,True
15274,2,8,520,2,-131072,7,0.99897,True,True,True
15275,2,7,519,3,-131073,3,0.99934,True,True,True
15285,2,8,520,1,131071,2,0.99824,True,True,True
15286,2,9,521,2,-131072,1,0.99874,True,True,True
15291,2,8,520,3,-131073,2,0.99571,True,True,True
15296,2,9,521,0,131072,3,0.99444,True,True,True
15303,2,8,520,3,-131073,3,0.99875,True,True,True
15308,2,9,521,0,131072,2,0.99699,True,True,True
15314,2,10,522,2,-131072,1,0.99862,True,True,True
15316,2,9,521,0,131072,2,0.99998,True,True,True
15318,2,10,522,2,-131072,3,0.99561,True,True,True
15323,2,8,520,3,-131073,2,0.99951,True,True,True
15331,2,9,521,3,-131073,3,0.99699,True,True,True
15334,2,10,522,2,-131072,1,0.9987,True,True,True
15336,2,10,522,0,131072,2,0.99257,True,True,True
15341,2,10,522,1,131071,2,0.99578,True,True,True
15344,2,10,522,0,131072,2,0.99003,True,True,True
15346,2,11,523,2,-131072,0,0.99901,True,True,True
15349,2,11,523,1,131071,0,0.99907,True,True,True
15350,2,11,523,2,-131072,0,0.99854,True,True,True
15352,2,10,522,0,131072,6,0.99988,True,True,True
15356,2,10,522,0,131072,2,0.99994,True,True,True
15359,2,10,522,3,-131073,1,0.99983,True,True,True
15362,2,11,523,2,-131072,3,0.99973,True,True,True
15365,2,11,523,1,131071,2,0.997,True,True,True
15377,2,11,523,1,131071,1,0.9951,True,True,True
15380,2,11,523,0,131072,1,0.99897,True,True,True
15381,2,12,524,1,131071,2,0.99813,True,True,True
15382,2,11,523,2,-131072,1,0.99653,True,True,True
15384,2,11,523,0,131072,1,0.99058,True,True,True
15385,2,12,524,1,131071,2,0.99206,True,True,True
15389,2,12,524,1,131071,1,0.99968,True,True,True
15392,2,11,523,0,131072,1,0.99981,True,True,True
15393,2,12,524,1,131071,0,0.99243,True,True,True
15399,2,11,523,3,-131073,1,0.99982,True,True,True
15410,2,12,524,2,-131072,4,0.99979,True,True,True
15412,2,12,524,0,131072,3,0.99978,True,True,True
15413,2,12,524,1,131071,4,0.99844,True,True,True
15414,2,12,524,2,-131072,3,0.99634,True,True,True
15416,2,12,524,0,131072,5,0.99491,True,True,True
15420,2,13,525,0,131072,5,0.99626,True,True,True
15433,2,13,525,1,131071,1,0.99819,True,True,True
15435,2,12,524,3,-131073,2,0.99995,True,True,True
15436,2,13,525,0,131072,1,0.99996,True,True,True
15442,2,13,525,2,-131072,3,0.99898,True,True,True
15445,2,14,526,1,131071,3,0.99973,True,True,True
15446,2,13,525,2,-131072,1,0.99602,True,True,True
15449,2,14,526,1,131071,3,0.9996,True,True,True
15451,2,12,524,3,-131073,4,0.99984,True,True,True
15454,2,13,525,2,-131072,2,0.99764,True,True,True
15461,2,14,526,1,131071,2,0.99933,True,True,True
15463,2,12,524,3,-131073,3,0.99971,True,True,True
15465,2,15,527,1,131071,1,0.99862,True,True,True
15466,2,13,525,2,-131072,2,0.9971,True,True,True
15468,2,14,526,0,131072,2,0.99963,True,True,True
15469,2,15,527,1,131071,1,0.99985,True,True,True
15470,2,14,526,2,-131072,3,0.99749,True,True,True
15471,2,13,525,3,-131073,6,0.99986,True,True,True
15472,2,15,527,0,131072,3,0.9993,True,True,True
15479,2,13,525,3,-131073,1,0.99965,True,True,True
15481,2,15,527,1,131071,0,0.99217,True,True,True
15483,2,13,525,3,-131073,2,0.99884,True,True,True
15486,2,14,526,2,-131072,3,0.99682,True,True,True
15489,2,15,527,1,131071,1,0.99823,True,True,True
15490,2,15,527,2,-131072,1,0.99821,True,True,True
15497,2,15,527,1,131071,2,0.99849,True,True,True
15498,2,15,527,2,-131072,0,0.99964,True,True,True
15500,2,15,527,0,131072,2,0.99241,True,True,True
15501,2,15,527,1,131071,2,0.99915,True,True,True
15509,2,15,527,1,131071,2,0.99989,True,True,True
15510,2,15,527,2,-131072,1,0.99663,True,True,True
15516,2,16,528,0,131072,4,0.99994,True,True,True
15518,2,16,528,2,-131072,0,0.99896,True,True,True
15520,2,16,528,0,131072,5,0.99983,True,True,True
15522,2,16,528,2,-131072,4,0.99861,True,True,True
15524,2,17,529,0,131072,2,0.99993,True,True,True
15527,2,15,527,3,-131073,2,0.99965,True,True,True
15533,2,16,528,1,131071,0,0.99975,True,True,True
15536,2,17,529,0,131072,2,0.99977,True,True,True
15541,2,16,528,1,131071,2,0.99712,True,True,True
15542,2,17,529,2,-131072,1,0.99949,True,True,True
15552,2,17,529,0,131072,2,0.99784,True,True,True
15553,2,16,528,1,131071,1,0.99952,True,True,True
15555,2,15,527,3,-131073,2,0.99933,True,True,True
15564,2,18,530,0,131072,3,0.99927,True,True,True
15566,2,18,530,2,-131072,4,0.99905,True,True,True
15568,2,18,530,0,131072,3,0.99926,True,True,True
15571,2,16,528,3,-131073,2,0.9995,True,True,True
15578,2,19,531,2,-131072,3,0.99849,True,True,True
15582,2,19,531,2,-131072,1,0.99972,True,True,True
15584,2,18,530,0,131072,1,0.99972,True,True,True
15586,2,19,531,2,-131072,0,0.99911,True,True,True
15594,2,19,531,2,-131072,0,0.99831,True,True,True
15595,2,16,528,3,-131073,1,0.99983,True,True,True
15597,2,18,530,1,131071,2,0.99976,True,True,True
15598,2,19,531,2,-131072,1,0.99647,True,True,True
15599,2,16,528,3,-131073,1,0.99886,True,True,True
15601,2,18,530,1,131071,2,0.999,True,True,True
15602,2,19,531,2,-131072,3,0.99934,True,True,True
15603,2,17,529,3,-131073,0,0.99976,True,True,True
15606,2,19,531,2,-131072,0,0.99992,True,True,True
15608,2,19,531,0,131072,0,0.99998,True,True,True
15610,2,19,531,2,-131072,4,0.99874,True,True,True
15617,2,18,530,1,131071,3,0.99962,True,True,True
15618,2,20,532,2,-131072,1,0.99737,True,True,True
15621,2,18,530,1,131071,0,0.99986,True,True,True
15625,2,19,531,1,131071,0,0.99629,True,True,True
15627,2,17,529,3,-131073,4,0.99977,True,True,True
15628,2,20,532,0,131072,3,0.99991,True,True,True
15631,2,17,529,3,-131073,4,0.99989,True,True,True
15632,2,20,532,0,131072,1,0.99971,True,True,True
15636,2,21,533,0,131072,2,0.99997,True,True,True
15640,2,21,533,0,131072,0,0.99991,True,True,True
15644,2,21,533,0,131072,2,0.9991,True,True,True
15646,2,21,533,2,-131072,1,0.99771,True,True,True
15647,2,18,530,3,-131073,5,0.9998,True,True,True
15650,2,21,533,2,-131072,1,0.99905,True,True,True
15653,2,20,532,1,131071,0,0.99345,True,True,True
15659,2,18,530,3,-131073,0,0.99915,True,True,True
15661,2,20,532,1,131071,1,0.99929,True,True,True
15666,2,21,533,2,-131072,1,0.99984,True,True,True
15676,2,22,534,0,131072,2,0.99722,True,True,True
15690,2,21,533,2,-131072,0,0.99816,True,True,True
15692,2,22,534,0,131072,4,0.99963,True,True,True
15701,2,22,534,1,131071,0,0.99396,True,True,True
15702,2,23,535,2,-131072,2,0.99869,True,True,True
15703,2,20,532,3,-131073,2,0.99995,True,True,True
15708,2,23,535,0,131072,3,0.99983,True,True,True
15709,2,22,534,1,131071,0,0.99517,True,True,True
15718,2,23,535,2,-131072,1,0.99597,True,True,True
15722,2,23,535,2,-131072,3,0.99665,True,True,True
15727,2,20,532,3,-131073,1,0.99806,True,True,True
15733,2,22,534,1,131071,3,0.99711,True,True,True
15736,2,23,535,0,131072,4,0.99402,True,True,True
15737,2,22,534,1,131071,6,0.99035,True,True,True
15738,2,23,535,2,-131072,2,0.99555,True,True,True
15739,2,21,533,3,-131073,2,0.99961,True,True,True
15743,2,21,533,3,-131073,3,0.99933,True,True,True
15745,2,23,535,1,131071,0,0.99977,True,True,True
15750,2,24,536,2,-131072,2,0.99918,True,True,True
15752,2,24,536,0,131072,2,0.99893,True,True,True
15754,2,24,536,2,-131072,0,0.9974,True,True,True
15756,2,24,536,0,131072,4,0.99695,True,True,True
15757,2,23,535,1,131071,7,0.99185,True,True,True
15762,2,25,537,2,-131072,0,0.9993,True,True,True
15768,2,24,536,0,131072,0,0.99332,True,True,True
15769,2,23,535,1,131071,2,0.99907,True,True,True
15771,2,23,535,3,-131073,0,0.99993,True,True,True
15773,2,23,535,1,131071,1,0.99981,True,True,True
15776,2,25,537,0,131072,1,0.99966,True,True,True
15778,2,25,537,2,-131072,1,0.99509,True,True,True
15782,2,25,537,2,-131072,2,0.9969,True,True,True
15786,2,25,537,2,-131072,2,0.99671,True,True,True
15793,2,24,536,1,131071,3,0.99581,True,True,True
15795,2,23,535,3,-131073,2,0.99843,True,True,True
15796,2,26,538,0,131072,3,0.99976,True,True,True
15802,2,26,538,2,-131072,1,0.99794,True,True,True
15803,2,23,535,3,-131073,3,0.99998,True,True,True
15809,2,24,536,1,131071,1,0.99988,True,True,True
15815,2,24,536,3,-131073,2,0.99995,True,True,True
15817,2,24,536,1,131071,4,0.99864,True,True,True
15825,2,24,536,1,131071,1,0.9997,True,True,True
15828,2,26,538,0,131072,3,0.99933,True,True,True
15834,2,26,538,2,-131072,0,0.99176,True,True,True
15836,2,26,538,0,131072,2,0.99998,True,True,True
15842,2,26,538,2,-131072,1,0.99742,True,True,True
15846,2,26,538,2,-131072,2,0.99886,True,True,True
15847,2,25,537,3,-131073,1,0.9995,True,True,True
15853,2,25,537,1,131071,0,0.99938,True,True,True
15856,2,27,539,0,131072,1,0.99947,True,True,True
15866,2,26,538,2,-131072,3,0.99681,True,True,True
15872,2,27,539,0,131072,2,0.99947,True,True,True
15876,2,27,539,0,131072,0,0.99989,True,True,True
15877,2,25,537,1,131071,1,0.99858,True,True,True
15879,2,26,538,3,-131073,2,0.99976,True,True,True
15881,2,25,537,1,131071,3,0.99396,True,True,True
15883,2,26,538,3,-131073,1,0.99986,True,True,True
15884,2,28,540,0,131072,2,0.9994,True,True,True
15885,2,25,537,1,131071,5,0.9986,True,True,True
15887,2,26,538,3,-131073,0,0.99973,True,True,True
15892,2,28,540,0,131072,5,0.99987,True,True,True
15894,2,28,540,2,-131072,7,0.99916,True,True,True
15895,2,26,538,3,-131073,1,0.99999,True,True,True
15904,2,29,541,0,131072,4,0.99984,True,True,True
15905,2,26,538,1,131071,1,0.99976,True,True,True
15908,2,29,541,0,131072,2,0.99924,True,True,True
15909,2,26,538,1,131071,3,0.99955,True,True,True
15910,2,28,540,2,-131072,2,0.99974,True,True,True
15913,2,26,538,1,131071,1,0.99785,True,True,True
15915,2,27,539,3,-131073,0,0.99983,True,True,True
15918,2,28,540,2,-131072,6,0.99864,True,True,True
15920,2,29,541,0,131072,1,0.99951,True,True,True
15922,2,28,540,2,-131072,2,0.99892,True,True,True
15930,2,28,540,2,-131072,4,0.99228,True,True,True
15935,2,27,539,3,-131073,2,0.99849,True,True,True
15939,2,27,539,3,-131073,4,0.99997,True,True,True
15947,2,27,539,3,-131073,2,0.9998,True,True,True
15950,2,29,541,2,-131072,1,0.99878,True,True,True
15953,2,28,540,1,131071,2,0.99954,True,True,True
15955,2,28,540,3,-131073,2,0.99872,True,True,True
15958,2,29,541,2,-131072,5,0.9976,True,True,True
15961,2,28,540,1,131071,4,0.99881,True,True,True
15963,2,28,540,3,-131073,3,0.99996,True,True,True
15970,2,30,542,2,-131072,1,0.99316,True,True,True
15971,2,28,540,3,-131073,1,0.99734,True,True,True
15979,2,28,540,3,-131073,3,0.99943,True,True,True
15982,2,30,542,2,-131072,2,0.99955,True,True,True
15993,2,29,541,1,131071,1,0.99229,True,True,True
15994,2,30,542,2,-131072,1,0.99594,True,True,True
15996,2,31,543,0,131072,1,0.99988,True,True,True
16003,2,29,541,3,-131073,1,0.99894,True,True,True
16012,2,32,544,0,131072,2,0.99955,True,True,True
16015,2,29,541,3,-131073,5,0.9999,True,True,True
16019,2,29,541,3,-131073,6,0.99991,True,True,True
16026,2,31,543,2,-131072,2,0.9991,True,True,True
16028,2,33,545,0,131072,1,0.99989,True,True,True
16032,2,33,545,0,131072,4,0.99986,True,True,True
16038,2,31,543,2,-131072,1,0.99675,True,True,True
16041,2,32,544,1,131071,2,0.99918,True,True,True
16046,2,32,544,2,-131072,5,0.99949,True,True,True
16047,2,30,542,3,-131073,0,0.99944,True,True,True
16051,2,30,542,3,-131073,2,0.99987,True,True,True
16056,2,33,545,0,131072,1,0.99913,True,True,True
16058,2,32,544,2,-131072,2,0.99904,True,True,True
16059,2,30,542,3,-131073,3,0.99998,True,True,True
16061,2,32,544,1,131071,2,0.99394,True,True,True
16062,2,32,544,2,-131072,4,0.99799,True,True,True
16065,2,32,544,1,131071,5,0.9969,True,True,True
16070,2,33,545,2,-131072,1,0.99961,True,True,True
16078,2,33,545,2,-131072,2,0.99863,True,True,True
16087,2,31,543,3,-131073,2,0.99992,True,True,True
16088,2,34,546,0,131072,0,0.9978,True,True,True
16089,2,33,545,1,131071,3,0.9943,True,True,True
16092,2,34,546,0,131072,1,0.99966,True,True,True
16096,2,34,546,0,131072,2,0.99239,True,True,True
16107,2,32,544,3,-131073,5,0.99903,True,True,True
16108,2,34,546,0,131072,2,0.9996,True,True,True
16109,2,33,545,1,131071,0,0.99698,True,True,True
16125,2,34,546,1,131071,1,0.99741,True,True,True
16126,2,35,547,2,-131072,1,0.9978,True,True,True
16132,2,35,547,0,131072,2,0.99887,True,True,True
16133,2,34,546,1,131071,3,0.9961,True,True,True
16135,2,32,544,3,-131073,1,0.99964,True,True,True
16144,2,35,547,0,131072,1,0.99881,True,True,True
16145,2,35,547,1,131071,0,0.99804,True,True,True
16146,2,35,547,2,-131072,1,0.99907,True,True,True
16153,2,35,547,1,131071,0,0.99865,True,True,True
16156,2,36,548,0,131072,2,0.99775,True,True,True
16171,2,33,545,3,-131073,1,0.99916,True,True,True
16172,2,36,548,0,131072,1,0.99997,True,True,True
16176,2,37,549,0,131072,0,0.99968,True,True,True
16184,2,37,549,0,131072,0,0.99991,True,True,True
16193,2,36,548,1,131071,4,0.9989,True,True,True
16194,2,36,548,2,-131072,1,0.99044,True,True,True
16196,2,37,549,0,131072,1,0.99963,True,True,True
16206,2,37,549,2,-131072,3,0.99181,True,True,True
16209,2,37,549,1,131071,1,0.99877,True,True,True
16210,2,37,549,2,-131072,3,0.99784,True,True,True
16214,2,37,549,2,-131072,1,0.99987,True,True,True
16215,2,34,546,3,-131073,2,0.99985,True,True,True
16220,2,38,550,0,131072,3,0.99993,True,True,True
16222,2,37,549,2,-131072,1,0.99799,True,True,True
16237,2,37,549,1,131071,2,0.99951,True,True,True
16241,2,38,550,1,131071,1,0.9995,True,True,True
16245,2,38,550,1,131071,1,0.99983,True,True,True
16247,2,35,547,3,-131073,1,0.99942,True,True,True
16248,2,39,551,0,131072,1,0.99985,True,True,True
16253,2,38,550,1,131071,3,0.99861,True,True,True
16255,2,35,547,3,-131073,1,0.99996,True,True,True
16259,2,36,548,3,-131073,0,0.99971,True,True,True
16269,2,39,551,1,131071,1,0.99834,True,True,True
16273,2,39,551,1,131071,0,0.99866,True,True,True
16276,2,40,552,0,131072,2,0.99988,True,True,True
16286,2,39,551,2,-131072,0,0.99866,True,True,True
16289,2,39,551,1,131071,4,0.99841,True,True,True
16290,2,39,551,2,-131072,3,0.99981,True,True,True
16291,2,37,549,3,-131073,3,0.99994,True,True,True
16292,2,40,552,0,131072,1,0.99993,True,True,True
16295,2,37,549,3,-131073,2,0.99984,True,True,True
16298,2,40,552,2,-131072,2,0.99995,True,True,True
16299,2,37,549,3,-131073,4,0.99967,True,True,True
16316,2,40,552,0,131072,0,0.9999,True,True,True
16317,2,40,552,1,131071,1,0.99899,True,True,True
16320,2,40,552,0,131072,1,0.99924,True,True,True
16321,2,40,552,1,131071,0,0.99798,True,True,True
16322,2,40,552,2,-131072,6,0.9988,True,True,True
16331,2,38,550,3,-131073,0,0.99998,True,True,True
16337,2,41,553,1,131071,2,0.99612,True,True,True
16350,2,41,553,2,-131072,1,0.99449,True,True,True
16357,2,42,554,1,131071,3,0.9998,True,True,True
16358,2,41,553,2,-131072,5,0.99883,True,True,True
16369,2,42,554,1,131071,1,0.99314,True,True,True
16371,2,39,551,3,-131073,1,0.99984,True,True,True
16377,2,43,555,1,131071,1,0.99962,True,True,True
16383,2,39,551,3,-131073,0,0.99943,True,True,True
16387,2,39,551,3,-131073,2,0.99974,True,True,True
16388,2,42,554,0,131072,1,0.99761,True,True,True
16391,2,40,552,3,-131073,3,0.99897,True,True,True
16394,2,42,554,2,-131072,3,0.99934,True,True,True
16403,2,40,552,3,-131073,1,0.99966,True,True,True
16404,2,42,554,0,131072,1,0.99988,True,True,True
16405,2,43,555,1,131071,4,0.99842,True,True,True
16408,2,43,555,0,131072,1,0.99944,True,True,True
16415,2,41,553,3,-131073,1,0.9986,True,True,True
16419,2,41,553,3,-131073,1,0.996,True,True,True
16421,2,43,555,1,131071,2,0.99888,True,True,True
16422,2,43,555,2,-131072,0,0.99792,True,True,True
16424,2,43,555,0,131072,2,0.99885,True,True,True
16430,2,43,555,2,-131072,1,0.99848,True,True,True
16431,2,41,553,3,-131073,1,0.99996,True,True,True
16432,2,44,556,0,131072,1,0.9997,True,True,True
16434,2,43,555,2,-131072,4,0.99839,True,True,True
16447,2,42,554,3,-131073,2,0.99923,True,True,True
16450,2,43,555,2,-131072,2,0.99844,True,True,True
16452,2,44,556,0,131072,1,0.99863,True,True,True
16459,2,42,554,3,-131073,0,0.99992,True,True,True
16460,2,44,556,0,131072,1,0.99987,True,True,True
16465,2,44,556,1,131071,1,0.99869,True,True,True
16466,2,44,556,2,-131072,4,0.9997,True,True,True
16469,2,45,557,1,131071,2,0.99969,True,True,True
16472,2,45,557,0,131072,1,0.99971,True,True,True
16479,2,44,556,3,-131073,4,0.99835,True,True,True
16483,2,44,556,3,-131073,2,0.99965,True,True,True
16492,2,45,557,0,131072,3,0.99351,True,True,True
16494,2,45,557,2,-131072,4,0.99989,True,True,True
16499,2,44,556,3,-131073,1,0.9975,True,True,True
16500,2,45,557,0,131072,3,0.9999,True,True,True
16503,2,44,556,3,-131073,0,0.99946,True,True,True
16505,2,46,558,1,131071,0,0.99884,True,True,True
16515,2,45,557,3,-131073,1,0.99961,True,True,True
16516,2,46,558,0,131072,1,0.9997,True,True,True
16521,2,46,558,1,131071,4,0.99408,True,True,True
16530,2,46,558,2,-131072,4,0.99726,True,True,True
16532,2,47,559,0,131072,1,0.9995,True,True,True
16538,2,46,558,2,-131072,2,0.99497,True,True,True
16539,2,46,558,3,-131073,2,0.99919,True,True,True
16547,2,46,558,3,-131073,5,0.99998,True,True,True
16567,2,46,558,3,-131073,4,0.99991,True,True,True
16575,2,47,559,3,-131073,3,0.99992,True,True,True
16582,2,47,559,2,-131072,0,0.99045,True,True,True
16583,2,47,559,3,-131073,2,0.99997,True,True,True
16587,2,47,559,3,-131073,5,0.9996,True,True,True
16592,2,50,562,0,131072,1,0.99683,True,True,True
16600,2,50,562,0,131072,2,0.99993,True,True,True
16604,2,50,562,0,131072,1,0.99989,True,True,True
16608,2,50,562,0,131072,0,0.9999,True,True,True
16611,2,48,560,3,-131073,4,0.99956,True,True,True
16615,2,48,560,3,-131073,2,0.99886,True,True,True
16616,2,50,562,0,131072,1,0.99979,True,True,True
16619,2,48,560,3,-131073,3,0.99971,True,True,True
16620,2,50,562,0,131072,1,0.99948,True,True,True
16626,2,48,560,2,-131072,1,0.99975,True,True,True
16630,2,48,560,2,-131072,2,0.9978,True,True,True
16634,2,48,560,2,-131072,3,0.99964,True,True,True
16640,2,51,563,0,131072,1,0.9992,True,True,True
16641,2,51,563,1,131071,2,0.99934,True,True,True
16642,2,48,560,2,-131072,3,0.99852,True,True,True
16655,2,49,561,3,-131073,2,0.99915,True,True,True
16657,2,52,564,1,131071,0,0.9985,True,True,True
16660,2,52,564,0,131072,1,0.99833,True,True,True
16663,2,49,561,3,-131073,1,0.9995,True,True,True
16671,2,49,561,3,-131073,4,0.99936,True,True,True
16681,2,52,564,1,131071,2,0.99821,True,True,True
16683,2,49,561,3,-131073,2,0.99794,True,True,True
16687,2,49,561,3,-131073,3,0.99941,True,True,True
16689,2,52,564,1,131071,5,0.99803,True,True,True
16694,2,50,562,2,-131072,1,0.99488,True,True,True
16696,2,54,566,0,131072,2,0.9967,True,True,True
16703,2,50,562,3,-131073,5,0.99944,True,True,True
16704,2,54,566,0,131072,4,0.99991,True,True,True
16707,2,50,562,3,-131073,1,0.99913,True,True,True
16713,2,53,565,1,131071,1,0.99983,True,True,True
16719,2,50,562,3,-131073,6,0.9995,True,True,True
16722,2,51,563,2,-131072,1,0.99912,True,True,True
16723,2,51,563,3,-131073,1,0.99975,True,True,True
16727,2,51,563,3,-131073,1,0.99991,True,True,True
16732,2,56,568,0,131072,2,0.99991,True,True,True
16735,2,51,563,3,-131073,3,0.99807,True,True,True
16737,2,54,566,1,131071,4,0.9969,True,True,True
16738,2,51,563,2,-131072,2,0.9987,True,True,True
16741,2,54,566,1,131071,1,0.9966,True,True,True
16742,2,51,563,2,-131072,2,0.99942,True,True,True
16744,2,56,568,0,131072,2,0.99921,True,True,True
16750,2,52,564,2,-131072,5,0.99558,True,True,True
16755,2,51,563,3,-131073,2,0.99968,True,True,True
16756,2,56,568,0,131072,7,0.99984,True,True,True
16757,2,55,567,1,131071,2,0.99943,True,True,True
16759,2,51,563,3,-131073,1,0.99994,True,True,True
16760,2,56,568,0,131072,2,0.9997,True,True,True
16761,2,55,567,1,131071,2,0.9987,True,True,True
16765,2,55,567,1,131071,1,0.99675,True,True,True
16767,2,52,564,3,-131073,2,0.99969,True,True,True
16773,2,55,567,1,131071,1,0.9986,True,True,True
16774,2,52,564,2,-131072,4,0.99938,True,True,True
16778,2,52,564,2,-131072,3,0.99834,True,True,True
16780,2,57,569,0,131072,6,0.9976,True,True,True
16786,2,52,564,2,-131072,5,0.99783,True,True,True
16792,2,57,569,0,131072,2,0.99817,True,True,True
16793,2,57,569,1,131071,10,0.99741,True,True,True
16795,2,53,565,3,-131073,7,0.99969,True,True,True
16798,2,53,565,2,-131072,2,0.99879,True,True,True
16803,2,54,566,3,-131073,0,0.99913,True,True,True
16805,2,57,569,1,131071,3,0.99841,True,True,True
16807,2,54,566,3,-131073,1,0.99951,True,True,True
16808,2,57,569,0,131072,1,0.99885,True,True,True
16809,2,57,569,1,131071,0,0.99892,True,True,True
16816,2,57,569,0,131072,9,0.99939,True,True,True
16817,2,57,569,1,131071,4,0.99514,True,True,True
16820,2,57,569,0,131072,2,0.9999,True,True,True
16821,2,57,569,1,131071,1,0.99785,True,True,True
16832,2,57,569,0,131072,1,0.99682,True,True,True
16833,2,58,570,1,131071,2,0.99954,True,True,True
16834,2,54,566,2,-131072,0,0.99663,True,True,True
16836,2,58,570,0,131072,1,0.99979,True,True,True
16837,2,58,570,1,131071,2,0.99886,True,True,True
16845,2,58,570,1,131071,2,0.99765,True,True,True
16847,2,55,567,3,-131073,5,0.9998,True,True,True
16850,2,54,566,2,-131072,1,0.99934,True,True,True
16853,2,59,571,1,131071,1,0.99987,True,True,True
16858,2,55,567,2,-131072,3,0.99932,True,True,True
16865,2,59,571,1,131071,1,0.99941,True,True,True
16867,2,55,567,3,-131073,1,0.99891,True,True,True
16871,2,56,568,3,-131073,3,0.99986,True,True,True
16882,2,56,568,2,-131072,2,0.9995,True,True,True
16884,2,59,571,0,131072,1,0.99671,True,True,True
16885,2,60,572,1,131071,2,0.99438,True,True,True
16886,2,56,568,2,-131072,1,0.99732,True,True,True
16888,2,59,571,0,131072,1,0.99982,True,True,True
16892,2,60,572,0,131072,5,0.99991,True,True,True
16899,2,57,569,3,-131073,7,0.9998,True,True,True
16901,2,60,572,1,131071,1,0.99216,True,True,True
16902,2,57,569,2,-131072,1,0.99855,True,True,True
16903,2,57,569,3,-131073,4,0.99838,True,True,True
16910,2,57,569,2,-131072,1,0.99841,True,True,True
16911,2,57,569,3,-131073,8,0.99256,True,True,True
16913,2,61,573,1,131071,3,0.99875,True,True,True
16914,2,57,569,2,-131072,3,0.99866,True,True,True
16915,2,58,570,3,-131073,2,0.99905,True,True,True
16916,2,60,572,0,131072,2,0.99954,True,True,True
16917,2,61,573,1,131071,1,0.99719,True,True,True
16920,2,61,573,0,131072,2,0.9975,True,True,True
16926,2,58,570,2,-131072,3,0.99685,True,True,True
16927,2,58,570,3,-131073,1,0.99969,True,True,True
16929,2,61,573,1,131071,10,0.9969,True,True,True
16931,2,59,571,3,-131073,2,0.99997,True,True,True
16937,2,61,573,1,131071,3,0.99327,True,True,True
16938,2,58,570,2,-131072,2,0.99857,True,True,True
16945,2,62,574,1,131071,4,0.99501,True,True,True
16948,2,62,574,0,131072,2,0.99847,True,True,True
16955,2,59,571,3,-131073,5,0.99886,True,True,True
16957,2,62,574,1,131071,3,0.99894,True,True,True
16961,2,62,574,1,131071,1,0.99935,True,True,True
16962,2,59,571,2,-131072,2,0.99929,True,True,True
16963,2,59,571,3,-131073,7,0.99992,True,True,True
16965,2,62,574,1,131071,1,0.99755,True,True,True
16967,2,60,572,3,-131073,0,0.99994,True,True,True
16976,2,62,574,0,131072,2,0.9999,True,True,True
16979,2,60,572,3,-131073,7,0.99991,True,True,True
16982,2,60,572,2,-131072,3,0.99939,True,True,True
16985,2,63,575,1,131071,3,0.9994,True,True,True
16992,2,63,575,0,131072,3,0.99378,True,True,True
16995,2,61,573,3,-131073,3,0.99997,True,True,True
17000,2,64,576,0,131072,3,0.9999,True,True,True
17001,2,63,575,1,131071,4,0.99394,True,True,True
17007,2,62,574,3,-131073,0,0.99997,True,True,True
17009,2,64,576,1,131071,7,0.99782,True,True,True
17012,2,64,576,0,131072,2,0.99991,True,True,True
17015,2,62,574,3,-131073,0,0.99996,True,True,True
17016,2,64,576,0,131072,1,0.99997,True,True,True
17020,2,64,576,0,131072,4,0.99962,True,True,True
17023,2,63,575,3,-131073,2,0.99994,True,True,True
17025,2,64,576,1,131071,2,0.99493,True,True,True
17031,2,63,575,3,-131073,3,0.99881,True,True,True
17032,2,65,577,0,131072,3,0.99969,True,True,True
17033,2,65,577,1,131071,5,0.99711,True,True,True
17034,2,62,574,2,-131072,2,0.99518,True,True,True
17036,2,65,577,0,131072,0,0.99997,True,True,True
17039,2,63,575,3,-131073,4,0.99987,True,True,True
17041,2,65,577,1,131071,2,0.99732,True,True,True
17047,2,63,575,3,-131073,4,0.9982,True,True,True
17052,2,66,578,0,131072,6,0.99377,True,True,True
17056,2,66,578,0,131072,0,0.99528,True,True,True
17057,2,65,577,1,131071,1,0.99774,True,True,True
17063,2,64,576,3,-131073,1,0.99815,True,True,True
17065,2,65,577,1,131071,2,0.99859,True,True,True
17074,2,63,575,2,-131072,1,0.99647,True,True,True
17075,2,64,576,3,-131073,1,0.99951,True,True,True
17078,2,63,575,2,-131072,0,0.99891,True,True,True
17083,2,64,576,3,-131073,3,0.99982,True,True,True
17084,2,67,579,0,131072,4,0.99977,True,True,True
17086,2,63,575,2,-131072,3,0.99846,True,True,True
17087,2,64,576,3,-131073,2,0.99981,True,True,True
17089,2,66,578,1,131071,1,0.9973,True,True,True
17093,2,66,578,1,131071,4,0.99932,True,True,True
17094,2,63,575,2,-131072,4,0.99843,True,True,True
17095,2,64,576,3,-131073,7,0.99906,True,True,True
17098,2,63,575,2,-131072,0,0.99674,True,True,True
17102,2,63,575,2,-131072,0,0.99913,True,True,True
17104,2,67,579,0,131072,4,0.99019,True,True,True
17106,2,64,576,2,-131072,7,0.99738,True,True,True
17116,2,67,579,0,131072,1,0.99652,True,True,True
17124,2,68,580,0,131072,3,0.99976,True,True,True
17125,2,67,579,1,131071,2,0.99949,True,True,True
17127,2,65,577,3,-131073,6,0.99987,True,True,True
17132,2,68,580,0,131072,6,0.99964,True,True,True
17134,2,65,577,2,-131072,1,0.99664,True,True,True
17135,2,65,577,3,-131073,3,0.99974,True,True,True
17138,2,65,577,2,-131072,2,0.99938,True,True,True
17139,2,66,578,3,-131073,4,0.99991,True,True,True
17159,2,66,578,3,-131073,2,0.99993,True,True,True
17162,2,66,578,2,-131072,2,0.99734,True,True,True
17163,2,66,578,3,-131073,6,0.99992,True,True,True
17164,2,68,580,0,131072,4,0.99987,True,True,True
17167,2,66,578,3,-131073,2,0.99981,True,True,True
17183,2,66,578,3,-131073,2,0.99942,True,True,True
17185,2,68,580,1,131071,4,0.99657,True,True,True
17186,2,66,578,2,-131072,2,0.99968,True,True,True
17188,2,69,581,0,131072,3,0.99905,True,True,True
17191,2,66,578,3,-131073,0,0.99977,True,True,True
17197,2,69,581,1,131071,2,0.99906,True,True,True
17199,2,66,578,3,-131073,2,0.99565,True,True,True
17200,2,69,581,0,131072,2,0.99876,True,True,True
17202,2,67,579,2,-131072,1,0.99977,True,True,True
17204,2,69,581,0,131072,1,0.9992,True,True,True
17220,2,70,582,0,131072,3,0.99798,True,True,True
17223,2,67,579,3,-131073,1,0.99974,True,True,True
17228,2,70,582,0,131072,3,0.99988,True,True,True
17229,2,69,581,1,131071,0,0.99837,True,True,True
17230,2,68,580,2,-131072,1,0.99944,True,True,True
17236,2,70,582,0,131072,1,0.99997,True,True,True
17237,2,69,581,1,131071,1,0.9983,True,True,True
17238,2,68,580,2,-131072,1,0.99785,True,True,True
17241,2,70,582,1,131071,1,0.99871,True,True,True
17242,2,69,581,2,-131072,0,0.99422,True,True,True
17249,2,70,582,1,131071,5,0.99883,True,True,True
17250,2,69,581,2,-131072,1,0.99923,True,True,True
17260,2,71,583,0,131072,5,0.99986,True,True,True
17262,2,69,581,2,-131072,1,0.9969,True,True,True
17265,2,70,582,1,131071,3,0.99247,True,True,True
17267,2,69,581,3,-131073,2,0.99762,True,True,True
17271,2,69,581,3,-131073,3,0.99856,True,True,True
17272,2,71,583,0,131072,3,0.99971,True,True,True
17282,2,70,582,2,-131072,5,0.99831,True,True,True
17290,2,70,582,2,-131072,0,0.99955,True,True,True
17292,2,72,584,0,131072,4,0.9999,True,True,True
17303,2,70,582,3,-131073,2,0.99992,True,True,True
17308,2,72,584,0,131072,4,0.99894,True,True,True
17313,2,72,584,1,131071,0,0.99372,True,True,True
17317,2,72,584,1,131071,2,0.99761,True,True,True
17319,2,71,583,3,-131073,2,0.99948,True,True,True
17320,2,72,584,0,131072,0,0.9942,True,True,True
17329,2,73,585,1,131071,2,0.99198,True,True,True
17333,2,73,585,1,131071,3,0.99194,True,True,True
17343,2,71,583,3,-131073,2,0.99993,True,True,True
17348,2,74,586,0,131072,2,0.99881,True,True,True
17353,2,73,585,1,131071,6,0.99961,True,True,True
17363,2,72,584,3,-131073,2,0.99903,True,True,True
17365,2,74,586,1,131071,5,0.99565,True,True,True
17368,2,74,586,0,131072,1,0.99809,True,True,True
17373,2,74,586,1,131071,1,0.99511,True,True,True
17382,2,73,585,2,-131072,1,0.99923,True,True,True
17383,2,73,585,3,-131073,0,0.9999,True,True,True
17384,2,75,587,0,131072,1,0.99976,True,True,True
17386,2,74,586,2,-131072,1,0.99874,True,True,True
17387,2,73,585,3,-131073,4,0.99956,True,True,True
17390,2,74,586,2,-131072,1,0.99745,True,True,True
17391,2,73,585,3,-131073,0,0.99983,True,True,True
17392,2,75,587,0,131072,2,0.99935,True,True,True
17403,2,73,585,3,-131073,5,0.99992,True,True,True
17405,2,75,587,1,131071,1,0.99812,True,True,True
17406,2,75,587,2,-131072,2,0.99977,True,True,True
17407,2,74,586,3,-131073,8,0.99996,True,True,True
17412,2,76,588,0,131072,2,0.99227,True,True,True
17414,2,75,587,2,-131072,0,0.99991,True,True,True
17416,2,76,588,0,131072,0,0.99779,True,True,True
17420,2,76,588,0,131072,3,0.992,True,True,True
17424,2,76,588,0,131072,1,0.99978,True,True,True
17426,2,76,588,2,-131072,1,0.99991,True,True,True
17428,2,76,588,0,131072,1,0.99993,True,True,True
17431,2,74,586,3,-131073,1,0.99984,True,True,True
17432,2,76,588,0,131072,2,0.99932,True,True,True
17433,2,76,588,1,131071,2,0.99826,True,True,True
17435,2,75,587,3,-131073,4,0.99994,True,True,True
17440,2,77,589,0,131072,6,0.99989,True,True,True
17441,2,76,588,1,131071,4,0.9994,True,True,True
17442,2,76,588,2,-131072,4,0.99133,True,True,True
17443,2,75,587,3,-131073,3,0.99966,True,True,True
17444,2,77,589,0,131072,3,0.99989,True,True,True
17456,2,77,589,0,131072,3,0.99931,True,True,True
17460,2,78,590,0,131072,3,0.99788,True,True,True
17464,2,78,590,0,131072,2,0.99321,True,True,True
17470,2,76,588,2,-131072,2,0.99977,True,True,True
17479,2,75,587,3,-131073,7,0.99995,True,True,True
17481,2,77,589,1,131071,2,0.99767,True,True,True
17483,2,76,588,3,-131073,4,0.99992,True,True,True
17485,2,77,589,1,131071,2,0.99865,True,True,True
17495,2,77,589,3,-131073,2,0.99878,True,True,True
17499,2,77,589,3,-131073,1,0.99957,True,True,True
17500,2,79,591,0,131072,0,0.99768,True,True,True
17508,2,79,591,0,131072,1,0.99909,True,True,True
17509,2,78,590,1,131071,1,0.99953,True,True,True
17514,2,78,590,2,-131072,0,0.99036,True,True,True
17515,2,77,589,3,-131073,0,0.99484,True,True,True
17517,2,78,590,1,131071,0,0.99855,True,True,True
17522,2,78,590,2,-131072,4,0.99896,True,True,True
17527,2,78,590,3,-131073,2,0.99996,True,True,True
17532,2,81,593,0,131072,1,0.99906,True,True,True
17535,2,78,590,3,-131073,1,0.99988,True,True,True
17539,2,78,590,3,-131073,2,0.99923,True,True,True
17543,2,78,590,3,-131073,2,0.99955,True,True,True
17546,2,79,591,2,-131072,3,0.99896,True,True,True
17550,2,79,591,2,-131072,0,0.99974,True,True,True
17559,2,79,591,3,-131073,1,0.99996,True,True,True
17560,2,81,593,0,131072,2,0.9998,True,True,True
17565,2,80,592,1,131071,3,0.99426,True,True,True
17566,2,79,591,2,-131072,5,0.99949,True,True,True
17567,2,79,591,3,-131073,2,0.99976,True,True,True
17568,2,82,594,0,131072,2,0.9956,True,True,True
17573,2,80,592,1,131071,0,0.9994,True,True,True
17580,2,82,594,0,131072,0,0.99953,True,True,True
17584,2,83,595,0,131072,2,0.99998,True,True,True
17590,2,80,592,2,-131072,1,0.99979,True,True,True
17598,2,80,592,2,-131072,2,0.99874,True,True,True
17599,2,80,592,3,-131073,1,0.99972,True,True,True
17601,2,81,593,1,131071,7,0.99535,True,True,True
17610,2,80,592,2,-131072,1,0.99952,True,True,True
17611,2,81,593,3,-131073,0,0.99938,True,True,True
17616,2,84,596,0,131072,2,0.99177,True,True,True
17618,2,81,593,2,-131072,1,0.99933,True,True,True
17622,2,81,593,2,-131072,0,0.999,True,True,True
17631,2,81,593,3,-131073,3,0.99961,True,True,True
17637,2,83,595,1,131071,4,0.99967,True,True,True
17639,2,81,593,3,-131073,1,0.99652,True,True,True
17644,2,85,597,0,131072,1,0.9999,True,True,True
17645,2,83,595,1,131071,0,0.99028,True,True,True
17650,2,81,593,2,-131072,0,0.99518,True,True,True
17660,2,85,597,0,131072,2,0.99955,True,True,True
17668,2,86,598,0,131072,0,0.99301,True,True,True
17669,2,84,596,1,131071,2,0.99946,True,True,True
17675,2,82,594,3,-131073,3,0.99992,True,True,True
17680,2,86,598,0,131072,0,0.99989,True,True,True
17683,2,82,594,3,-131073,1,0.99998,True,True,True
17690,2,83,595,2,-131072,2,0.99967,True,True,True
17691,2,82,594,3,-131073,0,0.99874,True,True,True
17698,2,83,595,2,-131072,2,0.99817,True,True,True
17699,2,83,595,3,-131073,2,0.99571,True,True,True
17706,2,83,595,2,-131072,0,0.99833,True,True,True
17709,2,86,598,1,131071,2,0.99899,True,True,True
17714,2,83,595,2,-131072,0,0.9997,True,True,True
17720,2,87,599,0,131072,1,0.99601,True,True,True
17724,2,87,599,0,131072,0,0.99987,True,True,True
17727,2,84,596,3,-131073,2,0.99898,True,True,True
17732,2,87,599,0,131072,0,0.99874,True,True,True
17737,2,87,599,1,131071,4,0.99515,True,True,True
17746,2,84,596,2,-131072,1,0.99077,True,True,True
17750,2,84,596,2,-131072,1,0.99847,True,True,True
17752,2,88,600,0,131072,2,0.99946,True,True,True
17758,2,84,596,2,-131072,4,0.99867,True,True,True
17759,2,85,597,3,-131073,2,0.99926,True,True,True
17763,2,85,597,3,-131073,4,0.99968,True,True,True
17766,2,85,597,2,-131072,2,0.99971,True,True,True
17767,2,86,598,3,-131073,3,0.99956,True,True,True
17769,2,87,599,1,131071,2,0.99981,True,True,True
17770,2,85,597,2,-131072,1,0.99193,True,True,True
17771,2,86,598,3,-131073,1,0.99993,True,True,True
17772,2,89,601,0,131072,2,0.99994,True,True,True
17778,2,85,597,2,-131072,1,0.99921,True,True,True
17789,2,88,600,1,131071,2,0.99893,True,True,True
17793,2,88,600,1,131071,1,0.99944,True,True,True
17794,2,86,598,2,-131072,2,0.99555,True,True,True
17795,2,87,599,3,-131073,1,0.99942,True,True,True
17800,2,90,602,0,131072,2,0.99931,True,True,True
17803,2,87,599,3,-131073,0,0.9991,True,True,True
17809,2,89,601,1,131071,3,0.99806,True,True,True
17811,2,87,599,3,-131073,2,0.99964,True,True,True
17817,2,89,601,1,131071,1,0.99714,True,True,True
17819,2,87,599,3,-131073,2,0.99998,True,True,True
17820,2,90,602,0,131072,1,0.99506,True,True,True
17825,2,90,602,1,131071,2,0.99646,True,True,True
17826,2,87,599,2,-131072,4,0.99779,True,True,True
17827,2,88,600,3,-131073,3,0.99844,True,True,True
17828,2,91,603,0,131072,2,0.99995,True,True,True
17829,2,90,602,1,131071,1,0.9981,True,True,True
17838,2,88,600,2,-131072,2,0.99823,True,True,True
17846,2,89,601,2,-131072,0,0.99726,True,True,True
17853,2,90,602,1,131071,2,0.99969,True,True,True
17854,2,89,601,2,-131072,2,0.99726,True,True,True
17855,2,89,601,3,-131073,3,0.99994,True,True,True
17858,2,89,601,2,-131072,1,0.99171,True,True,True
17866,2,89,601,2,-131072,2,0.9973,True,True,True
17870,2,89,601,2,-131072,1,0.99835,True,True,True
17873,2,91,603,1,131071,3,0.99735,True,True,True
17876,2,92,604,0,131072,3,0.99966,True,True,True
17877,2,91,603,1,131071,1,0.99652,True,True,True
17880,2,92,604,0,131072,1,0.99903,True,True,True
17881,2,91,603,1,131071,1,0.99624,True,True,True
17882,2,89,601,2,-131072,1,0.9991,True,True,True
17886,2,89,601,2,-131072,4,0.99982,True,True,True
17893,2,91,603,1,131071,2,0.9925,True,True,True
17895,2,91,603,3,-131073,3,0.99998,True,True,True
17896,2,93,605,0,131072,3,0.99894,True,True,True
17905,2,91,603,1,131071,2,0.99988,True,True,True
17911,2,92,604,3,-131073,0,0.99888,True,True,True
17914,2,91,603,2,-131072,4,0.99516,True,True,True
17918,2,91,603,2,-131072,3,0.99794,True,True,True
17923,2,92,604,3,-131073,1,0.99997,True,True,True
17925,2,92,604,1,131071,1,0.99988,True,True,True
17930,2,91,603,2,-131072,1,0.99902,True,True,True
17943,2,93,605,3,-131073,1,0.99995,True,True,True
17947,2,93,605,3,-131073,1,0.99853,True,True,True
17949,2,93,605,1,131071,3,0.99426,True,True,True
17955,2,93,605,3,-131073,0,0.99988,True,True,True
17961,2,93,605,1,131071,0,0.99878,True,True,True
17964,2,95,607,0,131072,2,0.99472,True,True,True
17970,2,92,604,2,-131072,4,0.99871,True,True,True
17976,2,96,608,0,131072,0,0.99999,True,True,True
17979,2,94,606,3,-131073,4,0.99991,True,True,True
17981,2,94,606,1,131071,0,0.99911,True,True,True
17982,2,93,605,2,-131072,3,0.9954,True,True,True
17987,2,94,606,3,-131073,2,0.99968,True,True,True
17995,2,94,606,3,-131073,5,0.99977,True,True,True
17996,2,96,608,0,131072,3,0.99992,True,True,True
17997,2,95,607,1,131071,0,0.99908,True,True,True
17998,2,93,605,2,-131072,6,0.99411,True,True,True
18003,2,94,606,3,-131073,1,0.99993,True,True,True
18011,2,94,606,3,-131073,1,0.99997,True,True,True
18012,2,97,609,0,131072,1,0.99944,True,True,True
18013,2,95,607,1,131071,3,0.99814,True,True,True
18017,2,96,608,1,131071,5,0.99988,True,True,True
18020,2,97,609,0,131072,3,0.9907,True,True,True
18022,2,94,606,2,-131072,1,0.99085,True,True,True
18025,2,96,608,1,131071,0,0.99455,True,True,True
18026,2,94,606,2,-131072,1,0.99994,True,True,True
18027,2,96,608,3,-131073,2,0.99918,True,True,True
18033,2,96,608,1,131071,1,0.99903,True,True,True
18034,2,95,607,2,-131072,4,0.99628,True,True,True
18038,2,95,607,2,-131072,1,0.99864,True,True,True
18039,2,96,608,3,-131073,4,0.99979,True,True,True
18041,2,97,609,1,131071,0,0.99919,True,True,True
18044,2,98,610,0,131072,1,0.99933,True,True,True
18046,2,95,607,2,-131072,3,0.99597,True,True,True
18049,2,97,609,1,131071,2,0.99233,True,True,True
18052,2,98,610,0,131072,0,0.99995,True,True,True
18060,2,99,611,0,131072,2,0.99892,True,True,True
18063,2,97,609,3,-131073,3,0.99973,True,True,True
18070,2,96,608,2,-131072,2,0.99785,True,True,True
18076,2,100,612,0,131072,2,0.99631,True,True,True
18077,2,97,609,1,131071,0,0.99576,True,True,True
18082,2,96,608,2,-131072,0,0.99955,True,True,True
18086,2,96,608,2,-131072,2,0.99693,True,True,True
18088,2,100,612,0,131072,2,0.99665,True,True,True
18090,2,96,608,2,-131072,10,0.99966,True,True,True
18091,2,98,610,3,-131073,2,0.99881,True,True,True
18098,2,97,609,2,-131072,0,0.99993,True,True,True
18103,2,98,610,3,-131073,1,0.99945,True,True,True
18106,2,97,609,2,-131072,2,0.99812,True,True,True
18108,2,101,613,0,131072,1,0.99816,True,True,True
18110,2,97,609,2,-131072,1,0.99939,True,True,True
18115,2,98,610,3,-131073,2,0.99998,True,True,True
18124,2,101,613,0,131072,1,0.99963,True,True,True
18125,2,99,611,1,131071,1,0.9953,True,True,True
18128,2,101,613,0,131072,3,0.99783,True,True,True
18130,2,97,609,2,-131072,5,0.99799,True,True,True
18131,2,98,610,3,-131073,6,0.99966,True,True,True
18137,2,100,612,1,131071,0,0.99822,True,True,True
18141,2,100,612,1,131071,1,0.99787,True,True,True
18144,2,102,614,0,131072,0,0.99625,True,True,True
18147,2,99,611,3,-131073,3,0.99892,True,True,True
18149,2,100,612,1,131071,2,0.99701,True,True,True
18161,2,100,612,1,131071,0,0.99942,True,True,True
18163,2,99,611,3,-131073,1,0.99989,True,True,True
18167,2,99,611,3,-131073,4,0.99973,True,True,True
18169,2,101,613,1,131071,2,0.99884,True,True,True
18171,2,99,611,3,-131073,5,0.99926,True,True,True
18181,2,101,613,1,131071,2,0.99893,True,True,True
18185,2,101,613,1,131071,2,0.9931,True,True,True
18186,2,99,611,2,-131072,3,0.99992,True,True,True
18191,2,100,612,3,-131073,1,0.99966,True,True,True
18194,2,99,611,2,-131072,0,0.99965,True,True,True
18196,2,104,616,0,131072,1,0.99565,True,True,True
18197,2,102,614,1,131071,3,0.99827,True,True,True
18198,2,100,612,2,-131072,2,0.99667,True,True,True
18202,2,100,612,2,-131072,3,0.99737,True,True,True
18215,2,100,612,3,-131073,1,0.99687,True,True,True
18218,2,100,612,2,-131072,2,0.99892,True,True,True
18224,2,105,617,0,131072,6,0.9997,True,True,True
18229,2,102,614,1,131071,4,0.99922,True,True,True
18230,2,101,613,2,-131072,2,0.99357,True,True,True
18232,2,105,617,0,131072,1,0.99986,True,True,True
18239,2,101,613,3,-131073,2,0.99995,True,True,True
18242,2,101,613,2,-131072,0,0.99591,True,True,True
18244,2,106,618,0,131072,2,0.99788,True,True,True
18254,2,101,613,2,-131072,4,0.99891,True,True,True
18261,2,103,615,1,131071,1,0.99777,True,True,True
18263,2,101,613,3,-131073,1,0.99994,True,True,True
18264,2,107,619,0,131072,2,0.99949,True,True,True
18272,2,107,619,0,131072,3,0.99964,True,True,True
18274,2,101,613,2,-131072,3,0.99962,True,True,True
18276,2,107,619,0,131072,3,0.99967,True,True,True
18278,2,102,614,2,-131072,1,0.99614,True,True,True
18279,2,102,614,3,-131073,2,0.99998,True,True,True
18283,2,102,614,3,-131073,2,0.99968,True,True,True
18284,2,107,619,0,131072,3,0.99889,True,True,True
18287,2,102,614,3,-131073,1,0.99826,True,True,True
18292,2,108,620,0,131072,1,0.99597,True,True,True
18296,2,108,620,0,131072,3,0.99638,True,True,True
18298,2,103,615,2,-131072,2,0.99768,True,True,True
18299,2,103,615,3,-131073,2,0.99897,True,True,True
18301,2,105,617,1,131071,1,0.99454,True,True,True
18305,2,105,617,1,131071,0,0.99877,True,True,True
18310,2,103,615,2,-131072,2,0.9983,True,True,True
18314,2,103,615,2,-131072,3,0.99913,True,True,True
18315,2,104,616,3,-131073,4,0.99977,True,True,True
18317,2,105,617,1,131071,0,0.99954,True,True,True
18318,2,104,616,2,-131072,4,0.99865,True,True,True
18324,2,109,621,0,131072,3,0.99973,True,True,True
18334,2,104,616,2,-131072,3,0.99606,True,True,True
18335,2,105,617,3,-131073,2,0.99988,True,True,True
18336,2,109,621,0,131072,1,0.99988,True,True,True
18345,2,106,618,1,131071,3,0.99834,True,True,True
18349,2,106,618,1,131071,4,0.99005,True,True,True
18355,2,106,618,3,-131073,1,0.99964,True,True,True
18358,2,105,617,2,-131072,0,0.99865,True,True,True
18359,2,106,618,3,-131073,0,0.99961,True,True,True
18364,2,111,623,0,131072,7,0.99996,True,True,True
18366,2,106,618,2,-131072,2,0.99866,True,True,True
18368,2,111,623,0,131072,1,0.99993,True,True,True
18375,2,107,619,3,-131073,2,0.99921,True,True,True
18378,2,106,618,2,-131072,4,0.9978,True,True,True
18379,2,107,619,3,-131073,0,0.99449,True,True,True
18382,2,106,618,2,-131072,1,0.99843,True,True,True
18383,2,107,619,3,-131073,1,0.99978,True,True,True
18384,2,111,623,0,131072,1,0.99893,True,True,True
18386,2,106,618,2,-131072,2,0.99787,True,True,True
18390,2,106,618,2,-131072,1,0.99935,True,True,True
18391,2,107,619,3,-131073,3,0.99965,True,True,True
18392,2,111,623,0,131072,4,0.99989,True,True,True
18394,2,106,618,2,-131072,2,0.99972,True,True,True
18396,2,112,624,0,131072,1,0.99787,True,True,True
18399,2,107,619,3,-131073,0,0.99937,True,True,True
18404,2,112,624,0,131072,3,0.99983,True,True,True
18407,2,108,620,3,-131073,3,0.99968,True,True,True
18408,2,112,624,0,131072,2,0.99998,True,True,True
18415,2,108,620,3,-131073,0,0.9999,True,True,True
18419,2,108,620,3,-131073,2,0.9967,True,True,True
18421,2,108,620,1,131071,0,0.99878,True,True,True
18425,2,108,620,1,131071,1,0.99991,True,True,True
18436,2,113,625,0,131072,0,0.99999,True,True,True
18440,2,113,625,0,131072,3,0.99765,True,True,True
18441,2,108,620,1,131071,0,0.99968,True,True,True
18446,2,108,620,2,-131072,6,0.99492,True,True,True
18450,2,108,620,2,-131072,3,0.99702,True,True,True
18456,2,113,625,0,131072,0,0.99952,True,True,True
18462,2,108,620,2,-131072,4,0.99886,True,True,True
18465,2,109,621,1,131071,2,0.99885,True,True,True
18468,2,114,626,0,131072,4,0.99677,True,True,True
18473,2,109,621,1,131071,2,0.99949,True,True,True
18482,2,109,621,2,-131072,4,0.99932,True,True,True
18484,2,115,627,0,131072,4,0.99303,True,True,True
18485,2,110,622,1,131071,1,0.99998,True,True,True
18494,2,109,621,2,-131072,3,0.99965,True,True,True
18496,2,116,628,0,131072,0,0.99931,True,True,True
18501,2,110,622,1,131071,2,0.99901,True,True,True
18503,2,111,623,3,-131073,0,0.99647,True,True,True
18504,2,116,628,0,131072,4,0.99839,True,True,True
18505,2,111,623,1,131071,0,0.99588,True,True,True
18507,2,111,623,3,-131073,1,0.9993,True,True,True
18515,2,111,623,3,-131073,5,0.99992,True,True,True
18516,2,117,629,0,131072,3,0.99989,True,True,True
18519,2,112,624,3,-131073,2,0.99993,True,True,True
18520,2,117,629,0,131072,0,0.99933,True,True,True
18524,2,117,629,0,131072,2,0.99963,True,True,True
18528,2,117,629,0,131072,3,0.99875,True,True,True
18529,2,111,623,1,131071,0,0.99978,True,True,True
18530,2,110,622,2,-131072,2,0.99695,True,True,True
18531,2,112,624,3,-131073,0,0.99972,True,True,True
18536,2,117,629,0,131072,2,0.99958,True,True,True
18537,2,111,623,1,131071,3,0.99972,True,True,True
18556,2,118,630,0,131072,2,0.99899,True,True,True
18559,2,113,625,3,-131073,4,0.99772,True,True,True
18562,2,111,623,2,-131072,4,0.99006,True,True,True
18563,2,113,625,3,-131073,4,0.99944,True,True,True
18567,2,113,625,3,-131073,2,0.9998,True,True,True
18569,2,112,624,1,131071,3,0.99915,True,True,True
18580,2,119,631,0,131072,2,0.9994,True,True,True
18581,2,113,625,1,131071,1,0.9975,True,True,True
18583,2,113,625,3,-131073,3,0.99987,True,True,True
18590,2,112,624,2,-131072,2,0.99909,True,True,True
18606,2,113,625,2,-131072,2,0.99812,True,True,True
18611,2,114,626,3,-131073,1,0.99989,True,True,True
18615,2,114,626,3,-131073,1,0.99985,True,True,True
18616,2,119,631,0,131072,0,0.99947,True,True,True
18619,2,114,626,3,-131073,2,0.99289,True,True,True
18625,2,114,626,1,131071,3,0.99601,True,True,True
18633,2,115,627,1,131071,7,0.99752,True,True,True
18634,2,114,626,2,-131072,2,0.9961,True,True,True
18635,2,115,627,3,-131073,3,0.99952,True,True,True
18636,2,120,632,0,131072,4,0.99992,True,True,True
18639,2,115,627,3,-131073,1,0.99979,True,True,True
18646,2,115,627,2,-131072,1,0.99729,True,True,True
18647,2,115,627,3,-131073,3,0.99968,True,True,True
18648,2,120,632,0,131072,0,0.99973,True,True,True
18650,2,115,627,2,-131072,2,0.99575,True,True,True
18667,2,116,628,3,-131073,1,0.99998,True,True,True
18669,2,115,627,1,131071,1,0.99679,True,True,True
18671,2,116,628,3,-131073,4,0.9988,True,True,True
18675,2,116,628,3,-131073,0,0.99977,True,True,True
18686,2,116,628,2,-131072,2,0.99886,True,True,True
18691,2,116,628,3,-131073,2,0.99994,True,True,True
18692,2,122,634,0,131072,1,0.9995,True,True,True
18700,2,122,634,0,131072,6,0.99972,True,True,True
18701,2,117,629,1,131071,1,0.99855,True,True,True
18702,2,116,628,2,-131072,9,0.99808,True,True,True
18704,2,122,634,0,131072,3,0.99893,True,True,True
18705,2,117,629,1,131071,5,0.9946,True,True,True
18707,2,116,628,3,-131073,2,0.99646,True,True,True
18710,2,116,628,2,-131072,4,0.99954,True,True,True
18712,2,122,634,0,131072,1,0.99882,True,True,True
18715,2,117,629,3,-131073,4,0.99942,True,True,True
18716,2,122,634,0,131072,1,0.99406,True,True,True
18720,2,122,634,0,131072,1,0.99977,True,True,True
18723,2,117,629,3,-131073,1,0.99957,True,True,True
18724,2,122,634,0,131072,0,0.99994,True,True,True
18728,2,122,634,0,131072,1,0.99963,True,True,True
18731,2,117,629,3,-131073,3,0.99913,True,True,True
18732,2,122,634,0,131072,3,0.99834,True,True,True
18741,2,118,630,1,131071,0,0.99669,True,True,True
18745,2,118,630,1,131071,2,0.99904,True,True,True
18747,2,118,630,3,-131073,4,0.99994,True,True,True
18750,2,118,630,2,-131072,0,0.9923,True,True,True
18751,2,118,630,3,-131073,2,0.99441,True,True,True
18759,2,118,630,3,-131073,3,0.99977,True,True,True
18760,2,124,636,0,131072,0,0.99976,True,True,True
18762,2,118,630,2,-131072,0,0.99744,True,True,True
18771,2,119,631,3,-131073,0,0.9993,True,True,True
18772,2,124,636,0,131072,2,0.99271,True,True,True
18773,2,119,631,1,131071,4,0.99895,True,True,True
18775,2,119,631,3,-131073,1,0.99956,True,True,True
18777,2,119,631,1,131071,5,0.99903,True,True,True
18778,2,119,631,2,-131072,1,0.99743,True,True,True
18784,2,125,637,0,131072,1,0.99835,True,True,True
18786,2,119,631,2,-131072,2,0.99936,True,True,True
18789,2,119,631,1,131071,5,0.99062,True,True,True
18793,2,120,632,1,131071,3,0.99815,True,True,True
18800,2,125,637,0,131072,8,0.99987,True,True,True
18803,2,120,632,3,-131073,1,0.99994,True,True,True
18814,2,120,632,2,-131072,4,0.99601,True,True,True
18819,2,120,632,3,-131073,3,0.99089,True,True,True
18820,2,126,638,0,131072,7,0.99347,True,True,True
18822,2,120,632,2,-131072,3,0.99513,True,True,True
18823,2,120,632,3,-131073,2,0.99959,True,True,True
18833,2,121,633,1,131071,2,0.99597,True,True,True
18836,2,127,639,0,131072,2,0.99967,True,True,True
18839,2,120,632,3,-131073,2,0.99991,True,True,True
18841,2,121,633,1,131071,4,0.99879,True,True,True
18849,2,122,634,1,131071,1,0.99281,True,True,True
18852,2,127,639,0,131072,1,0.99821,True,True,True
18856,2,127,639,0,131072,1,0.99793,True,True,True
18862,2,121,633,2,-131072,0,0.9999,True,True,True
18867,2,122,634,3,-131073,3,0.99994,True,True,True
18868,2,127,639,0,131072,4,0.99942,True,True,True
18873,2,123,635,1,131071,3,0.99922,True,True,True
18877,2,123,635,1,131071,1,0.99152,True,True,True
18879,2,122,634,3,-131073,0,0.99992,True,True,True
18881,2,123,635,1,131071,2,0.99757,True,True,True
18884,2,127,639,0,131072,3,0.99928,True,True,True
18886,2,122,634,2,-131072,1,0.99985,True,True,True
18888,2,128,640,0,131072,7,0.99915,True,True,True
18890,2,122,634,2,-131072,2,0.99698,True,True,True
18891,2,122,634,3,-131073,3,0.9996,True,True,True
18897,2,123,635,1,131071,3,0.9995,True,True,True
18899,2,123,635,3,-131073,1,0.99988,True,True,True
18903,2,123,635,3,-131073,5,0.99952,True,True,True
18907,2,123,635,3,-131073,2,0.99835,True,True,True
18910,2,123,635,2,-131072,6,0.99483,True,True,True
18912,2,129,641,0,131072,1,0.99996,True,True,True
18914,2,123,635,2,-131072,0,0.99574,True,True,True
18920,2,129,641,0,131072,1,0.99884,True,True,True
18922,2,123,635,2,-131072,2,0.99955,True,True,True
18925,2,124,636,1,131071,0,0.99895,True,True,True
18927,2,124,636,3,-131073,1,0.99905,True,True,True
18930,2,123,635,2,-131072,2,0.99446,True,True,True
18933,2,125,637,1,131071,1,0.99909,True,True,True
18935,2,124,636,3,-131073,1,0.99903,True,True,True
18942,2,124,636,2,-131072,0,0.99841,True,True,True
18944,2,130,642,0,131072,2,0.99975,True,True,True
18948,2,131,643,0,131072,3,0.99744,True,True,True
18949,2,125,637,1,131071,3,0.99957,True,True,True
18968,2,131,643,0,131072,1,0.9998,True,True,True
18973,2,127,639,1,131071,0,0.99942,True,True,True
18978,2,125,637,2,-131072,2,0.99847,True,True,True
18984,2,132,644,0,131072,2,0.99583,True,True,True
18985,2,127,639,1,131071,2,0.99922,True,True,True
18990,2,125,637,2,-131072,2,0.99986,True,True,True
18995,2,127,639,3,-131073,1,0.99988,True,True,True
18996,2,132,644,0,131072,1,0.99992,True,True,True
18999,2,127,639,3,-131073,3,0.9999,True,True,True
19002,2,126,638,2,-131072,2,0.99969,True,True,True
19004,2,132,644,0,131072,4,0.99673,True,True,True
19005,2,128,640,1,131071,0,0.99533,True,True,True
19008,2,132,644,0,131072,1,0.99963,True,True,True
19014,2,126,638,2,-131072,0,0.99875,True,True,True
19019,2,127,639,3,-131073,1,0.99978,True,True,True
19026,2,126,638,2,-131072,0,0.99944,True,True,True
19027,2,128,640,3,-131073,3,0.9942,True,True,True
19031,2,128,640,3,-131073,1,0.99979,True,True,True
19032,2,133,645,0,131072,1,0.99349,True,True,True
19039,2,128,640,3,-131073,1,0.99983,True,True,True
19050,2,127,639,2,-131072,1,0.99318,True,True,True
19053,2,129,641,1,131071,2,0.99226,True,True,True
19055,2,128,640,3,-131073,4,0.99947,True,True,True
19058,2,127,639,2,-131072,3,0.99921,True,True,True
19059,2,129,641,3,-131073,1,0.99988,True,True,True
19063,2,129,641,3,-131073,4,0.99982,True,True,True
19064,2,135,647,0,131072,2,0.99989,True,True,True
19074,2,128,640,2,-131072,3,0.99762,True,True,True
19075,2,130,642,3,-131073,1,0.99967,True,True,True
19080,2,135,647,0,131072,1,0.9998,True,True,True
19081,2,130,642,1,131071,3,0.99938,True,True,True
19082,2,129,641,2,-131072,0,0.99792,True,True,True
19088,2,136,648,0,131072,1,0.99956,True,True,True
19089,2,130,642,1,131071,2,0.99407,True,True,True
19098,2,129,641,2,-131072,0,0.99462,True,True,True
19099,2,130,642,3,-131073,2,0.99976,True,True,True
19103,2,131,643,3,-131073,3,0.99964,True,True,True
19107,2,131,643,3,-131073,0,0.99991,True,True,True
19108,2,136,648,0,131072,5,0.99698,True,True,True
19109,2,131,643,1,131071,0,0.9974,True,True,True
19112,2,136,648,0,131072,2,0.99954,True,True,True
19115,2,131,643,3,-131073,1,0.9992,True,True,True
19117,2,132,644,1,131071,1,0.99917,True,True,True
19118,2,130,642,2,-131072,4,0.99821,True,True,True
19124,2,136,648,0,131072,0,0.99951,True,True,True
19134,2,130,642,2,-131072,1,0.99528,True,True,True
19137,2,132,644,1,131071,2,0.99905,True,True,True
19139,2,132,644,3,-131073,2,0.99999,True,True,True
19140,2,138,650,0,131072,3,0.99976,True,True,True
19141,2,132,644,1,131071,2,0.99958,True,True,True
19142,2,131,643,2,-131072,1,0.9987,True,True,True
19144,2,138,650,0,131072,0,0.99808,True,True,True
19147,2,132,644,3,-131073,2,0.99971,True,True,True
19152,2,138,650,0,131072,1,0.99878,True,True,True
19156,2,138,650,0,131072,3,0.99756,True,True,True
19157,2,133,645,1,131071,0,0.99988,True,True,True
19162,2,132,644,2,-131072,2,0.9962,True,True,True
19163,2,133,645,3,-131073,1,0.99886,True,True,True
19164,2,138,650,0,131072,0,0.99832,True,True,True
19170,2,132,644,2,-131072,5,0.99914,True,True,True
19172,2,138,650,0,131072,1,0.99887,True,True,True
19185,2,134,646,1,131071,2,0.99491,True,True,True
19186,2,133,645,2,-131072,5,0.99249,True,True,True
19196,2,139,651,0,131072,5,0.99317,True,True,True
19197,2,134,646,1,131071,2,0.99946,True,True,True
19198,2,133,645,2,-131072,4,0.99683,True,True,True
19199,2,135,647,3,-131073,1,0.99939,True,True,True
19203,2,135,647,3,-131073,2,0.99551,True,True,True
19207,2,135,647,3,-131073,4,0.99998,True,True,True
19209,2,134,646,1,131071,3,0.99978,True,True,True
19226,2,134,646,2,-131072,4,0.99653,True,True,True
19230,2,134,646,2,-131072,5,0.99508,True,True,True
19231,2,136,648,3,-131073,2,0.99988,True,True,True
19238,2,134,646,2,-131072,2,0.99612,True,True,True
19239,2,136,648,3,-131073,1,0.99997,True,True,True
19242,2,135,647,2,-131072,4,0.99797,True,True,True
19247,2,136,648,3,-131073,3,0.9977,True,True,True
19250,2,135,647,2,-131072,2,0.99831,True,True,True
19259,2,136,648,3,-131073,1,0.99898,True,True,True
19260,2,142,654,0,131072,0,0.99979,True,True,True
19270,2,135,647,2,-131072,3,0.99306,True,True,True
19273,2,136,648,1,131071,0,0.99172,True,True,True
19275,2,137,649,3,-131073,2,0.99979,True,True,True
19280,2,143,655,0,131072,0,0.99977,True,True,True
19282,2,135,647,2,-131072,1,0.99772,True,True,True
19284,2,143,655,0,131072,1,0.99988,True,True,True
19285,2,136,648,1,131071,2,0.99758,True,True,True
19288,2,143,655,0,131072,0,0.99805,True,True,True
19289,2,136,648,1,131071,4,0.99726,True,True,True
19290,2,136,648,2,-131072,3,0.99742,True,True,True
19292,2,143,655,0,131072,2,0.9996,True,True,True
19303,2,138,650,3,-131073,2,0.99985,True,True,True
19304,2,143,655,0,131072,1,0.99766,True,True,True
19311,2,138,650,3,-131073,2,0.99924,True,True,True
19312,2,143,655,0,131072,1,0.99926,True,True,True
19313,2,137,649,1,131071,3,0.99586,True,True,True
19315,2,138,650,3,-131073,3,0.99968,True,True,True
19318,2,138,650,2,-131072,2,0.99896,True,True,True
19319,2,139,651,3,-131073,2,0.99902,True,True,True
19323,2,140,652,3,-131073,1,0.99881,True,True,True
19326,2,139,651,2,-131072,0,0.99813,True,True,True
19329,2,138,650,1,131071,0,0.99877,True,True,True
19332,2,144,656,0,131072,1,0.99985,True,True,True
19340,2,144,656,0,131072,3,0.99878,True,True,True
19345,2,138,650,1,131071,1,0.99942,True,True,True
19355,2,140,652,3,-131073,3,0.99999,True,True,True
19362,2,141,653,2,-131072,3,0.99492,True,True,True
19365,2,139,651,1,131071,3,0.9998,True,True,True
19375,2,141,653,3,-131073,0,0.99907,True,True,True
19376,2,145,657,0,131072,0,0.99973,True,True,True
19386,2,142,654,2,-131072,2,0.99836,True,True,True
19390,2,142,654,2,-131072,0,0.99838,True,True,True
19393,2,140,652,1,131071,3,0.99891,True,True,True
19404,2,146,658,0,131072,2,0.99748,True,True,True
19405,2,140,652,1,131071,4,0.9982,True,True,True
19407,2,142,654,3,-131073,1,0.99989,True,True,True
19418,2,143,655,2,-131072,2,0.99761,True,True,True
19433,2,141,653,1,131071,2,0.9982,True,True,True
19438,2,144,656,2,-131072,1,0.99169,True,True,True
19442,2,144,656,2,-131072,5,0.99183,True,True,True
19444,2,148,660,0,131072,3,0.99934,True,True,True
19451,2,144,656,3,-131073,4,0.99934,True,True,True
19453,2,142,654,1,131071,0,0.99833,True,True,True
19455,2,145,657,3,-131073,0,0.99907,True,True,True
19458,2,144,656,2,-131072,3,0.99599,True,True,True
19462,2,145,657,2,-131072,2,0.99644,True,True,True
19463,2,145,657,3,-131073,4,0.99921,True,True,True
19466,2,145,657,2,-131072,1,0.99975,True,True,True
19471,2,145,657,3,-131073,3,0.99985,True,True,True
19473,2,143,655,1,131071,4,0.99105,True,True,True
19477,2,143,655,1,131071,5,0.9983,True,True,True
19486,2,146,658,2,-131072,4,0.99878,True,True,True
19490,2,146,658,2,-131072,0,0.99841,True,True,True
19491,2,146,658,3,-131073,0,0.99981,True,True,True
19495,2,146,658,3,-131073,9,0.99825,True,True,True
19502,2,146,658,2,-131072,0,0.99586,True,True,True
19503,2,146,658,3,-131073,1,0.9995,True,True,True
19505,2,145,657,1,131071,2,0.99365,True,True,True
19510,2,146,658,2,-131072,2,0.99862,True,True,True
19513,2,145,657,1,131071,2,0.99928,True,True,True
19515,2,146,658,3,-131073,2,0.99996,True,True,True
19519,2,146,658,3,-131073,0,0.99927,True,True,True
19521,2,146,658,1,131071,1,0.99993,True,True,True
19523,2,147,659,3,-131073,2,0.99973,True,True,True
19529,2,146,658,1,131071,1,0.99605,True,True,True
19531,2,147,659,3,-131073,1,0.99998,True,True,True
19535,2,147,659,3,-131073,1,0.99993,True,True,True
19538,2,147,659,2,-131072,2,0.99975,True,True,True
19540,2,151,663,0,131072,9,0.99885,True,True,True
19550,2,147,659,2,-131072,1,0.99833,True,True,True
19552,2,152,664,0,131072,3,0.9992,True,True,True
19562,2,148,660,2,-131072,1,0.9992,True,True,True
19563,2,147,659,3,-131073,2,0.99984,True,True,True
19565,2,147,659,1,131071,0,0.99877,True,True,True
19569,2,147,659,1,131071,1,0.99984,True,True,True
19571,2,148,660,3,-131073,0,0.99737,True,True,True
19574,2,148,660,2,-131072,1,0.99823,True,True,True
19576,2,152,664,0,131072,4,0.99013,True,True,True
19580,2,152,664,0,131072,0,0.99993,True,True,True
19585,2,148,660,1,131071,2,0.99135,True,True,True
19587,2,148,660,3,-131073,3,0.99914,True,True,True
19594,2,149,661,2,-131072,2,0.99744,True,True,True
19595,2,148,660,3,-131073,2,0.9999,True,True,True
19602,2,150,662,2,-131072,4,0.99955,True,True,True
19604,2,153,665,0,131072,2,0.9979,True,True,True
19605,2,149,661,1,131071,2,0.99952,True,True,True
19611,2,149,661,3,-131073,2,0.99927,True,True,True
19615,2,149,661,3,-131073,4,0.99916,True,True,True
19616,2,153,665,0,131072,3,0.99988,True,True,True
19618,2,151,663,2,-131072,1,0.99796,True,True,True
19619,2,149,661,3,-131073,2,0.99953,True,True,True
19624,2,153,665,0,131072,2,0.99986,True,True,True
19626,2,151,663,2,-131072,2,0.99535,True,True,True
19628,2,153,665,0,131072,3,0.99897,True,True,True
19634,2,151,663,2,-131072,3,0.99835,True,True,True
19635,2,150,662,3,-131073,1,0.99993,True,True,True
19639,2,150,662,3,-131073,3,0.99998,True,True,True
19640,2,154,666,0,131072,2,0.9958,True,True,True
19642,2,151,663,2,-131072,2,0.99667,True,True,True
19645,2,150,662,1,131071,3,0.99895,True,True,True
19646,2,151,663,2,-131072,2,0.99281,True,True,True
19650,2,151,663,2,-131072,4,0.99853,True,True,True
19654,2,151,663,2,-131072,2,0.99861,True,True,True
19655,2,150,662,3,-131073,3,0.99527,True,True,True
19656,2,154,666,0,131072,1,0.99159,True,True,True
19657,2,151,663,1,131071,2,0.99844,True,True,True
19665,2,151,663,1,131071,2,0.99956,True,True,True
19666,2,152,664,2,-131072,4,0.99799,True,True,True
19667,2,150,662,3,-131073,1,0.9993,True,True,True
19669,2,151,663,1,131071,1,0.99815,True,True,True
19675,2,151,663,3,-131073,1,0.99995,True,True,True
19681,2,152,664,1,131071,3,0.99982,True,True,True
19683,2,151,663,3,-131073,1,0.99997,True,True,True
19687,2,151,663,3,-131073,0,0.99984,True,True,True
19689,2,152,664,1,131071,4,0.99893,True,True,True
19698,2,153,665,2,-131072,3,0.99421,True,True,True
19699,2,151,663,3,-131073,0,0.99988,True,True,True
19706,2,153,665,2,-131072,3,0.99993,True,True,True
19710,2,153,665,2,-131072,2,0.99926,True,True,True
19713,2,153,665,1,131071,3,0.99454,True,True,True
19714,2,153,665,2,-131072,2,0.99859,True,True,True
19716,2,158,670,0,131072,2,0.99954,True,True,True
19720,2,158,670,0,131072,1,0.99968,True,True,True
19730,2,154,666,2,-131072,1,0.9935,True,True,True
19738,2,154,666,2,-131072,2,0.99706,True,True,True
19745,2,153,665,1,131071,4,0.99753,True,True,True
19746,2,154,666,2,-131072,1,0.99963,True,True,True
19751,2,154,666,3,-131073,0,0.99975,True,True,True
19752,2,159,671,0,131072,2,0.99974,True,True,True
19757,2,154,666,1,131071,1,0.99946,True,True,True
19762,2,155,667,2,-131072,2,0.9987,True,True,True
19763,2,154,666,3,-131073,0,0.9942,True,True,True
19766,2,155,667,2,-131072,2,0.99797,True,True,True
19769,2,154,666,1,131071,2,0.99629,True,True,True
19770,2,156,668,2,-131072,5,0.99991,True,True,True
19771,2,154,666,3,-131073,2,0.99997,True,True,True
19780,2,160,672,0,131072,3,0.99858,True,True,True
19785,2,155,667,1,131071,0,0.99644,True,True,True
19792,2,160,672,0,131072,3,0.99998,True,True,True
19795,2,155,667,3,-131073,3,0.99998,True,True,True
19796,2,160,672,0,131072,0,0.99908,True,True,True
19797,2,155,667,1,131071,1,0.99917,True,True,True
19798,2,157,669,2,-131072,3,0.99727,True,True,True
19800,2,160,672,0,131072,2,0.99961,True,True,True
19802,2,157,669,2,-131072,4,0.99221,True,True,True
19809,2,155,667,1,131071,0,0.99923,True,True,True
19812,2,161,673,0,131072,0,0.99977,True,True,True
19817,2,156,668,1,131071,0,0.9941,True,True,True
19819,2,156,668,3,-131073,0,0.99965,True,True,True
19820,2,161,673,0,131072,7,0.99881,True,True,True
19821,2,156,668,1,131071,0,0.99614,True,True,True
19825,2,156,668,1,131071,0,0.99612,True,True,True
19831,2,157,669,3,-131073,1,0.99988,True,True,True
19832,2,161,673,0,131072,1,0.99948,True,True,True
19833,2,156,668,1,131071,3,0.9999,True,True,True
19835,2,157,669,3,-131073,4,0.99996,True,True,True
19836,2,161,673,0,131072,1,0.9937,True,True,True
19839,2,157,669,3,-131073,1,0.99992,True,True,True
19840,2,161,673,0,131072,0,0.99751,True,True,True
19842,2,158,670,2,-131072,1,0.99883,True,True,True
19844,2,161,673,0,131072,2,0.99925,True,True,True
19850,2,159,671,2,-131072,1,0.99789,True,True,True
19856,2,162,674,0,131072,3,0.99965,True,True,True
19859,2,157,669,3,-131073,1,0.9998,True,True,True
19863,2,157,669,3,-131073,2,0.99994,True,True,True
19867,2,157,669,3,-131073,1,0.99363,True,True,True
19877,2,158,670,1,131071,1,0.99883,True,True,True
19887,2,158,670,3,-131073,2,0.99987,True,True,True
19888,2,163,675,0,131072,0,0.99985,True,True,True
19909,2,159,671,1,131071,0,0.99959,True,True,True
19915,2,159,671,3,-131073,4,0.99937,True,True,True
19925,2,159,671,1,131071,3,0.99924,True,True,True
19926,2,162,674,2,-131072,3,0.99986,True,True,True
19928,2,164,676,0,131072,2,0.99994,True,True,True
19929,2,159,671,1,131071,2,0.9993,True,True,True
19930,2,162,674,2,-131072,0,0.99972,True,True,True
19934,2,162,674,2,-131072,2,0.99906,True,True,True
19939,2,160,672,3,-131073,0,0.99749,True,True,True
19941,2,160,672,1,131071,3,0.99336,True,True,True
19943,2,161,673,3,-131073,3,0.9998,True,True,True
19946,2,163,675,2,-131072,2,0.99855,True,True,True
19948,2,165,677,0,131072,2,0.99858,True,True,True
19951,2,161,673,3,-131073,0,0.9998,True,True,True
19952,2,165,677,0,131072,2,0.9996,True,True,True
19954,2,163,675,2,-131072,0,0.99894,True,True,True
19955,2,161,673,3,-131073,4,0.99995,True,True,True
19962,2,164,676,2,-131072,1,0.99845,True,True,True
19965,2,160,672,1,131071,1,0.9994,True,True,True
19966,2,164,676,2,-131072,1,0.99692,True,True,True
19978,2,164,676,2,-131072,2,0.99658,True,True,True
19979,2,162,674,3,-131073,2,0.99953,True,True,True
19980,2,165,677,0,131072,2,0.99618,True,True,True
19982,2,165,677,2,-131072,2,0.99986,True,True,True
19988,2,166,678,0,131072,3,0.99979,True,True,True
19990,2,165,677,2,-131072,1,0.99543,True,True,True
19994,2,165,677,2,-131072,4,0.99882,True,True,True
19997,2,163,675,1,131071,5,0.99953,True,True,True
20001,2,163,675,1,131071,3,0.9934,True,True,True
20004,2,166,678,0,131072,0,0.99993,True,True,True
20008,2,166,678,0,131072,2,0.99912,True,True,True
20009,2,163,675,1,131071,0,0.99946,True,True,True
20015,2,164,676,3,-131073,1,0.99974,True,True,True
20021,2,164,676,1,131071,1,0.99831,True,True,True
20022,2,166,678,2,-131072,0,0.99922,True,True,True
20023,2,164,676,3,-131073,3,0.99921,True,True,True
20037,2,164,676,1,131071,3,0.99711,True,True,True
20039,2,164,676,3,-131073,1,0.99975,True,True,True
20043,2,165,677,3,-131073,5,0.9988,True,True,True
20045,2,164,676,1,131071,3,0.99813,True,True,True
20046,2,167,679,2,-131072,3,0.99815,True,True,True
20051,2,165,677,3,-131073,1,0.99972,True,True,True
20055,2,165,677,3,-131073,1,0.99505,True,True,True
20057,2,164,676,1,131071,4,0.99887,True,True,True
20062,2,168,680,2,-131072,1,0.99968,True,True,True
20063,2,166,678,3,-131073,1,0.99453,True,True,True
20067,2,166,678,3,-131073,4,0.99958,True,True,True
20071,2,166,678,3,-131073,1,0.99974,True,True,True
20072,2,170,682,0,131072,3,0.99993,True,True,True
20077,2,165,677,1,131071,2,0.99916,True,True,True
20078,2,169,681,2,-131072,3,0.99106,True,True,True
20081,2,165,677,1,131071,3,0.9951,True,True,True
20085,2,165,677,1,131071,2,0.9975,True,True,True
20088,2,170,682,0,131072,1,0.99203,True,True,True
20095,2,166,678,3,-131073,2,0.99787,True,True,True
20101,2,166,678,1,131071,3,0.99995,True,True,True
20105,2,166,678,1,131071,8,0.99964,True,True,True
20106,2,169,681,2,-131072,0,0.99835,True,True,True
20108,2,171,683,0,131072,1,0.99884,True,True,True
20113,2,167,679,1,131071,2,0.99805,True,True,True
20123,2,167,679,3,-131073,3,0.99917,True,True,True
20126,2,170,682,2,-131072,10,0.99893,True,True,True
20129,2,167,679,1,131071,1,0.99957,True,True,True
20142,2,170,682,2,-131072,1,0.99637,True,True,True
20143,2,168,680,3,-131073,2,0.99897,True,True,True
20152,2,172,684,0,131072,2,0.99956,True,True,True
20153,2,168,680,1,131071,1,0.9991,True,True,True
20154,2,171,683,2,-131072,0,0.99266,True,True,True
20155,2,168,680,3,-131073,3,0.99801,True,True,True
20156,2,173,685,0,131072,2,0.99878,True,True,True
20161,2,168,680,1,131071,2,0.999,True,True,True
20162,2,171,683,2,-131072,1,0.99873,True,True,True
20165,2,168,680,1,131071,2,0.99923,True,True,True
20169,2,168,680,1,131071,3,0.99967,True,True,True
20176,2,174,686,0,131072,2,0.99944,True,True,True
20180,2,174,686,0,131072,2,0.99984,True,True,True
20181,2,169,681,1,131071,1,0.99737,True,True,True
20187,2,169,681,3,-131073,2,0.99931,True,True,True
20188,2,174,686,0,131072,1,0.99526,True,True,True
20193,2,169,681,1,131071,0,0.99004,True,True,True
20197,2,170,682,1,131071,0,0.99666,True,True,True
20198,2,172,684,2,-131072,2,0.99856,True,True,True
20200,2,175,687,0,131072,4,0.99187,True,True,True
20209,2,170,682,1,131071,3,0.99921,True,True,True
20214,2,172,684,2,-131072,2,0.99793,True,True,True
20227,2,171,683,3,-131073,1,0.9996,True,True,True
20232,2,176,688,0,131072,1,0.99994,True,True,True
20241,2,172,684,1,131071,1,0.99568,True,True,True
20242,2,173,685,2,-131072,2,0.99519,True,True,True
20251,2,172,684,3,-131073,1,0.99466,True,True,True
20252,2,176,688,0,131072,4,0.99954,True,True,True
20258,2,174,686,2,-131072,2,0.99873,True,True,True
20264,2,176,688,0,131072,2,0.99997,True,True,True
20265,2,173,685,1,131071,0,0.99707,True,True,True
20269,2,173,685,1,131071,5,0.99799,True,True,True
20270,2,175,687,2,-131072,1,0.99708,True,True,True
20273,2,173,685,1,131071,2,0.99834,True,True,True
20274,2,175,687,2,-131072,1,0.99938,True,True,True
20275,2,173,685,3,-131073,2,0.99843,True,True,True
20276,2,177,689,0,131072,3,0.99705,True,True,True
20278,2,175,687,2,-131072,5,0.99697,True,True,True
20279,2,173,685,3,-131073,0,0.99956,True,True,True
20281,2,173,685,1,131071,3,0.99739,True,True,True
20283,2,174,686,3,-131073,1,0.99929,True,True,True
20292,2,178,690,0,131072,2,0.99255,True,True,True
20297,2,174,686,1,131071,3,0.99964,True,True,True
20307,2,174,686,3,-131073,1,0.9995,True,True,True
20312,2,178,690,0,131072,5,0.9999,True,True,True
20314,2,177,689,2,-131072,1,0.9999,True,True,True
20316,2,178,690,0,131072,4,0.99637,True,True,True
20320,2,178,690,0,131072,1,0.99925,True,True,True
20321,2,175,687,1,131071,0,0.9961,True,True,True
20322,2,177,689,2,-131072,2,0.99974,True,True,True
20323,2,175,687,3,-131073,1,0.999,True,True,True
20324,2,178,690,0,131072,4,0.99989,True,True,True
20327,2,175,687,3,-131073,3,0.99977,True,True,True
20335,2,175,687,3,-131073,0,0.99987,True,True,True
20337,2,175,687,1,131071,5,0.9978,True,True,True
20340,2,179,691,0,131072,2,0.99423,True,True,True
20343,2,175,687,3,-131073,1,0.99947,True,True,True
20347,2,175,687,3,-131073,5,0.99858,True,True,True
20350,2,178,690,2,-131072,1,0.99973,True,True,True
20354,2,178,690,2,-131072,2,0.99828,True,True,True
20359,2,176,688,3,-131073,0,0.9998,True,True,True
20366,2,179,691,2,-131072,1,0.99737,True,True,True
20368,2,180,692,0,131072,1,0.99765,True,True,True
20374,2,179,691,2,-131072,2,0.99633,True,True,True
20383,2,177,689,3,-131073,1,0.99922,True,True,True
20393,2,177,689,1,131071,1,0.99955,True,True,True
20394,2,180,692,2,-131072,4,0.9981,True,True,True
20397,2,177,689,1,131071,0,0.99749,True,True,True
20399,2,177,689,3,-131073,2,0.99936,True,True,True
20401,2,178,690,1,131071,1,0.99932,True,True,True
20403,2,178,690,3,-131073,4,0.99994,True,True,True
20407,2,178,690,3,-131073,0,0.99975,True,True,True
20411,2,178,690,3,-131073,3,0.99894,True,True,True
20413,2,178,690,1,131071,0,0.99911,True,True,True
20414,2,180,692,2,-131072,1,0.99637,True,True,True
20415,2,178,690,3,-131073,5,0.9998,True,True,True
20416,2,181,693,0,131072,2,0.99147,True,True,True
20417,2,178,690,1,131071,1,0.99243,True,True,True
20423,2,179,691,3,-131073,2,0.99999,True,True,True
20424,2,181,693,0,131072,0,0.99984,True,True,True
20432,2,181,693,0,131072,2,0.99789,True,True,True
20436,2,181,693,0,131072,1,0.99825,True,True,True
20439,2,180,692,3,-131073,0,0.9987,True,True,True
20445,2,180,692,1,131071,2,0.99971,True,True,True
20449,2,180,692,1,131071,1,0.99881,True,True,True
20452,2,182,694,0,131072,3,0.99967,True,True,True
20453,2,180,692,1,131071,1,0.99634,True,True,True
20459,2,180,692,3,-131073,1,0.9996,True,True,True
20475,2,181,693,3,-131073,2,0.99982,True,True,True
20476,2,182,694,0,131072,1,0.99852,True,True,True
20477,2,181,693,1,131071,1,0.99839,True,True,True
20479,2,181,693,3,-131073,0,0.99614,True,True,True
20481,2,181,693,1,131071,2,0.99888,True,True,True
20485,2,181,693,1,131071,1,0.99948,True,True,True
20487,2,181,693,3,-131073,0,0.99942,True,True,True
20493,2,181,693,1,131071,3,0.99858,True,True,True
20497,2,181,693,1,131071,3,0.99954,True,True,True
20499,2,182,694,3,-131073,1,0.99974,True,True,True
20508,2,184,696,0,131072,2,0.99852,True,True,True
20510,2,185,697,2,-131072,1,0.99223,True,True,True
20511,2,182,694,3,-131073,1,0.99988,True,True,True
20514,2,185,697,2,-131072,2,0.99183,True,True,True
20516,2,184,696,0,131072,3,0.99942,True,True,True
20519,2,182,694,3,-131073,0,0.9997,True,True,True
20527,2,183,695,3,-131073,6,0.99792,True,True,True
20529,2,183,695,1,131071,5,0.99946,True,True,True
20534,2,186,698,2,-131072,2,0.99057,True,True,True
20539,2,183,695,3,-131073,2,0.99903,True,True,True
20542,2,186,698,2,-131072,3,0.99829,True,True,True
20544,2,185,697,0,131072,1,0.99564,True,True,True
20551,2,183,695,3,-131073,10,0.99974,True,True,True
20555,2,183,695,3,-131073,3,0.99957,True,True,True
20556,2,185,697,0,131072,5,0.99243,True,True,True
20561,2,184,696,1,131071,3,0.99831,True,True,True
20562,2,187,699,2,-131072,1,0.99815,True,True,True
20572,2,186,698,0,131072,0,0.99961,True,True,True
20574,2,187,699,2,-131072,0,0.99311,True,True,True
20576,2,186,698,0,131072,3,0.99935,True,True,True
20583,2,184,696,3,-131073,3,0.99981,True,True,True
20584,2,186,698,0,131072,5,0.99696,True,True,True
20588,2,187,699,0,131072,2,0.99936,True,True,True
20592,2,187,699,0,131072,2,0.99989,True,True,True
20593,2,185,697,1,131071,0,0.99575,True,True,True
20603,2,186,698,3,-131073,3,0.99959,True,True,True
20605,2,186,698,1,131071,1,0.99801,True,True,True
20609,2,186,698,1,131071,2,0.99952,True,True,True
20611,2,186,698,3,-131073,1,0.99973,True,True,True
20612,2,187,699,0,131072,1,0.99907,True,True,True
20620,2,187,699,0,131072,3,0.99986,True,True,True
20623,2,187,699,3,-131073,4,0.99981,True,True,True
20632,2,187,699,0,131072,1,0.9999,True,True,True
20634,2,190,702,2,-131072,4,0.99922,True,True,True
20641,2,188,700,1,131071,1,0.99951,True,True,True
20643,2,187,699,3,-131073,1,0.99958,True,True,True
20644,2,188,700,0,131072,3,0.99768,True,True,True
20652,2,188,700,0,131072,1,0.99923,True,True,True
20660,2,188,700,0,131072,2,0.99674,True,True,True
20669,2,188,700,1,131071,1,0.99956,True,True,True
20671,2,188,700,3,-131073,1,0.99966,True,True,True
20677,2,189,701,1,131071,2,0.99939,True,True,True
20681,2,189,701,1,131071,1,0.99839,True,True,True
20685,2,189,701,1,131071,1,0.99234,True,True,True
20689,2,189,701,1,131071,1,0.99711,True,True,True
20696,2,189,701,0,131072,2,0.9913,True,True,True
20698,2,192,704,2,-131072,3,0.99802,True,True,True
20700,2,189,701,0,131072,2,0.99683,True,True,True
20701,2,190,702,1,131071,1,0.99977,True,True,True
20702,2,192,704,2,-131072,0,0.99916,True,True,True
20704,2,190,702,0,131072,3,0.99939,True,True,True
20707,2,189,701,3,-131073,1,0.99818,True,True,True
20714,2,193,705,2,-131072,3,0.99955,True,True,True
20722,2,193,705,2,-131072,2,0.99924,True,True,True
20725,2,191,703,1,131071,2,0.99715,True,True,True
20727,2,190,702,3,-131073,2,0.99532,True,True,True
20731,2,190,702,3,-131073,3,0.99974,True,True,True
20732,2,191,703,0,131072,0,0.99955,True,True,True
20733,2,191,703,1,131071,3,0.99972,True,True,True
20736,2,191,703,0,131072,1,0.9956,True,True,True
20737,2,191,703,1,131071,1,0.99954,True,True,True
20743,2,191,703,3,-131073,0,0.9999,True,True,True
20751,2,191,703,3,-131073,2,0.99971,True,True,True
20756,2,191,703,0,131072,1,0.99689,True,True,True
20759,2,192,704,3,-131073,6,0.99935,True,True,True
20760,2,191,703,0,131072,2,0.99979,True,True,True
20763,2,192,704,3,-131073,1,0.99713,True,True,True
20771,2,192,704,3,-131073,3,0.99407,True,True,True
20775,2,192,704,3,-131073,2,0.99888,True,True,True
20781,2,193,705,1,131071,1,0.99519,True,True,True
20783,2,193,705,3,-131073,1,0.99898,True,True,True
20785,2,193,705,1,131071,1,0.99931,True,True,True
20787,2,193,705,3,-131073,5,0.99912,True,True,True
20799,2,193,705,3,-131073,1,0.99958,True,True,True
20801,2,193,705,1,131071,1,0.99635,True,True,True
20803,2,193,705,3,-131073,2,0.99996,True,True,True
20805,2,193,705,1,131071,0,0.99263,True,True,True
20806,2,196,708,2,-131072,1,0.99849,True,True,True
20808,2,193,705,0,131072,1,0.99974,True,True,True
20812,2,194,706,0,131072,2,0.99995,True,True,True
20815,2,193,705,3,-131073,2,0.99819,True,True,True
20817,2,194,706,1,131071,1,0.99907,True,True,True
20822,2,197,709,2,-131072,1,0.99514,True,True,True
20824,2,194,706,0,131072,2,0.99973,True,True,True
20829,2,194,706,1,131071,1,0.99875,True,True,True
20832,2,195,707,0,131072,0,0.99961,True,True,True
20835,2,194,706,3,-131073,5,0.99973,True,True,True
20838,2,197,709,2,-131072,4,0.99739,True,True,True
20840,2,195,707,0,131072,3,0.99955,True,True,True
20842,2,198,710,2,-131072,1,0.99357,True,True,True
20846,2,198,710,2,-131072,1,0.99929,True,True,True
20853,2,195,707,1,131071,0,0.99941,True,True,True
20854,2,198,710,2,-131072,1,0.99669,True,True,True
20856,2,195,707,0,131072,2,0.9962,True,True,True
20860,2,195,707,0,131072,1,0.99988,True,True,True
20863,2,195,707,3,-131073,1,0.99781,True,True,True
20864,2,196,708,0,131072,0,0.99931,True,True,True
20866,2,198,710,2,-131072,1,0.99898,True,True,True
20868,2,196,708,0,131072,1,0.99188,True,True,True
20874,2,199,711,2,-131072,2,0.99165,True,True,True
20880,2,196,708,0,131072,3,0.99778,True,True,True
20883,2,195,707,3,-131073,0,0.99991,True,True,True
20888,2,196,708,0,131072,1,0.99963,True,True,True
20892,2,196,708,0,131072,4,0.99994,True,True,True
20894,2,199,711,2,-131072,3,0.99831,True,True,True
20899,2,197,709,3,-131073,2,0.99995,True,True,True
20904,2,197,709,0,131072,3,0.99927,True,True,True
20905,2,196,708,1,131071,0,0.99368,True,True,True
20909,2,196,708,1,131071,2,0.99911,True,True,True
20915,2,197,709,3,-131073,2,0.99876,True,True,True
20916,2,197,709,0,131072,2,0.99519,True,True,True
20927,2,197,709,3,-131073,5,0.99984,True,True,True
20930,2,200,712,2,-131072,3,0.99469,True,True,True
20935,2,198,710,3,-131073,3,0.99999,True,True,True
20938,2,201,713,2,-131072,0,0.9994,True,True,True
20941,2,197,709,1,131071,4,0.99975,True,True,True
20947,2,198,710,3,-131073,7,0.99896,True,True,True
20951,2,198,710,3,-131073,1,0.99871,True,True,True
20955,2,199,711,3,-131073,3,0.99995,True,True,True
20957,2,198,710,1,131071,0,0.99965,True,True,True
20958,2,201,713,2,-131072,2,0.99966,True,True,True
20959,2,199,711,3,-131073,1,0.99978,True,True,True
20969,2,199,711,1,131071,0,0.99429,True,True,True
20977,2,200,712,1,131071,1,0.99984,True,True,True
20980,2,199,711,0,131072,2,0.9982,True,True,True
20984,2,199,711,0,131072,1,0.99976,True,True,True
20985,2,200,712,1,131071,5,0.99978,True,True,True
20986,2,202,714,2,-131072,1,0.99622,True,True,True
20989,2,200,712,1,131071,1,0.9973,True,True,True
20994,2,203,715,2,-131072,1,0.9994,True,True,True
20995,2,200,712,3,-131073,2,0.99947,True,True,True
21000,2,199,711,0,131072,3,0.99933,True,True,True
21003,2,200,712,3,-131073,2,0.99953,True,True,True
21006,2,203,715,2,-131072,0,0.99618,True,True,True
21007,2,200,712,3,-131073,4,0.9992,True,True,True
21013,2,201,713,1,131071,3,0.99896,True,True,True
21018,2,204,716,2,-131072,4,0.99944,True,True,True
21019,2,201,713,3,-131073,6,0.99984,True,True,True
21033,2,202,714,1,131071,1,0.99872,True,True,True
21036,2,200,712,0,131072,1,0.99989,True,True,True
21039,2,202,714,3,-131073,2,0.99954,True,True,True
21046,2,206,718,2,-131072,2,0.99525,True,True,True
21051,2,202,714,3,-131073,0,0.99942,True,True,True
21053,2,203,715,1,131071,0,0.9999,True,True,True
21055,2,202,714,3,-131073,1,0.99921,True,True,True
21058,2,207,719,2,-131072,2,0.99711,True,True,True
21060,2,200,712,0,131072,0,0.99971,True,True,True
21063,2,203,715,3,-131073,3,0.99832,True,True,True
21064,2,200,712,0,131072,1,0.99786,True,True,True
21076,2,200,712,0,131072,2,0.99789,True,True,True
21085,2,204,716,1,131071,0,0.9988,True,True,True
21086,2,208,720,2,-131072,1,0.99287,True,True,True
21093,2,205,717,1,131071,1,0.9959,True,True,True
21102,2,208,720,2,-131072,1,0.99434,True,True,True
21103,2,204,716,3,-131073,1,0.99926,True,True,True
21110,2,209,721,2,-131072,2,0.99895,True,True,True
21112,2,201,713,0,131072,2,0.9989,True,True,True
21115,2,205,717,3,-131073,1,0.99317,True,True,True
21125,2,206,718,1,131071,2,0.99874,True,True,True
21128,2,202,714,0,131072,0,0.99703,True,True,True
21129,2,206,718,1,131071,7,0.99969,True,True,True
21131,2,205,717,3,-131073,1,0.99995,True,True,True
21137,2,206,718,1,131071,2,0.99932,True,True,True
21140,2,204,716,0,131072,0,0.99916,True,True,True
21142,2,210,722,2,-131072,1,0.99053,True,True,True
21146,2,210,722,2,-131072,5,0.99416,True,True,True
21161,2,208,720,1,131071,2,0.99967,True,True,True
21162,2,211,723,2,-131072,2,0.99875,True,True,True
21166,2,211,723,2,-131072,3,0.99927,True,True,True
21167,2,206,718,3,-131073,4,0.99927,True,True,True
21170,2,211,723,2,-131072,5,0.99847,True,True,True
21175,2,206,718,3,-131073,2,0.99963,True,True,True
21176,2,206,718,0,131072,0,0.99993,True,True,True
21179,2,206,718,3,-131073,4,0.99985,True,True,True
21181,2,208,720,1,131071,2,0.99286,True,True,True
21182,2,211,723,2,-131072,0,0.9991,True,True,True
21195,2,207,719,3,-131073,1,0.99971,True,True,True
21202,2,212,724,2,-131072,6,0.99396,True,True,True
21203,2,207,719,3,-131073,5,0.99975,True,True,True
21205,2,209,721,1,131071,4,0.99705,True,True,True
21211,2,208,720,3,-131073,2,0.99907,True,True,True
21214,2,213,725,2,-131072,1,0.99626,True,True,True
21216,2,207,719,0,131072,2,0.998,True,True,True
21220,2,207,719,0,131072,3,0.99765,True,True,True
21222,2,213,725,2,-131072,2,0.99891,True,True,True
21224,2,207,719,0,131072,0,0.99974,True,True,True
21238,2,214,726,2,-131072,1,0.99735,True,True,True
21242,2,214,726,2,-131072,1,0.99334,True,True,True
21250,2,215,727,2,-131072,2,0.99357,True,True,True
21254,2,215,727,2,-131072,4,0.99794,True,True,True
21255,2,209,721,3,-131073,3,0.99923,True,True,True
21274,2,216,728,2,-131072,2,0.99892,True,True,True
21275,2,210,722,3,-131073,5,0.99995,True,True,True
21296,2,209,721,0,131072,2,0.99953,True,True,True
21299,2,211,723,3,-131073,4,0.99782,True,True,True
21301,2,212,724,1,131071,2,0.99976,True,True,True
21303,2,211,723,3,-131073,1,0.99981,True,True,True
21308,2,209,721,0,131072,3,0.99751,True,True,True
21310,2,217,729,2,-131072,1,0.99907,True,True,True
21313,2,213,725,1,131071,0,0.99774,True,True,True
21317,2,214,726,1,131071,5,0.99766,True,True,True
21318,2,217,729,2,-131072,4,0.99915,True,True,True
21324,2,210,722,0,131072,0,0.99982,True,True,True
21328,2,210,722,0,131072,2,0.99282,True,True,True
21333,2,214,726,1,131071,5,0.99642,True,True,True
21334,2,217,729,2,-131072,1,0.99989,True,True,True
21335,2,212,724,3,-131073,5,0.99991,True,True,True
21336,2,210,722,0,131072,1,0.99875,True,True,True
21338,2,218,730,2,-131072,0,0.99325,True,True,True
21344,2,210,722,0,131072,3,0.99819,True,True,True
21348,2,210,722,0,131072,0,0.99868,True,True,True
21349,2,215,727,1,131071,3,0.99896,True,True,True
21356,2,211,723,0,131072,3,0.9999,True,True,True
21360,2,211,723,0,131072,2,0.99934,True,True,True
21365,2,215,727,1,131071,0,0.99845,True,True,True
21366,2,219,731,2,-131072,2,0.9965,True,True,True
21367,2,214,726,3,-131073,2,0.99806,True,True,True
21368,2,211,723,0,131072,1,0.99401,True,True,True
21369,2,216,728,1,131071,2,0.99649,True,True,True
21372,2,211,723,0,131072,3,0.99505,True,True,True
21378,2,219,731,2,-131072,3,0.99925,True,True,True
21380,2,212,724,0,131072,4,0.99866,True,True,True
21385,2,217,729,1,131071,1,0.99937,True,True,True
21389,2,217,729,1,131071,4,0.99021,True,True,True
21391,2,215,727,3,-131073,1,0.99933,True,True,True
21396,2,212,724,0,131072,0,0.99993,True,True,True
21399,2,215,727,3,-131073,3,0.99952,True,True,True
21400,2,213,725,0,131072,3,0.99522,True,True,True
21403,2,215,727,3,-131073,1,0.99985,True,True,True
21404,2,213,725,0,131072,1,0.99466,True,True,True
21406,2,220,732,2,-131072,3,0.99944,True,True,True
21407,2,215,727,3,-131073,2,0.99948,True,True,True
21410,2,220,732,2,-131072,2,0.99341,True,True,True
21411,2,216,728,3,-131073,1,0.99962,True,True,True
21412,2,213,725,0,131072,4,0.99985,True,True,True
21413,2,217,729,1,131071,1,0.99718,True,True,True
21416,2,213,725,0,131072,2,0.99776,True,True,True
21424,2,213,725,0,131072,4,0.99883,True,True,True
21425,2,218,730,1,131071,3,0.99979,True,True,True
21426,2,220,732,2,-131072,1,0.99802,True,True,True
21427,2,216,728,3,-131073,1,0.99663,True,True,True
21428,2,213,725,0,131072,3,0.99864,True,True,True
21429,2,218,730,1,131071,2,0.99886,True,True,True
21433,2,218,730,1,131071,0,0.99984,True,True,True
21439,2,216,728,3,-131073,3,0.99994,True,True,True
21446,2,221,733,2,-131072,4,0.99809,True,True,True
21450,2,221,733,2,-131072,0,0.9975,True,True,True
21451,2,217,729,3,-131073,8,0.99926,True,True,True
21453,2,218,730,1,131071,2,0.99946,True,True,True
21454,2,221,733,2,-131072,6,0.99569,True,True,True
21456,2,215,727,0,131072,2,0.99994,True,True,True
21458,2,222,734,2,-131072,0,0.99347,True,True,True
21460,2,215,727,0,131072,0,0.99985,True,True,True
21462,2,222,734,2,-131072,3,0.99316,True,True,True
21465,2,218,730,1,131071,4,0.99964,True,True,True
21466,2,222,734,2,-131072,3,0.99694,True,True,True
21467,2,218,730,3,-131073,0,0.99918,True,True,True
21472,2,216,728,0,131072,3,0.99934,True,True,True
21474,2,222,734,2,-131072,1,0.99548,True,True,True
21480,2,216,728,0,131072,1,0.99999,True,True,True
21482,2,222,734,2,-131072,2,0.99126,True,True,True
21488,2,217,729,0,131072,1,0.9984,True,True,True
21492,2,217,729,0,131072,1,0.99931,True,True,True
21495,2,218,730,3,-131073,2,0.99992,True,True,True
21496,2,217,729,0,131072,6,0.9994,True,True,True
21499,2,218,730,3,-131073,3,0.99996,True,True,True
21500,2,217,729,0,131072,0,0.99901,True,True,True
21504,2,217,729,0,131072,0,0.999,True,True,True
21507,2,218,730,3,-131073,2,0.99998,True,True,True
21509,2,220,732,1,131071,2,0.9983,True,True,True
21510,2,223,735,2,-131072,3,0.99501,True,True,True
21512,2,218,730,0,131072,1,0.99932,True,True,True
21513,2,220,732,1,131071,3,0.99971,True,True,True
21514,2,223,735,2,-131072,4,0.99758,True,True,True
21522,2,223,735,2,-131072,2,0.99558,True,True,True
21523,2,219,731,3,-131073,2,0.99856,True,True,True
21524,2,218,730,0,131072,1,0.9998,True,True,True
21526,2,223,735,2,-131072,1,0.99186,True,True,True
21534,2,223,735,2,-131072,2,0.99926,True,True,True
21541,2,221,733,1,131071,2,0.99966,True,True,True
21546,2,224,736,2,-131072,1,0.99868,True,True,True
21547,2,220,732,3,-131073,1,0.99955,True,True,True
21559,2,221,733,3,-131073,4,0.99955,True,True,True
21561,2,221,733,1,131071,1,0.99813,True,True,True
21563,2,221,733,3,-131073,3,0.99984,True,True,True
21571,2,222,734,3,-131073,1,0.99984,True,True,True
21577,2,222,734,1,131071,4,0.99854,True,True,True
21578,2,224,736,2,-131072,3,0.99876,True,True,True
21586,2,224,736,2,-131072,1,0.99451,True,True,True
21587,2,222,734,3,-131073,2,0.99992,True,True,True
21596,2,220,732,0,131072,3,0.99906,True,True,True
21598,2,225,737,2,-131072,1,0.99934,True,True,True
21599,2,223,735,3,-131073,2,0.99978,True,True,True
21602,2,225,737,2,-131072,2,0.99077,True,True,True
21605,2,224,736,1,131071,1,0.99881,True,True,True
21609,2,224,736,1,131071,1,0.99846,True,True,True
21613,2,224,736,1,131071,2,0.99911,True,True,True
21614,2,225,737,2,-131072,2,0.99979,True,True,True
21617,2,224,736,1,131071,1,0.9996,True,True,True
21623,2,225,737,3,-131073,0,0.99636,True,True,True
21625,2,224,736,1,131071,0,0.99907,True,True,True
21629,2,224,736,1,131071,3,0.99319,True,True,True
21630,2,226,738,2,-131072,5,0.99824,True,True,True
21631,2,225,737,3,-131073,4,0.99768,True,True,True
21635,2,225,737,3,-131073,1,0.99963,True,True,True
21644,2,222,734,0,131072,0,0.99835,True,True,True
21646,2,227,739,2,-131072,1,0.99275,True,True,True
21650,2,227,739,2,-131072,1,0.99965,True,True,True
21656,2,222,734,0,131072,3,0.99835,True,True,True
21662,2,227,739,2,-131072,2,0.99793,True,True,True
21665,2,225,737,1,131071,3,0.99969,True,True,True
21668,2,223,735,0,131072,1,0.99973,True,True,True
21672,2,223,735,0,131072,3,0.99898,True,True,True
21673,2,226,738,1,131071,1,0.9995,True,True,True
21677,2,226,738,1,131071,0,0.99867,True,True,True
21681,2,226,738,1,131071,1,0.9996,True,True,True
21682,2,228,740,2,-131072,0,0.99956,True,True,True
21683,2,227,739,3,-131073,1,0.99842,True,True,True
21686,2,228,740,2,-131072,2,0.99963,True,True,True
21688,2,224,736,0,131072,1,0.99965,True,True,True
21690,2,228,740,2,-131072,5,0.99875,True,True,True
21700,2,224,736,0,131072,0,0.99945,True,True,True
21702,2,228,740,2,-131072,1,0.99842,True,True,True
21707,2,228,740,3,-131073,1,0.99981,True,True,True
21708,2,224,736,0,131072,2,0.99594,True,True,True
21713,2,227,739,1,131071,1,0.99541,True,True,True
21723,2,228,740,3,-131073,1,0.99944,True,True,True
21726,2,229,741,2,-131072,1,0.99947,True,True,True
21728,2,226,738,0,131072,1,0.9999,True,True,True
21737,2,227,739,1,131071,3,0.99581,True,True,True
21738,2,229,741,2,-131072,3,0.99947,True,True,True
21741,2,227,739,1,131071,1,0.99985,True,True,True
21742,2,229,741,2,-131072,0,0.9988,True,True,True
21743,2,229,741,3,-131073,4,0.9973,True,True,True
21744,2,226,738,0,131072,4,0.99893,True,True,True
21746,2,229,741,2,-131072,4,0.99821,True,True,True
21749,2,228,740,1,131071,1,0.9986,True,True,True
21752,2,227,739,0,131072,0,0.99403,True,True,True
21759,2,229,741,3,-131073,1,0.99984,True,True,True
21777,2,229,741,1,131071,4,0.99964,True,True,True
21781,2,229,741,1,131071,3,0.99858,True,True,True
21782,2,231,743,2,-131072,3,0.99605,True,True,True
21787,2,230,742,3,-131073,1,0.99995,True,True,True
21789,2,229,741,1,131071,0,0.9993,True,True,True
21797,2,230,742,1,131071,1,0.99373,True,True,True
21800,2,228,740,0,131072,4,0.99837,True,True,True
21802,2,231,743,2,-131072,4,0.99947,True,True,True
21804,2,228,740,0,131072,1,0.99991,True,True,True
21811,2,231,743,3,-131073,3,0.99518,True,True,True
21813,2,230,742,1,131071,0,0.99968,True,True,True
21816,2,228,740,0,131072,4,0.99989,True,True,True
21817,2,230,742,1,131071,5,0.99895,True,True,True
21822,2,232,744,2,-131072,2,0.99232,True,True,True
21824,2,228,740,0,131072,3,0.99931,True,True,True
21827,2,231,743,3,-131073,0,0.99984,True,True,True
21829,2,230,742,1,131071,1,0.99743,True,True,True
21832,2,228,740,0,131072,2,0.9985,True,True,True
21833,2,230,742,1,131071,2,0.99981,True,True,True
21839,2,232,744,3,-131073,1,0.99993,True,True,True
21853,2,231,743,1,131071,4,0.99781,True,True,True
21855,2,232,744,3,-131073,0,0.99907,True,True,True
21857,2,231,743,1,131071,0,0.99927,True,True,True
21868,2,229,741,0,131072,2,0.99953,True,True,True
21873,2,232,744,1,131071,1,0.99897,True,True,True
21877,2,232,744,1,131071,1,0.99049,True,True,True
21879,2,233,745,3,-131073,0,0.99958,True,True,True
21881,2,232,744,1,131071,2,0.99943,True,True,True
21882,2,233,745,2,-131072,2,0.9948,True,True,True
21887,2,233,745,3,-131073,1,0.99978,True,True,True
21889,2,233,745,1,131071,3,0.99877,True,True,True
21898,2,234,746,2,-131072,1,0.9985,True,True,True
21909,2,234,746,1,131071,3,0.99979,True,True,True
21911,2,233,745,3,-131073,1,0.99911,True,True,True
21915,2,233,745,3,-131073,1,0.99993,True,True,True
21920,2,232,744,0,131072,0,0.99997,True,True,True
21921,2,234,746,1,131071,3,0.9999,True,True,True
21923,2,234,746,3,-131073,1,0.99983,True,True,True
21927,2,234,746,3,-131073,1,0.99971,True,True,True
21928,2,233,745,0,131072,3,0.99991,True,True,True
21931,2,235,747,3,-131073,2,0.99989,True,True,True
21932,2,233,745,0,131072,1,0.99987,True,True,True
21934,2,235,747,2,-131072,3,0.9951,True,True,True
21943,2,235,747,3,-131073,1,0.99988,True,True,True
21944,2,233,745,0,131072,1,0.99897,True,True,True
21951,2,235,747,3,-131073,1,0.99977,True,True,True
21952,2,233,745,0,131072,0,0.9989,True,True,True
21953,2,236,748,1,131071,1,0.99971,True,True,True
21955,2,236,748,3,-131073,3,0.99918,True,True,True
21958,2,236,748,2,-131072,1,0.9998,True,True,True
21960,2,233,745,0,131072,3,0.99992,True,True,True
21963,2,236,748,3,-131073,0,0.99988,True,True,True
21968,2,234,746,0,131072,1,0.99943,True,True,True
21971,2,237,749,3,-131073,1,0.99877,True,True,True
21972,2,234,746,0,131072,3,0.99428,True,True,True
21973,2,236,748,1,131071,3,0.99857,True,True,True
21982,2,237,749,2,-131072,3,0.99934,True,True,True
21985,2,237,749,1,131071,2,0.99712,True,True,True
21986,2,237,749,2,-131072,1,0.99908,True,True,True
21987,2,237,749,3,-131073,1,0.99734,True,True,True
21989,2,237,749,1,131071,4,0.99875,True,True,True
21990,2,237,749,2,-131072,2,0.99806,True,True,True
21995,2,237,749,3,-131073,2,0.99921,True,True,True
21996,2,235,747,0,131072,0,0.99971,True,True,True
22006,2,238,750,2,-131072,1,0.99674,True,True,True
22009,2,238,750,1,131071,2,0.99832,True,True,True
22011,2,238,750,3,-131073,4,0.99993,True,True,True
22014,2,238,750,2,-131072,3,0.99919,True,True,True
22020,2,237,749,0,131072,1,0.99985,True,True,True
22025,2,238,750,1,131071,1,0.99943,True,True,True
22033,2,239,751,1,131071,2,0.99978,True,True,True
22040,2,238,750,0,131072,3,0.99655,True,True,True
22041,2,239,751,1,131071,1,0.99989,True,True,True
22042,2,240,752,2,-131072,4,0.99393,True,True,True
22043,2,239,751,3,-131073,1,0.99998,True,True,True
22044,2,238,750,0,131072,2,0.99972,True,True,True
22048,2,238,750,0,131072,3,0.99988,True,True,True
22049,2,239,751,1,131071,1,0.99716,True,True,True
22051,2,239,751,3,-131073,2,0.99995,True,True,True
22055,2,239,751,3,-131073,5,0.99801,True,True,True
22059,2,240,752,3,-131073,5,0.99989,True,True,True
22060,2,239,751,0,131072,0,0.99993,True,True,True
22062,2,241,753,2,-131072,1,0.99688,True,True,True
22065,2,239,751,1,131071,2,0.99969,True,True,True
22080,2,239,751,0,131072,3,0.99723,True,True,True
22085,2,240,752,1,131071,1,0.99966,True,True,True
22088,2,239,751,0,131072,2,0.99726,True,True,True
22091,2,241,753,3,-131073,2,0.99896,True,True,True
22092,2,240,752,0,131072,2,0.99216,True,True,True
22096,2,240,752,0,131072,0,0.995,True,True,True
22098,2,242,754,2,-131072,2,0.99513,True,True,True
22100,2,240,752,0,131072,0,0.99427,True,True,True
22105,2,241,753,1,131071,2,0.99667,True,True,True
22108,2,240,752,0,131072,1,0.99876,True,True,True
22123,2,243,755,3,-131073,3,0.99975,True,True,True
22127,2,243,755,3,-131073,3,0.99978,True,True,True
22129,2,242,754,1,131071,2,0.99436,True,True,True
22133,2,242,754,1,131071,6,0.99976,True,True,True
22134,2,244,756,2,-131072,2,0.99902,True,True,True
22137,2,242,754,1,131071,2,0.99729,True,True,True
22139,2,243,755,3,-131073,1,0.99966,True,True,True
22140,2,241,753,0,131072,8,0.99807,True,True,True
22146,2,244,756,2,-131072,0,0.99932,True,True,True
22150,2,244,756,2,-131072,2,0.99322,True,True,True
22152,2,242,754,0,131072,1,0.99989,True,True,True
22159,2,244,756,3,-131073,2,0.998,True,True,True
22160,2,242,754,0,131072,2,0.99856,True,True,True
22161,2,243,755,1,131071,3,0.99298,True,True,True
22164,2,242,754,0,131072,3,0.99185,True,True,True
22168,2,242,754,0,131072,1,0.99879,True,True,True
22169,2,243,755,1,131071,2,0.99129,True,True,True
22171,2,244,756,3,-131073,3,0.99973,True,True,True
22176,2,243,755,0,131072,1,0.99949,True,True,True
22180,2,243,755,0,131072,0,0.99885,True,True,True
22195,2,245,757,3,-131073,4,0.99977,True,True,True
22198,2,246,758,2,-131072,1,0.99735,True,True,True
22199,2,245,757,3,-131073,0,0.99967,True,True,True
22202,2,246,758,2,-131072,2,0.99395,True,True,True
22210,2,246,758,2,-131072,5,0.99922,True,True,True
22214,2,246,758,2,-131072,3,0.99894,True,True,True
22215,2,246,758,3,-131073,1,0.99993,True,True,True
22216,2,244,756,0,131072,4,0.99992,True,True,True
22219,2,246,758,3,-131073,1,0.99954,True,True,True
22222,2,247,759,2,-131072,0,0.99556,True,True,True
22224,2,244,756,0,131072,1,0.99961,True,True,True
22227,2,246,758,3,-131073,1,0.9998,True,True,True
22229,2,245,757,1,131071,2,0.9976,True,True,True
22233,2,245,757,1,131071,2,0.99351,True,True,True
22236,2,245,757,0,131072,3,0.99923,True,True,True
22240,2,245,757,0,131072,2,0.99848,True,True,True
22243,2,247,759,3,-131073,1,0.99992,True,True,True
22245,2,246,758,1,131071,1,0.99533,True,True,True
22249,2,246,758,1,131071,2,0.99721,True,True,True
22251,2,247,759,3,-131073,3,0.99987,True,True,True
22252,2,246,758,0,131072,0,0.99642,True,True,True
22257,2,246,758,1,131071,0,0.999,True,True,True
22269,2,246,758,1,131071,1,0.99893,True,True,True
22270,2,248,760,2,-131072,4,0.99793,True,True,True
22277,2,246,758,1,131071,2,0.99958,True,True,True
22282,2,249,761,2,-131072,1,0.9995,True,True,True
22283,2,248,760,3,-131073,1,0.99998,True,True,True
22284,2,247,759,0,131072,3,0.99851,True,True,True
22285,2,247,759,1,131071,2,0.99964,True,True,True
22286,2,249,761,2,-131072,2,0.99903,True,True,True
22287,2,248,760,3,-131073,3,0.99914,True,True,True
22293,2,247,759,1,131071,1,0.99944,True,True,True
22294,2,250,762,2,-131072,1,0.99505,True,True,True
22297,2,247,759,1,131071,2,0.99817,True,True,True
22302,2,250,762,2,-131072,1,0.99832,True,True,True
22304,2,248,760,0,131072,2,0.99989,True,True,True
22311,2,248,760,3,-131073,1,0.99965,True,True,True
22317,2,248,760,1,131071,2,0.99306,True,True,True
22318,2,251,763,2,-131072,2,0.99831,True,True,True
22329,2,248,760,1,131071,1,0.99872,True,True,True
22332,2,249,761,0,131072,0,0.99944,True,True,True
22334,2,251,763,2,-131072,1,0.99136,True,True,True
22336,2,249,761,0,131072,3,0.99886,True,True,True
22339,2,249,761,3,-131073,1,0.99971,True,True,True
22343,2,250,762,3,-131073,8,0.9991,True,True,True
22349,2,249,761,1,131071,2,0.99594,True,True,True
22360,2,250,762,0,131072,2,0.99686,True,True,True
22365,2,249,761,1,131071,2,0.99939,True,True,True
22367,2,250,762,3,-131073,4,0.99955,True,True,True
22379,2,250,762,3,-131073,6,0.99974,True,True,True
22381,2,250,762,1,131071,9,0.99898,True,True,True
22384,2,251,763,0,131072,1,0.99033,True,True,True
22388,2,251,763,0,131072,4,0.99139,True,True,True
22389,2,251,763,1,131071,6,0.999,True,True,True
22391,2,251,763,3,-131073,0,0.9999,True,True,True
22396,2,251,763,0,131072,2,0.99886,True,True,True
22397,2,251,763,1,131071,4,0.99318,True,True,True
22403,2,251,763,3,-131073,0,0.99949,True,True,True
22405,2,252,764,1,131071,1,0.99976,True,True,True
22409,2,252,764,1,131071,1,0.99776,True,True,True
22418,2,254,766,2,-131072,1,0.99798,True,True,True
22421,2,252,764,1,131071,0,0.99836,True,True,True
22430,2,254,766,2,-131072,3,0.99132,True,True,True
22433,2,253,765,1,131071,6,0.99949,True,True,True
22438,2,254,766,2,-131072,3,0.99731,True,True,True
22439,2,253,765,3,-131073,7,0.99903,True,True,True
22450,2,254,766,2,-131072,1,0.99829,True,True,True
22457,2,254,766,1,131071,4,0.9981,True,True,True
22459,2,253,765,3,-131073,3,0.99952,True,True,True
22467,2,254,766,3,-131073,4,0.99969,True,True,True
22473,2,254,766,1,131071,1,0.99991,True,True,True
22475,2,254,766,3,-131073,2,0.99954,True,True,True
22476,2,255,767,0,131072,2,0.9989,True,True,True
22482,2,255,767,2,-131072,0,0.99281,True,True,True
22483,2,254,766,3,-131073,3,0.99995,True,True,True
22491,2,255,767,3,-131073,0,1.0,True,True,True
22498,2,255,767,2,-131072,2,0.9962,True,True,True
22504,3,0,768,0,131072,2,0.99991,True,True,True
22508,3,0,768,0,131072,1,0.99919,True,True,True
22513,3,1,769,1,131071,2,0.99961,True,True,True
22515,3,0,768,3,-131073,1,0.99968,True,True,True
22517,3,1,769,1,131071,0,0.99923,True,True,True
22543,3,1,769,3,-131073,0,0.99964,True,True,True
22547,3,1,769,3,-131073,0,0.9999,True,True,True
22550,3,1,769,2,-131072,0,0.9998,True,True,True
22555,3,1,769,3,-131073,3,0.99949,True,True,True
22559,3,2,770,3,-131073,1,0.99917,True,True,True
22564,3,2,770,0,131072,1,0.99523,True,True,True
22565,3,4,772,1,131071,1,0.99318,True,True,True
22571,3,2,770,3,-131073,1,0.99974,True,True,True
22575,3,2,770,3,-131073,3,0.99959,True,True,True
22578,3,2,770,2,-131072,2,0.99816,True,True,True
22579,3,2,770,3,-131073,1,0.9986,True,True,True
22580,3,2,770,0,131072,3,0.99995,True,True,True
22584,3,2,770,0,131072,1,0.99998,True,True,True
22588,3,2,770,0,131072,0,0.99869,True,True,True
22590,3,2,770,2,-131072,1,0.9984,True,True,True
22592,3,2,770,0,131072,0,0.99989,True,True,True
22599,3,3,771,3,-131073,0,0.99994,True,True,True
22600,3,2,770,0,131072,0,0.99918,True,True,True
22603,3,3,771,3,-131073,3,0.99924,True,True,True
22606,3,2,770,2,-131072,4,0.99905,True,True,True
22614,3,3,771,2,-131072,2,0.9996,True,True,True
22619,3,4,772,3,-131073,3,0.99846,True,True,True
22620,3,3,771,0,131072,0,0.99955,True,True,True
22625,3,5,773,1,131071,4,0.99942,True,True,True
22634,3,3,771,2,-131072,5,0.99925,True,True,True
22635,3,4,772,3,-131073,2,0.99927,True,True,True
22638,3,4,772,2,-131072,1,0.99768,True,True,True
22639,3,5,773,3,-131073,2,0.99738,True,True,True
22644,3,4,772,0,131072,2,0.99997,True,True,True
22646,3,4,772,2,-131072,1,0.99846,True,True,True
22648,3,4,772,0,131072,2,0.99833,True,True,True
22651,3,5,773,3,-131073,1,0.99752,True,True,True
22655,3,5,773,3,-131073,4,0.99989,True,True,True
22659,3,6,774,3,-131073,3,0.99955,True,True,True
22661,3,6,774,1,131071,0,0.99914,True,True,True
22664,3,4,772,0,131072,2,0.99841,True,True,True
22665,3,6,774,1,131071,1,0.99905,True,True,True
22666,3,4,772,2,-131072,3,0.99966,True,True,True
22670,3,4,772,2,-131072,1,0.9969,True,True,True
22675,3,6,774,3,-131073,0,0.99991,True,True,True
22680,3,5,773,0,131072,1,0.9966,True,True,True
22684,3,5,773,0,131072,0,0.99538,True,True,True
22687,3,6,774,3,-131073,5,0.99964,True,True,True
22690,3,5,773,2,-131072,1,0.99703,True,True,True
22692,3,5,773,0,131072,6,0.99469,True,True,True
22695,3,6,774,3,-131073,2,0.99699,True,True,True
22696,3,5,773,0,131072,2,0.99997,True,True,True
22698,3,5,773,2,-131072,2,0.99649,True,True,True
22699,3,6,774,3,-131073,3,0.99977,True,True,True
22706,3,6,774,2,-131072,3,0.9942,True,True,True
22712,3,6,774,0,131072,2,0.99653,True,True,True
22715,3,7,775,3,-131073,0,0.99359,True,True,True
22716,3,6,774,0,131072,5,0.99958,True,True,True
22722,3,6,774,2,-131072,1,0.99266,True,True,True
22725,3,9,777,1,131071,1,0.99976,True,True,True
22728,3,6,774,0,131072,1,0.99774,True,True,True
22733,3,9,777,1,131071,1,0.99825,True,True,True
22750,3,8,776,2,-131072,0,0.99792,True,True,True
22751,3,8,776,3,-131073,2,0.99913,True,True,True
22755,3,8,776,3,-131073,5,0.99953,True,True,True
22758,3,8,776,2,-131072,1,0.99476,True,True,True
22759,3,8,776,3,-131073,2,0.99874,True,True,True
22767,3,8,776,3,-131073,5,0.99977,True,True,True
22772,3,8,776,0,131072,3,0.99847,True,True,True
22775,3,8,776,3,-131073,2,0.99649,True,True,True
22787,3,9,777,3,-131073,3,0.99877,True,True,True
22791,3,9,777,3,-131073,2,0.99978,True,True,True
22792,3,9,777,0,131072,1,0.99896,True,True,True
22795,3,9,777,3,-131073,2,0.9993,True,True,True
22804,3,9,777,0,131072,0,0.99775,True,True,True
22808,3,10,778,0,131072,4,0.99958,True,True,True
22812,3,10,778,0,131072,2,0.99995,True,True,True
22822,3,11,779,2,-131072,2,0.99546,True,True,True
22826,3,11,779,2,-131072,1,0.99906,True,True,True
22827,3,10,778,3,-131073,3,0.99853,True,True,True
22832,3,10,778,0,131072,0,0.99954,True,True,True
22834,3,11,779,2,-131072,0,0.99832,True,True,True
22838,3,11,779,2,-131072,1,0.99688,True,True,True
22843,3,11,779,3,-131073,2,0.99901,True,True,True
22844,3,11,779,0,131072,3,0.99137,True,True,True
22845,3,12,780,1,131071,1,0.99932,True,True,True
22850,3,11,779,2,-131072,0,0.99749,True,True,True
22854,3,12,780,2,-131072,2,0.99991,True,True,True
22857,3,12,780,1,131071,10,0.99876,True,True,True
22862,3,12,780,2,-131072,2,0.99145,True,True,True
22865,3,13,781,1,131071,1,0.99908,True,True,True
22866,3,12,780,2,-131072,4,0.99606,True,True,True
22868,3,11,779,0,131072,2,0.99636,True,True,True
22871,3,12,780,3,-131073,1,0.99714,True,True,True
22872,3,11,779,0,131072,1,0.99171,True,True,True
22874,3,13,781,2,-131072,3,0.9972,True,True,True
22875,3,12,780,3,-131073,1,0.99822,True,True,True
22884,3,12,780,0,131072,1,0.99967,True,True,True
22891,3,12,780,3,-131073,1,0.99976,True,True,True
22893,3,13,781,1,131071,0,0.99882,True,True,True
22897,3,13,781,1,131071,2,0.99735,True,True,True
22907,3,12,780,3,-131073,0,0.99756,True,True,True
22913,3,14,782,1,131071,6,0.9999,True,True,True
22915,3,13,781,3,-131073,4,0.99994,True,True,True
22919,3,13,781,3,-131073,4,0.99923,True,True,True
22923,3,13,781,3,-131073,4,0.99456,True,True,True
22930,3,14,782,2,-131072,7,0.99455,True,True,True
22932,3,13,781,0,131072,1,0.99946,True,True,True
22934,3,14,782,2,-131072,3,0.99361,True,True,True
22939,3,13,781,3,-131073,1,0.99981,True,True,True
22945,3,15,783,1,131071,2,0.99468,True,True,True
22949,3,15,783,1,131071,1,0.99421,True,True,True
22951,3,13,781,3,-131073,2,0.99795,True,True,True
22952,3,13,781,0,131072,3,0.99909,True,True,True
22953,3,15,783,1,131071,1,0.99628,True,True,True
22957,3,15,783,1,131071,2,0.99933,True,True,True
22959,3,14,782,3,-131073,3,0.99983,True,True,True
22963,3,14,782,3,-131073,0,0.99982,True,True,True
22964,3,13,781,0,131072,1,0.99395,True,True,True
22966,3,15,783,2,-131072,2,0.99993,True,True,True
22969,3,15,783,1,131071,1,0.99849,True,True,True
22983,3,14,782,3,-131073,0,0.99983,True,True,True
22991,3,15,783,3,-131073,3,0.99953,True,True,True
22998,3,16,784,2,-131072,5,0.99352,True,True,True
23000,3,14,782,0,131072,1,0.99893,True,True,True
23005,3,16,784,1,131071,2,0.99923,True,True,True
23007,3,15,783,3,-131073,1,0.99877,True,True,True
23009,3,16,784,1,131071,4,0.99816,True,True,True
23011,3,15,783,3,-131073,0,0.99997,True,True,True
23014,3,17,785,2,-131072,0,0.997,True,True,True
23016,3,15,783,0,131072,2,0.99913,True,True,True
23019,3,15,783,3,-131073,0,0.9998,True,True,True
23021,3,17,785,1,131071,1,0.99944,True,True,True
23022,3,17,785,2,-131072,1,0.99855,True,True,True
23023,3,15,783,3,-131073,0,0.99992,True,True,True
23024,3,15,783,0,131072,3,0.99974,True,True,True
23029,3,17,785,1,131071,2,0.99924,True,True,True
23032,3,16,784,0,131072,1,0.99989,True,True,True
23035,3,16,784,3,-131073,1,0.99967,True,True,True
23053,3,18,786,1,131071,2,0.99868,True,True,True
23056,3,16,784,0,131072,5,0.99946,True,True,True
23058,3,18,786,2,-131072,1,0.99898,True,True,True
23060,3,16,784,0,131072,1,0.99748,True,True,True
23061,3,18,786,1,131071,4,0.99981,True,True,True
23062,3,18,786,2,-131072,3,0.99081,True,True,True
23065,3,18,786,1,131071,5,0.99448,True,True,True
23070,3,18,786,2,-131072,3,0.99828,True,True,True
23072,3,17,785,0,131072,6,0.99859,True,True,True
23074,3,19,787,2,-131072,4,0.99558,True,True,True
23075,3,17,785,3,-131073,1,0.99514,True,True,True
23076,3,17,785,0,131072,1,0.99946,True,True,True
23077,3,19,787,1,131071,0,0.99569,True,True,True
23089,3,20,788,1,131071,3,0.99866,True,True,True
23090,3,19,787,2,-131072,2,0.99982,True,True,True
23093,3,20,788,1,131071,3,0.99993,True,True,True
23097,3,20,788,1,131071,2,0.99665,True,True,True
23102,3,19,787,2,-131072,2,0.99884,True,True,True
23107,3,18,786,3,-131073,1,0.99993,True,True,True
23110,3,19,787,2,-131072,2,0.99009,True,True,True
23121,3,21,789,1,131071,1,0.99965,True,True,True
23122,3,20,788,2,-131072,4,0.99938,True,True,True
23125,3,21,789,1,131071,2,0.99798,True,True,True
23126,3,20,788,2,-131072,3,0.99694,True,True,True
23127,3,19,787,3,-131073,1,0.99979,True,True,True
23128,3,19,787,0,131072,5,0.99964,True,True,True
23129,3,21,789,1,131071,0,0.99879,True,True,True
23132,3,19,787,0,131072,0,0.99871,True,True,True
23138,3,20,788,2,-131072,0,0.99512,True,True,True
23142,3,20,788,2,-131072,1,0.9952,True,True,True
23145,3,22,790,1,131071,1,0.99903,True,True,True
23146,3,21,789,2,-131072,2,0.99954,True,True,True
23147,3,20,788,3,-131073,2,0.99985,True,True,True
23149,3,22,790,1,131071,5,0.99936,True,True,True
23150,3,21,789,2,-131072,6,0.99778,True,True,True
23152,3,20,788,0,131072,1,0.99982,True,True,True
23158,3,21,789,2,-131072,0,0.9995,True,True,True
23159,3,20,788,3,-131073,2,0.99994,True,True,True
23163,3,20,788,3,-131073,2,0.99997,True,True,True
23169,3,22,790,1,131071,2,0.99713,True,True,True
23170,3,21,789,2,-131072,1,0.99924,True,True,True
23171,3,20,788,3,-131073,1,0.99973,True,True,True
23172,3,21,789,0,131072,3,0.99277,True,True,True
23174,3,21,789,2,-131072,3,0.99969,True,True,True
23176,3,21,789,0,131072,2,0.99812,True,True,True
23179,3,20,788,3,-131073,1,0.99018,True,True,True
23183,3,20,788,3,-131073,1,0.99985,True,True,True
23194,3,22,790,2,-131072,3,0.99915,True,True,True
23196,3,21,789,0,131072,4,0.99652,True,True,True
23197,3,23,791,1,131071,0,0.99962,True,True,True
23202,3,22,790,2,-131072,3,0.9993,True,True,True
23203,3,21,789,3,-131073,0,0.99999,True,True,True
23206,3,22,790,2,-131072,0,0.9982,True,True,True
23208,3,22,790,0,131072,1,0.99875,True,True,True
23212,3,22,790,0,131072,1,0.99949,True,True,True
23214,3,22,790,2,-131072,2,0.99567,True,True,True
23215,3,21,789,3,-131073,1,0.99866,True,True,True
23219,3,22,790,3,-131073,3,0.99999,True,True,True
23221,3,24,792,1,131071,1,0.99817,True,True,True
23222,3,23,791,2,-131072,2,0.99895,True,True,True
23223,3,22,790,3,-131073,0,0.99687,True,True,True
23228,3,23,791,0,131072,1,0.99926,True,True,True
23236,3,23,791,0,131072,7,0.9968,True,True,True
23245,3,24,792,1,131071,0,0.9991,True,True,True
23246,3,23,791,2,-131072,2,0.99744,True,True,True
23254,3,23,791,2,-131072,3,0.99613,True,True,True
23257,3,25,793,1,131071,1,0.99971,True,True,True
23260,3,24,792,0,131072,2,0.99403,True,True,True
23263,3,23,791,3,-131073,5,0.99984,True,True,True
23264,3,24,792,0,131072,0,0.99975,True,True,True
23265,3,25,793,1,131071,2,0.99554,True,True,True
23270,3,24,792,2,-131072,2,0.99912,True,True,True
23272,3,24,792,0,131072,2,0.9993,True,True,True
23274,3,24,792,2,-131072,4,0.99957,True,True,True
23282,3,24,792,2,-131072,2,0.99515,True,True,True
23286,3,24,792,2,-131072,5,0.99905,True,True,True
23287,3,24,792,3,-131073,4,0.99983,True,True,True
23297,3,27,795,1,131071,1,0.99993,True,True,True
23301,3,27,795,1,131071,0,0.99976,True,True,True
23305,3,27,795,1,131071,2,0.99616,True,True,True
23308,3,25,793,0,131072,2,0.99466,True,True,True
23311,3,25,793,3,-131073,1,0.99995,True,True,True
23318,3,25,793,2,-131072,2,0.99859,True,True,True
23319,3,25,793,3,-131073,1,0.99637,True,True,True
23321,3,28,796,1,131071,4,0.99852,True,True,True
23323,3,25,793,3,-131073,2,0.99974,True,True,True
23327,3,25,793,3,-131073,0,0.99912,True,True,True
23328,3,26,794,0,131072,1,0.99869,True,True,True
23332,3,26,794,0,131072,1,0.99756,True,True,True
23333,3,28,796,1,131071,3,0.99771,True,True,True
23335,3,25,793,3,-131073,1,0.99965,True,True,True
23339,3,26,794,3,-131073,2,0.99853,True,True,True
23340,3,27,795,0,131072,2,0.99363,True,True,True
23351,3,26,794,3,-131073,1,0.99988,True,True,True
23353,3,29,797,1,131071,1,0.99899,True,True,True
23355,3,26,794,3,-131073,2,0.99982,True,True,True
23357,3,29,797,1,131071,1,0.99091,True,True,True
23358,3,26,794,2,-131072,1,0.99785,True,True,True
23361,3,29,797,1,131071,1,0.9997,True,True,True
23362,3,26,794,2,-131072,2,0.99275,True,True,True
23363,3,26,794,3,-131073,0,0.99945,True,True,True
23364,3,28,796,0,131072,1,0.99946,True,True,True
23366,3,26,794,2,-131072,2,0.99519,True,True,True
23367,3,26,794,3,-131073,2,0.99986,True,True,True
23371,3,26,794,3,-131073,2,0.99975,True,True,True
23375,3,27,795,3,-131073,0,0.99937,True,True,True
23376,3,28,796,0,131072,3,0.99969,True,True,True
23377,3,29,797,1,131071,3,0.99981,True,True,True
23383,3,27,795,3,-131073,2,0.99989,True,True,True
23385,3,30,798,1,131071,5,0.99987,True,True,True
23387,3,27,795,3,-131073,2,0.99589,True,True,True
23399,3,27,795,3,-131073,3,0.99977,True,True,True
23407,3,27,795,3,-131073,3,0.99979,True,True,True
23408,3,29,797,0,131072,2,0.99975,True,True,True
23411,3,27,795,3,-131073,0,0.99986,True,True,True
23415,3,28,796,3,-131073,4,0.99926,True,True,True
23417,3,30,798,1,131071,4,0.99437,True,True,True
23426,3,28,796,2,-131072,3,0.99632,True,True,True
23432,3,30,798,0,131072,2,0.99632,True,True,True
23433,3,31,799,1,131071,1,0.9992,True,True,True
23436,3,30,798,0,131072,2,0.99976,True,True,True
23438,3,28,796,2,-131072,3,0.99728,True,True,True
23449,3,32,800,1,131071,2,0.99705,True,True,True
23452,3,30,798,0,131072,2,0.99868,True,True,True
23455,3,29,797,3,-131073,3,0.9992,True,True,True
23458,3,29,797,2,-131072,6,0.99591,True,True,True
23461,3,32,800,1,131071,0,0.99809,True,True,True
23462,3,29,797,2,-131072,3,0.99749,True,True,True
23465,3,33,801,1,131071,4,0.99761,True,True,True
23470,3,29,797,2,-131072,2,0.99675,True,True,True
23471,3,30,798,3,-131073,2,0.99992,True,True,True
23472,3,30,798,0,131072,4,0.99591,True,True,True
23474,3,29,797,2,-131072,1,0.9964,True,True,True
23484,3,31,799,0,131072,2,0.99891,True,True,True
23485,3,34,802,1,131071,0,0.99992,True,True,True
23486,3,29,797,2,-131072,2,0.99232,True,True,True
23487,3,30,798,3,-131073,3,0.99963,True,True,True
23491,3,30,798,3,-131073,1,0.99982,True,True,True
23493,3,34,802,1,131071,0,0.99912,True,True,True
23494,3,30,798,2,-131072,2,0.99712,True,True,True
23505,3,34,802,1,131071,2,0.99521,True,True,True
23507,3,31,799,3,-131073,1,0.99949,True,True,True
23509,3,34,802,1,131071,3,0.99672,True,True,True
23512,3,32,800,0,131072,10,0.99912,True,True,True
23516,3,32,800,0,131072,1,0.99952,True,True,True
23521,3,34,802,1,131071,1,0.99806,True,True,True
23523,3,31,799,3,-131073,0,0.99996,True,True,True
23529,3,34,802,1,131071,3,0.99796,True,True,True
23531,3,32,800,3,-131073,1,0.99694,True,True,True
23534,3,31,799,2,-131072,1,0.99546,True,True,True
23535,3,32,800,3,-131073,2,0.99893,True,True,True
23536,3,33,801,0,131072,2,0.99905,True,True,True
23538,3,32,800,2,-131072,2,0.99796,True,True,True
23539,3,32,800,3,-131073,2,0.99936,True,True,True
23541,3,35,803,1,131071,1,0.99905,True,True,True
23542,3,32,800,2,-131072,5,0.99814,True,True,True
23546,3,32,800,2,-131072,2,0.99493,True,True,True
23547,3,32,800,3,-131073,2,0.99986,True,True,True
23549,3,35,803,1,131071,2,0.99797,True,True,True
23555,3,32,800,3,-131073,1,0.99942,True,True,True
23558,3,32,800,2,-131072,1,0.99573,True,True,True
23560,3,34,802,0,131072,5,0.99961,True,True,True
23562,3,32,800,2,-131072,3,0.99364,True,True,True
23568,3,34,802,0,131072,3,0.99947,True,True,True
23571,3,33,801,3,-131073,6,0.99969,True,True,True
23572,3,34,802,0,131072,1,0.99439,True,True,True
23578,3,33,801,2,-131072,2,0.99604,True,True,True
23584,3,34,802,0,131072,3,0.99982,True,True,True
23585,3,36,804,1,131071,0,0.9989,True,True,True
23587,3,33,801,3,-131073,3,0.99958,True,True,True
23601,3,36,804,1,131071,3,0.99805,True,True,True
23605,3,36,804,1,131071,0,0.99917,True,True,True
23606,3,34,802,2,-131072,2,0.99947,True,True,True
23613,3,36,804,1,131071,2,0.99975,True,True,True
23614,3,34,802,2,-131072,3,0.99811,True,True,True
23615,3,34,802,3,-131073,2,0.99869,True,True,True
23616,3,35,803,0,131072,1,0.99859,True,True,True
23619,3,34,802,3,-131073,1,0.99864,True,True,True
23620,3,36,804,0,131072,2,0.99967,True,True,True
23621,3,36,804,1,131071,2,0.99803,True,True,True
23635,3,35,803,3,-131073,1,0.99992,True,True,True
23638,3,35,803,2,-131072,3,0.99923,True,True,True
23641,3,38,806,1,131071,0,0.99718,True,True,True
23651,3,35,803,3,-131073,3,0.99502,True,True,True
23672,3,37,805,0,131072,5,0.9998,True,True,True
23674,3,35,803,2,-131072,3,0.9959,True,True,True
23676,3,38,806,0,131072,0,0.99937,True,True,True
23678,3,35,803,2,-131072,0,0.99338,True,True,True
23679,3,36,804,3,-131073,0,0.99944,True,True,True
23681,3,39,807,1,131071,6,0.99569,True,True,True
23684,3,39,807,0,131072,5,0.99148,True,True,True
23689,3,40,808,1,131071,1,0.99946,True,True,True
23691,3,37,805,3,-131073,2,0.99558,True,True,True
23693,3,40,808,1,131071,1,0.99903,True,True,True
23694,3,36,804,2,-131072,2,0.99845,True,True,True
23703,3,37,805,3,-131073,2,0.99983,True,True,True
23713,3,40,808,1,131071,1,0.99812,True,True,True
23714,3,37,805,2,-131072,0,0.99714,True,True,True
23717,3,40,808,1,131071,1,0.9962,True,True,True
23719,3,37,805,3,-131073,2,0.99784,True,True,True
23726,3,38,806,2,-131072,3,0.99541,True,True,True
23737,3,42,810,1,131071,2,0.99863,True,True,True
23739,3,37,805,3,-131073,1,0.99589,True,True,True
23748,3,42,810,0,131072,0,0.99881,True,True,True
23749,3,42,810,1,131071,0,0.99959,True,True,True
23750,3,38,806,2,-131072,2,0.99682,True,True,True
23753,3,42,810,1,131071,2,0.99722,True,True,True
23754,3,38,806,2,-131072,3,0.99881,True,True,True
23759,3,38,806,3,-131073,0,0.99985,True,True,True
23760,3,43,811,0,131072,0,0.99995,True,True,True
23761,3,42,810,1,131071,4,0.99693,True,True,True
23780,3,43,811,0,131072,4,0.99653,True,True,True
23781,3,42,810,1,131071,1,0.99982,True,True,True
23787,3,39,807,3,-131073,2,0.99957,True,True,True
23788,3,43,811,0,131072,0,0.99985,True,True,True
23789,3,43,811,1,131071,2,0.99929,True,True,True
23806,3,39,807,2,-131072,2,0.99735,True,True,True
23816,3,44,812,0,131072,3,0.99987,True,True,True
23817,3,44,812,1,131071,0,0.99961,True,True,True
23825,3,44,812,1,131071,5,0.99696,True,True,True
23834,3,40,808,2,-131072,0,0.99922,True,True,True
23839,3,41,809,3,-131073,2,0.99874,True,True,True
23840,3,45,813,0,131072,2,0.99965,True,True,True
23842,3,41,809,2,-131072,2,0.99849,True,True,True
23843,3,41,809,3,-131073,1,0.99942,True,True,True
23844,3,45,813,0,131072,2,0.99769,True,True,True
23845,3,45,813,1,131071,3,0.99946,True,True,True
23846,3,41,809,2,-131072,1,0.99531,True,True,True
23851,3,41,809,3,-131073,3,0.99937,True,True,True
23852,3,45,813,0,131072,4,0.99989,True,True,True
23853,3,45,813,1,131071,1,0.99932,True,True,True
23855,3,41,809,3,-131073,1,0.99944,True,True,True
23861,3,45,813,1,131071,1,0.99979,True,True,True
23873,3,46,814,1,131071,6,0.9951,True,True,True
23874,3,41,809,2,-131072,1,0.99911,True,True,True
23886,3,42,810,2,-131072,2,0.99721,True,True,True
23891,3,43,811,3,-131073,1,0.99994,True,True,True
23892,3,46,814,0,131072,0,0.99993,True,True,True
23894,3,42,810,2,-131072,3,0.99306,True,True,True
23898,3,43,811,2,-131072,1,0.99271,True,True,True
23899,3,43,811,3,-131073,3,0.99996,True,True,True
23901,3,46,814,1,131071,1,0.99679,True,True,True
23911,3,43,811,3,-131073,3,0.99969,True,True,True
23915,3,43,811,3,-131073,3,0.99732,True,True,True
23921,3,47,815,1,131071,2,0.99664,True,True,True
23927,3,44,812,3,-131073,0,0.99969,True,True,True
23929,3,47,815,1,131071,1,0.99862,True,True,True
23935,3,44,812,3,-131073,4,0.99987,True,True,True
23936,3,48,816,0,131072,1,0.99993,True,True,True
23938,3,44,812,2,-131072,4,0.99949,True,True,True
23948,3,48,816,0,131072,3,0.99103,True,True,True
23951,3,45,813,3,-131073,1,0.99644,True,True,True
23964,3,48,816,0,131072,3,0.99936,True,True,True
23968,3,48,816,0,131072,0,0.99799,True,True,True
23969,3,48,816,1,131071,5,0.99595,True,True,True
23970,3,45,813,2,-131072,2,0.99565,True,True,True
23977,3,48,816,1,131071,1,0.99959,True,True,True
23991,3,47,815,3,-131073,1,0.99773,True,True,True
23994,3,45,813,2,-131072,6,0.9966,True,True,True
23995,3,47,815,3,-131073,1,0.99798,True,True,True
24000,3,49,817,0,131072,3,0.99985,True,True,True
24002,3,46,814,2,-131072,5,0.99895,True,True,True
24003,3,47,815,3,-131073,1,0.99988,True,True,True
24004,3,50,818,0,131072,2,0.9945,True,True,True
24008,3,50,818,0,131072,2,0.9942,True,True,True
24009,3,49,817,1,131071,4,0.99941,True,True,True
24011,3,48,816,3,-131073,1,0.99948,True,True,True
24012,3,50,818,0,131072,3,0.99828,True,True,True
24014,3,46,814,2,-131072,5,0.99078,True,True,True
24015,3,48,816,3,-131073,2,0.99989,True,True,True
24019,3,48,816,3,-131073,0,0.99936,True,True,True
24020,3,50,818,0,131072,2,0.99855,True,True,True
24024,3,50,818,0,131072,3,0.99978,True,True,True
24039,3,49,817,3,-131073,1,0.99855,True,True,True
24040,3,50,818,0,131072,0,0.99989,True,True,True
24041,3,50,818,1,131071,3,0.99965,True,True,True
24049,3,51,819,1,131071,2,0.99773,True,True,True
24051,3,49,817,3,-131073,1,0.99948,True,True,True
24055,3,49,817,3,-131073,1,0.99978,True,True,True
24059,3,50,818,3,-131073,3,0.99951,True,True,True
24061,3,51,819,1,131071,0,0.99494,True,True,True
24072,3,51,819,0,131072,0,0.99437,True,True,True
24074,3,48,816,2,-131072,3,0.9991,True,True,True
24075,3,50,818,3,-131073,1,0.99971,True,True,True
24076,3,51,819,0,131072,1,0.99974,True,True,True
24083,3,50,818,3,-131073,4,0.99972,True,True,True
24088,3,52,820,0,131072,2,0.99428,True,True,True
24089,3,52,820,1,131071,1,0.99792,True,True,True
24090,3,49,817,2,-131072,0,0.99087,True,True,True
24092,3,52,820,0,131072,0,0.99361,True,True,True
24099,3,51,819,3,-131073,4,0.99981,True,True,True
24100,3,52,820,0,131072,0,0.99997,True,True,True
24102,3,49,817,2,-131072,0,0.99951,True,True,True
24104,3,52,820,0,131072,5,0.99987,True,True,True
24107,3,51,819,3,-131073,3,0.99954,True,True,True
24109,3,53,821,1,131071,4,0.99336,True,True,True
24117,3,53,821,1,131071,1,0.99413,True,True,True
24120,3,53,821,0,131072,2,0.99939,True,True,True
24121,3,53,821,1,131071,2,0.99794,True,True,True
24124,3,53,821,0,131072,1,0.9999,True,True,True
24125,3,54,822,1,131071,2,0.99854,True,True,True
24126,3,50,818,2,-131072,3,0.99739,True,True,True
24131,3,51,819,3,-131073,3,0.9988,True,True,True
24137,3,54,822,1,131071,0,0.99749,True,True,True
24141,3,55,823,1,131071,1,0.99421,True,True,True
24143,3,52,820,3,-131073,5,0.99993,True,True,True
24144,3,54,822,0,131072,3,0.99987,True,True,True
24148,3,54,822,0,131072,1,0.99952,True,True,True
24150,3,50,818,2,-131072,2,0.99416,True,True,True
24156,3,54,822,0,131072,0,0.99802,True,True,True
24160,3,54,822,0,131072,1,0.99936,True,True,True
24168,3,54,822,0,131072,1,0.99977,True,True,True
24169,3,56,824,1,131071,1,0.99686,True,True,True
24186,3,51,819,2,-131072,4,0.99643,True,True,True
24188,3,54,822,0,131072,4,0.99945,True,True,True
24191,3,54,822,3,-131073,0,0.99949,True,True,True
24195,3,54,822,3,-131073,2,0.9995,True,True,True
24197,3,58,826,1,131071,1,0.99933,True,True,True
24200,3,55,823,0,131072,1,0.99977,True,True,True
24207,3,54,822,3,-131073,0,0.999,True,True,True
24212,3,55,823,0,131072,1,0.99979,True,True,True
24214,3,52,820,2,-131072,0,0.99475,True,True,True
24215,3,55,823,3,-131073,2,0.99982,True,True,True
24218,3,52,820,2,-131072,1,0.99832,True,True,True
24221,3,58,826,1,131071,2,0.99896,True,True,True
24223,3,55,823,3,-131073,0,0.9997,True,True,True
24227,3,55,823,3,-131073,1,0.99975,True,True,True
24228,3,55,823,0,131072,1,0.99483,True,True,True
24232,3,56,824,0,131072,2,0.99968,True,True,True
24239,3,56,824,3,-131073,2,0.99988,True,True,True
24244,3,56,824,0,131072,0,0.99831,True,True,True
24247,3,56,824,3,-131073,0,0.99985,True,True,True
24250,3,54,822,2,-131072,2,0.99481,True,True,True
24252,3,56,824,0,131072,0,0.99998,True,True,True
24261,3,59,827,1,131071,0,0.99249,True,True,True
24274,3,54,822,2,-131072,3,0.99703,True,True,True
24275,3,56,824,3,-131073,2,0.99882,True,True,True
24279,3,56,824,3,-131073,4,0.99926,True,True,True
24281,3,60,828,1,131071,2,0.99931,True,True,True
24285,3,60,828,1,131071,2,0.9973,True,True,True
24288,3,57,825,0,131072,1,0.99995,True,True,True
24297,3,60,828,1,131071,2,0.99818,True,True,True
24307,3,58,826,3,-131073,1,0.99941,True,True,True
24317,3,61,829,1,131071,4,0.99987,True,True,True
24319,3,58,826,3,-131073,3,0.99979,True,True,True
24322,3,56,824,2,-131072,2,0.99387,True,True,True
24323,3,58,826,3,-131073,2,0.9992,True,True,True
24324,3,58,826,0,131072,1,0.99752,True,True,True
24333,3,62,830,1,131071,4,0.99926,True,True,True
24339,3,58,826,3,-131073,4,0.99887,True,True,True
24347,3,59,827,3,-131073,1,0.9994,True,True,True
24348,3,58,826,0,131072,2,0.99524,True,True,True
24349,3,63,831,1,131071,0,0.99842,True,True,True
24354,3,57,825,2,-131072,2,0.99062,True,True,True
24356,3,58,826,0,131072,3,0.99824,True,True,True
24361,3,63,831,1,131071,2,0.99767,True,True,True
24367,3,59,827,3,-131073,3,0.99994,True,True,True
24368,3,59,827,0,131072,1,0.99284,True,True,True
24369,3,63,831,1,131071,0,0.99975,True,True,True
24378,3,58,826,2,-131072,5,0.99796,True,True,True
24387,3,60,828,3,-131073,0,0.99194,True,True,True
24391,3,60,828,3,-131073,1,0.9999,True,True,True
24395,3,60,828,3,-131073,2,0.99991,True,True,True
24397,3,63,831,1,131071,4,0.99853,True,True,True
24399,3,60,828,3,-131073,1,0.99951,True,True,True
24408,3,60,828,0,131072,1,0.99988,True,True,True
24410,3,59,827,2,-131072,1,0.99139,True,True,True
24411,3,60,828,3,-131073,4,0.99985,True,True,True
24415,3,61,829,3,-131073,1,0.99993,True,True,True
24426,3,60,828,2,-131072,0,0.99946,True,True,True
24428,3,60,828,0,131072,1,0.9998,True,True,True
24431,3,61,829,3,-131073,3,0.99891,True,True,True
24432,3,60,828,0,131072,0,0.99935,True,True,True
24436,3,60,828,0,131072,1,0.99994,True,True,True
24439,3,61,829,3,-131073,2,0.99952,True,True,True
24442,3,61,829,2,-131072,6,0.99803,True,True,True
24446,3,61,829,2,-131072,2,0.99587,True,True,True
24449,3,65,833,1,131071,2,0.9918,True,True,True
24453,3,65,833,1,131071,3,0.99244,True,True,True
24455,3,62,830,3,-131073,2,0.99951,True,True,True
24457,3,65,833,1,131071,3,0.9988,True,True,True
24462,3,61,829,2,-131072,1,0.99242,True,True,True
24470,3,62,830,2,-131072,2,0.99683,True,True,True
24471,3,63,831,3,-131073,2,0.99997,True,True,True
24475,3,63,831,3,-131073,3,0.99822,True,True,True
24488,3,62,830,0,131072,3,0.99957,True,True,True
24495,3,64,832,3,-131073,1,0.99985,True,True,True
24498,3,63,831,2,-131072,6,0.99973,True,True,True
24499,3,64,832,3,-131073,0,0.99922,True,True,True
24503,3,64,832,3,-131073,2,0.99892,True,True,True
24504,3,62,830,0,131072,0,0.9984,True,True,True
24507,3,64,832,3,-131073,1,0.99682,True,True,True
24509,3,67,835,1,131071,1,0.99525,True,True,True
24510,3,63,831,2,-131072,1,0.99457,True,True,True
24511,3,64,832,3,-131073,1,0.99904,True,True,True
24514,3,63,831,2,-131072,1,0.99909,True,True,True
24515,3,64,832,3,-131073,1,0.99387,True,True,True
24520,3,62,830,0,131072,1,0.99958,True,True,True
24521,3,68,836,1,131071,1,0.99732,True,True,True
24524,3,62,830,0,131072,2,0.99913,True,True,True
24528,3,62,830,0,131072,1,0.9997,True,True,True
24529,3,68,836,1,131071,2,0.99927,True,True,True
24530,3,64,832,2,-131072,4,0.99698,True,True,True
24534,3,64,832,2,-131072,1,0.99112,True,True,True
24535,3,65,833,3,-131073,5,0.99151,True,True,True
24541,3,68,836,1,131071,2,0.99437,True,True,True
24542,3,64,832,2,-131072,4,0.99279,True,True,True
24545,3,69,837,1,131071,0,0.9971,True,True,True
24547,3,66,834,3,-131073,2,0.99701,True,True,True
24548,3,63,831,0,131072,1,0.99893,True,True,True
24549,3,69,837,1,131071,4,0.99857,True,True,True
24551,3,66,834,3,-131073,2,0.99893,True,True,True
24559,3,66,834,3,-131073,2,0.99566,True,True,True
24563,3,66,834,3,-131073,1,0.99982,True,True,True
24564,3,64,832,0,131072,0,0.99594,True,True,True
24565,3,69,837,1,131071,0,0.99611,True,True,True
24569,3,69,837,1,131071,2,0.99502,True,True,True
24571,3,67,835,3,-131073,2,0.99947,True,True,True
24580,3,64,832,0,131072,3,0.99755,True,True,True
24582,3,65,833,2,-131072,0,0.99818,True,True,True
24584,3,64,832,0,131072,0,0.99989,True,True,True
24588,3,64,832,0,131072,5,0.9999,True,True,True
24589,3,70,838,1,131071,2,0.99806,True,True,True
24593,3,70,838,1,131071,1,0.99952,True,True,True
24594,3,66,834,2,-131072,3,0.99569,True,True,True
24603,3,68,836,3,-131073,3,0.99964,True,True,True
24609,3,70,838,1,131071,0,0.99844,True,True,True
24615,3,68,836,3,-131073,1,0.99919,True,True,True
24619,3,68,836,3,-131073,2,0.99994,True,True,True
24623,3,68,836,3,-131073,2,0.99972,True,True,True
24629,3,71,839,1,131071,0,0.99813,True,True,True
24630,3,67,835,2,-131072,3,0.99337,True,True,True
24635,3,69,837,3,-131073,3,0.99968,True,True,True
24639,3,69,837,3,-131073,1,0.9998,True,True,True
24644,3,66,834,0,131072,5,0.99821,True,True,True
24647,3,69,837,3,-131073,2,0.99993,True,True,True
24651,3,69,837,3,-131073,1,0.99914,True,True,True
24657,3,72,840,1,131071,1,0.99515,True,True,True
24663,3,70,838,3,-131073,4,0.99784,True,True,True
24668,3,66,834,0,131072,3,0.99948,True,True,True
24670,3,68,836,2,-131072,3,0.99849,True,True,True
24674,3,69,837,2,-131072,2,0.99816,True,True,True
24675,3,70,838,3,-131073,3,0.9939,True,True,True
24687,3,70,838,3,-131073,0,0.9997,True,True,True
24692,3,67,835,0,131072,3,0.99949,True,True,True
24694,3,69,837,2,-131072,2,0.99157,True,True,True
24696,3,67,835,0,131072,1,0.99996,True,True,True
24704,3,67,835,0,131072,3,0.99965,True,True,True
24707,3,71,839,3,-131073,3,0.99977,True,True,True
24708,3,68,836,0,131072,2,0.99216,True,True,True
24709,3,73,841,1,131071,2,0.99856,True,True,True
24717,3,73,841,1,131071,0,0.99849,True,True,True
24719,3,71,839,3,-131073,3,0.99954,True,True,True
24720,3,68,836,0,131072,2,0.99397,True,True,True
24723,3,71,839,3,-131073,2,0.99868,True,True,True
24725,3,73,841,1,131071,1,0.99799,True,True,True
24727,3,72,840,3,-131073,1,0.99725,True,True,True
24728,3,68,836,0,131072,7,0.99983,True,True,True
24732,3,69,837,0,131072,3,0.99968,True,True,True
24736,3,69,837,0,131072,3,0.99455,True,True,True
24737,3,74,842,1,131071,0,0.99726,True,True,True
24739,3,72,840,3,-131073,1,0.99985,True,True,True
24747,3,72,840,3,-131073,1,0.9998,True,True,True
24748,3,69,837,0,131072,3,0.99222,True,True,True
24753,3,75,843,1,131071,3,0.9994,True,True,True
24758,3,71,839,2,-131072,4,0.99646,True,True,True
24763,3,73,841,3,-131073,0,0.9999,True,True,True
24774,3,72,840,2,-131072,2,0.99809,True,True,True
24779,3,74,842,3,-131073,4,0.99974,True,True,True
24780,3,70,838,0,131072,2,0.99739,True,True,True
24781,3,76,844,1,131071,3,0.9999,True,True,True
24785,3,76,844,1,131071,3,0.99581,True,True,True
24787,3,74,842,3,-131073,1,0.99994,True,True,True
24792,3,71,839,0,131072,0,0.99243,True,True,True
24795,3,75,843,3,-131073,1,0.9999,True,True,True
24797,3,76,844,1,131071,2,0.99869,True,True,True
24798,3,72,840,2,-131072,1,0.99976,True,True,True
24799,3,75,843,3,-131073,3,0.99838,True,True,True
24803,3,75,843,3,-131073,2,0.99954,True,True,True
24804,3,71,839,0,131072,0,0.99458,True,True,True
24805,3,76,844,1,131071,4,0.99757,True,True,True
24806,3,72,840,2,-131072,2,0.99906,True,True,True
24807,3,75,843,3,-131073,0,0.99991,True,True,True
24811,3,75,843,3,-131073,2,0.99899,True,True,True
24818,3,73,841,2,-131072,2,0.99937,True,True,True
24821,3,76,844,1,131071,1,0.99979,True,True,True
24829,3,78,846,1,131071,0,0.99828,True,True,True
24831,3,76,844,3,-131073,1,0.99989,True,True,True
24832,3,72,840,0,131072,1,0.99583,True,True,True
24833,3,78,846,1,131071,1,0.99033,True,True,True
24836,3,72,840,0,131072,1,0.99991,True,True,True
24844,3,72,840,0,131072,1,0.99948,True,True,True
24845,3,78,846,1,131071,1,0.99873,True,True,True
24847,3,76,844,3,-131073,0,0.99917,True,True,True
24854,3,74,842,2,-131072,1,0.99368,True,True,True
24858,3,74,842,2,-131072,1,0.99155,True,True,True
24863,3,76,844,3,-131073,0,0.99898,True,True,True
24867,3,77,845,3,-131073,2,0.99995,True,True,True
24868,3,73,841,0,131072,0,0.99989,True,True,True
24869,3,79,847,1,131071,3,0.99754,True,True,True
24871,3,77,845,3,-131073,1,0.99971,True,True,True
24873,3,79,847,1,131071,2,0.99694,True,True,True
24875,3,77,845,3,-131073,1,0.99896,True,True,True
24889,3,80,848,1,131071,0,0.998,True,True,True
24891,3,77,845,3,-131073,2,0.99934,True,True,True
24896,3,74,842,0,131072,2,0.99923,True,True,True
24903,3,78,846,3,-131073,3,0.99601,True,True,True
24906,3,75,843,2,-131072,1,0.99967,True,True,True
24908,3,74,842,0,131072,2,0.99976,True,True,True
24909,3,81,849,1,131071,3,0.99504,True,True,True
24911,3,78,846,3,-131073,1,0.99749,True,True,True
24914,3,75,843,2,-131072,1,0.99566,True,True,True
24916,3,74,842,0,131072,1,0.99937,True,True,True
24918,3,76,844,2,-131072,5,0.99257,True,True,True
24919,3,78,846,3,-131073,0,0.99835,True,True,True
24931,3,78,846,3,-131073,1,0.9999,True,True,True
24935,3,79,847,3,-131073,2,0.99953,True,True,True
24939,3,79,847,3,-131073,3,0.99823,True,True,True
24942,3,76,844,2,-131072,0,0.99903,True,True,True
24945,3,83,851,1,131071,3,0.99814,True,True,True
24946,3,76,844,2,-131072,2,0.99508,True,True,True
24950,3,76,844,2,-131072,4,0.9942,True,True,True
24951,3,79,847,3,-131073,2,0.9999,True,True,True
24958,3,77,845,2,-131072,2,0.99794,True,True,True
24959,3,80,848,3,-131073,2,0.99931,True,True,True
24964,3,76,844,0,131072,3,0.99981,True,True,True
24969,3,83,851,1,131071,2,0.99924,True,True,True
24970,3,77,845,2,-131072,2,0.99295,True,True,True
24972,3,76,844,0,131072,1,0.99947,True,True,True
24980,3,76,844,0,131072,1,0.99662,True,True,True
24992,3,76,844,0,131072,2,0.99989,True,True,True
25001,3,84,852,1,131071,3,0.99939,True,True,True
25003,3,81,849,3,-131073,2,0.99929,True,True,True
25011,3,82,850,3,-131073,7,0.9999,True,True,True
25016,3,77,845,0,131072,2,0.99263,True,True,True
25022,3,79,847,2,-131072,1,0.99336,True,True,True
25029,3,85,853,1,131071,4,0.99494,True,True,True
25031,3,82,850,3,-131073,2,0.99944,True,True,True
25035,3,82,850,3,-131073,1,0.99991,True,True,True
25037,3,85,853,1,131071,2,0.99909,True,True,True
25043,3,82,850,3,-131073,3,0.99874,True,True,True
25044,3,77,845,0,131072,2,0.9927,True,True,True
25048,3,77,845,0,131072,2,0.99979,True,True,True
25049,3,85,853,1,131071,1,0.99983,True,True,True
25051,3,82,850,3,-131073,2,0.99847,True,True,True
25059,3,82,850,3,-131073,1,0.99981,True,True,True
25060,3,77,845,0,131072,2,0.99964,True,True,True
25061,3,85,853,1,131071,1,0.99869,True,True,True
25062,3,80,848,2,-131072,4,0.99368,True,True,True
25064,3,77,845,0,131072,3,0.99844,True,True,True
25065,3,85,853,1,131071,0,0.99629,True,True,True
25068,3,77,845,0,131072,3,0.99839,True,True,True
25070,3,80,848,2,-131072,1,0.99035,True,True,True
25071,3,83,851,3,-131073,4,0.99981,True,True,True
25074,3,81,849,2,-131072,2,0.99982,True,True,True
25076,3,78,846,0,131072,0,0.99858,True,True,True
25082,3,81,849,2,-131072,1,0.99222,True,True,True
25083,3,83,851,3,-131073,2,0.99912,True,True,True
25087,3,83,851,3,-131073,1,0.99901,True,True,True
25089,3,86,854,1,131071,0,0.9982,True,True,True
25094,3,82,850,2,-131072,1,0.9929,True,True,True
25098,3,82,850,2,-131072,2,0.99593,True,True,True
25103,3,84,852,3,-131073,1,0.9991,True,True,True
25107,3,84,852,3,-131073,1,0.99822,True,True,True
25110,3,82,850,2,-131072,2,0.99459,True,True,True
25119,3,84,852,3,-131073,3,0.99877,True,True,True
25122,3,83,851,2,-131072,1,0.99722,True,True,True
25132,3,80,848,0,131072,2,0.99881,True,True,True
25133,3,88,856,1,131071,2,0.99969,True,True,True
25138,3,83,851,2,-131072,2,0.99428,True,True,True
25143,3,85,853,3,-131073,5,0.99991,True,True,True
25146,3,84,852,2,-131072,1,0.99409,True,True,True
25152,3,81,849,0,131072,2,0.99941,True,True,True
25154,3,84,852,2,-131072,1,0.99846,True,True,True
25159,3,85,853,3,-131073,2,0.99881,True,True,True
25161,3,89,857,1,131071,3,0.99154,True,True,True
25169,3,89,857,1,131071,5,0.99919,True,True,True
25173,3,89,857,1,131071,2,0.99957,True,True,True
25177,3,89,857,1,131071,1,0.99818,True,True,True
25183,3,85,853,3,-131073,0,0.99882,True,True,True
25184,3,82,850,0,131072,3,0.99574,True,True,True
25192,3,82,850,0,131072,1,0.99751,True,True,True
25198,3,86,854,2,-131072,7,0.99902,True,True,True
25201,3,90,858,1,131071,1,0.99745,True,True,True
25207,3,86,854,3,-131073,3,0.99968,True,True,True
25211,3,86,854,3,-131073,5,0.99981,True,True,True
25213,3,90,858,1,131071,1,0.99987,True,True,True
25215,3,86,854,3,-131073,0,0.99819,True,True,True
25216,3,83,851,0,131072,6,0.99213,True,True,True
25228,3,83,851,0,131072,1,0.99167,True,True,True
25230,3,87,855,2,-131072,1,0.99552,True,True,True
25231,3,87,855,3,-131073,1,0.99966,True,True,True
25235,3,87,855,3,-131073,1,0.9999,True,True,True
25237,3,91,859,1,131071,1,0.9982,True,True,True
25249,3,92,860,1,131071,1,0.99877,True,True,True
25254,3,88,856,2,-131072,1,0.99977,True,True,True
25255,3,87,855,3,-131073,2,0.99994,True,True,True
25259,3,87,855,3,-131073,3,0.99995,True,True,True
25260,3,84,852,0,131072,2,0.99913,True,True,True
25264,3,85,853,0,131072,1,0.99665,True,True,True
25267,3,88,856,3,-131073,1,0.99958,True,True,True
25271,3,88,856,3,-131073,4,0.99972,True,True,True
25274,3,89,857,2,-131072,2,0.99957,True,True,True
25276,3,85,853,0,131072,1,0.99029,True,True,True
25283,3,88,856,3,-131073,1,0.99972,True,True,True
25291,3,89,857,3,-131073,0,0.9999,True,True,True
25294,3,90,858,2,-131072,4,0.99311,True,True,True
25295,3,89,857,3,-131073,1,0.99947,True,True,True
25297,3,92,860,1,131071,1,0.99787,True,True,True
25300,3,86,854,0,131072,0,0.99896,True,True,True
25311,3,90,858,3,-131073,1,0.99983,True,True,True
25315,3,90,858,3,-131073,2,0.99994,True,True,True
25316,3,87,855,0,131072,0,0.99679,True,True,True
25323,3,90,858,3,-131073,3,0.99925,True,True,True
25328,3,87,855,0,131072,3,0.99967,True,True,True
25336,3,88,856,0,131072,1,0.99576,True,True,True
25343,3,90,858,3,-131073,2,0.99983,True,True,True
25345,3,94,862,1,131071,2,0.99755,True,True,True
25347,3,91,859,3,-131073,1,0.99978,True,True,True
25348,3,88,856,0,131072,0,0.99316,True,True,True
25353,3,94,862,1,131071,2,0.99672,True,True,True
25359,3,91,859,3,-131073,1,0.9997,True,True,True
25361,3,94,862,1,131071,2,0.99971,True,True,True
25367,3,91,859,3,-131073,2,0.99985,True,True,True
25373,3,95,863,1,131071,2,0.99967,True,True,True
25377,3,95,863,1,131071,2,0.99753,True,True,True
25393,3,95,863,1,131071,3,0.99862,True,True,True
25395,3,92,860,3,-131073,0,0.99879,True,True,True
25396,3,89,857,0,131072,5,0.9986,True,True,True
25401,3,95,863,1,131071,1,0.99959,True,True,True
25405,3,95,863,1,131071,3,0.99895,True,True,True
25407,3,92,860,3,-131073,3,0.99997,True,True,True
25409,3,95,863,1,131071,0,0.9986,True,True,True
25416,3,90,858,0,131072,2,0.99994,True,True,True
25425,3,96,864,1,131071,1,0.99892,True,True,True
25427,3,93,861,3,-131073,3,0.99726,True,True,True
25431,3,93,861,3,-131073,0,0.99995,True,True,True
25437,3,97,865,1,131071,2,0.99915,True,True,True
25438,3,94,862,2,-131072,1,0.99844,True,True,True
25439,3,93,861,3,-131073,0,0.99945,True,True,True
25441,3,97,865,1,131071,2,0.99845,True,True,True
25443,3,93,861,3,-131073,1,0.99986,True,True,True
25446,3,94,862,2,-131072,5,0.99576,True,True,True
25455,3,93,861,3,-131073,1,0.99982,True,True,True
25456,3,91,859,0,131072,3,0.99557,True,True,True
25474,3,95,863,2,-131072,2,0.99577,True,True,True
25483,3,95,863,3,-131073,3,0.99998,True,True,True
25491,3,95,863,3,-131073,2,0.99972,True,True,True
25492,3,92,860,0,131072,0,0.99326,True,True,True
25493,3,100,868,1,131071,2,0.99714,True,True,True
25497,3,100,868,1,131071,2,0.99811,True,True,True
25498,3,96,864,2,-131072,0,0.99479,True,True,True
25499,3,95,863,3,-131073,2,0.99966,True,True,True
25500,3,92,860,0,131072,1,0.99976,True,True,True
25501,3,100,868,1,131071,1,0.99254,True,True,True
25505,3,100,868,1,131071,1,0.99792,True,True,True
25525,3,101,869,1,131071,2,0.99982,True,True,True
25539,3,96,864,3,-131073,3,0.99966,True,True,True
25541,3,102,870,1,131071,2,0.99967,True,True,True
25543,3,96,864,3,-131073,2,0.99855,True,True,True
25549,3,102,870,1,131071,1,0.99869,True,True,True
25553,3,102,870,1,131071,1,0.99905,True,True,True
25555,3,97,865,3,-131073,5,0.9993,True,True,True
25563,3,97,865,3,-131073,3,0.99966,True,True,True
25565,3,102,870,1,131071,2,0.99988,True,True,True
25566,3,97,865,2,-131072,1,0.9998,True,True,True
25568,3,96,864,0,131072,2,0.9937,True,True,True
25572,3,96,864,0,131072,5,0.99978,True,True,True
25575,3,97,865,3,-131073,1,0.99959,True,True,True
25586,3,98,866,2,-131072,1,0.99766,True,True,True
25587,3,98,866,3,-131073,3,0.99943,True,True,True
25591,3,98,866,3,-131073,0,0.99961,True,True,True
25593,3,103,871,1,131071,2,0.99874,True,True,True
25596,3,97,865,0,131072,3,0.99488,True,True,True
25597,3,104,872,1,131071,2,0.99962,True,True,True
25598,3,99,867,2,-131072,1,0.99449,True,True,True
25599,3,98,866,3,-131073,2,0.99988,True,True,True
25601,3,104,872,1,131071,1,0.99299,True,True,True
25603,3,98,866,3,-131073,1,0.99973,True,True,True
25606,3,99,867,2,-131072,4,0.99951,True,True,True
25608,3,97,865,0,131072,4,0.99947,True,True,True
25610,3,99,867,2,-131072,0,0.99743,True,True,True
25615,3,98,866,3,-131073,6,0.99848,True,True,True
25616,3,97,865,0,131072,2,0.99961,True,True,True
25619,3,98,866,3,-131073,1,0.99185,True,True,True
25621,3,104,872,1,131071,3,0.99989,True,True,True
25625,3,104,872,1,131071,2,0.99888,True,True,True
25626,3,99,867,2,-131072,2,0.99644,True,True,True
25635,3,99,867,3,-131073,1,0.99995,True,True,True
25636,3,98,866,0,131072,5,0.99909,True,True,True
25645,3,105,873,1,131071,1,0.99399,True,True,True
25652,3,98,866,0,131072,1,0.9996,True,True,True
25653,3,105,873,1,131071,1,0.99668,True,True,True
25657,3,105,873,1,131071,1,0.99883,True,True,True
25659,3,99,867,3,-131073,3,0.99958,True,True,True
25660,3,99,867,0,131072,3,0.9999,True,True,True
25661,3,105,873,1,131071,1,0.99868,True,True,True
25671,3,99,867,3,-131073,1,0.99985,True,True,True
25672,3,99,867,0,131072,1,0.99818,True,True,True
25673,3,106,874,1,131071,3,0.99945,True,True,True
25678,3,101,869,2,-131072,1,0.99817,True,True,True
25679,3,99,867,3,-131073,3,0.99166,True,True,True
25684,3,99,867,0,131072,0,0.99914,True,True,True
25688,3,99,867,0,131072,3,0.99828,True,True,True
25691,3,100,868,3,-131073,2,0.99971,True,True,True
25693,3,106,874,1,131071,1,0.99444,True,True,True
25699,3,100,868,3,-131073,5,0.99988,True,True,True
25700,3,100,868,0,131072,3,0.99961,True,True,True
25708,3,100,868,0,131072,0,0.99915,True,True,True
25711,3,101,869,3,-131073,2,0.9921,True,True,True
25713,3,107,875,1,131071,3,0.99942,True,True,True
25717,3,107,875,1,131071,0,0.99749,True,True,True
25734,3,103,871,2,-131072,2,0.99888,True,True,True
25735,3,101,869,3,-131073,4,0.99993,True,True,True
25743,3,102,870,3,-131073,6,0.99329,True,True,True
25745,3,107,875,1,131071,2,0.99826,True,True,True
25747,3,102,870,3,-131073,2,0.99959,True,True,True
25749,3,108,876,1,131071,3,0.99938,True,True,True
25750,3,103,871,2,-131072,1,0.99599,True,True,True
25751,3,102,870,3,-131073,0,0.99791,True,True,True
25753,3,108,876,1,131071,2,0.99783,True,True,True
25764,3,103,871,0,131072,3,0.99664,True,True,True
25766,3,104,872,2,-131072,3,0.99734,True,True,True
25771,3,103,871,3,-131073,3,0.99861,True,True,True
25774,3,104,872,2,-131072,3,0.99671,True,True,True
25775,3,103,871,3,-131073,3,0.99964,True,True,True
25783,3,103,871,3,-131073,3,0.99981,True,True,True
25784,3,103,871,0,131072,0,0.99985,True,True,True
25787,3,103,871,3,-131073,1,0.99972,True,True,True
25788,3,103,871,0,131072,2,0.99628,True,True,True
25792,3,103,871,0,131072,1,0.99775,True,True,True
25793,3,110,878,1,131071,0,0.99973,True,True,True
25795,3,103,871,3,-131073,0,0.99998,True,True,True
25800,3,104,872,0,131072,2,0.99869,True,True,True
25805,3,110,878,1,131071,1,0.99932,True,True,True
25806,3,104,872,2,-131072,2,0.99761,True,True,True
25807,3,104,872,3,-131073,2,0.99968,True,True,True
25811,3,104,872,3,-131073,5,0.99894,True,True,True
25818,3,105,873,2,-131072,2,0.99963,True,True,True
25819,3,104,872,3,-131073,2,0.99493,True,True,True
25820,3,105,873,0,131072,1,0.99428,True,True,True
25821,3,111,879,1,131071,2,0.99956,True,True,True
25823,3,104,872,3,-131073,4,0.99926,True,True,True
25828,3,105,873,0,131072,1,0.99977,True,True,True
25830,3,105,873,2,-131072,1,0.99142,True,True,True
25834,3,105,873,2,-131072,1,0.99043,True,True,True
25840,3,105,873,0,131072,2,0.99971,True,True,True
25841,3,112,880,1,131071,2,0.99913,True,True,True
25842,3,105,873,2,-131072,0,0.99727,True,True,True
25847,3,105,873,3,-131073,1,0.99973,True,True,True
25848,3,106,874,0,131072,1,0.99394,True,True,True
25850,3,105,873,2,-131072,2,0.99225,True,True,True
25854,3,105,873,2,-131072,3,0.99902,True,True,True
25865,3,112,880,1,131071,5,0.99709,True,True,True
25886,3,106,874,2,-131072,0,0.99502,True,True,True
25894,3,106,874,2,-131072,1,0.9987,True,True,True
25903,3,107,875,3,-131073,2,0.99952,True,True,True
25909,3,113,881,1,131071,2,0.99806,True,True,True
25915,3,108,876,3,-131073,2,0.99937,True,True,True
25925,3,114,882,1,131071,1,0.99951,True,True,True
25927,3,108,876,3,-131073,0,0.99972,True,True,True
25928,3,109,877,0,131072,1,0.99917,True,True,True
25930,3,108,876,2,-131072,3,0.99753,True,True,True
25931,3,108,876,3,-131073,2,0.9974,True,True,True
25933,3,114,882,1,131071,2,0.99644,True,True,True
25939,3,109,877,3,-131073,1,0.99925,True,True,True
25941,3,114,882,1,131071,1,0.99842,True,True,True
25944,3,109,877,0,131072,2,0.99957,True,True,True
25945,3,114,882,1,131071,2,0.99838,True,True,True
25951,3,109,877,3,-131073,0,0.99906,True,True,True
25952,3,109,877,0,131072,1,0.9995,True,True,True
25954,3,108,876,2,-131072,2,0.99754,True,True,True
25955,3,109,877,3,-131073,0,0.99984,True,True,True
25959,3,109,877,3,-131073,0,0.99911,True,True,True
25963,3,109,877,3,-131073,2,0.99786,True,True,True
25969,3,116,884,1,131071,0,0.99947,True,True,True
25973,3,116,884,1,131071,2,0.99936,True,True,True
25985,3,116,884,1,131071,1,0.99211,True,True,True
25987,3,111,879,3,-131073,3,0.99987,True,True,True
25997,3,117,885,1,131071,1,0.99605,True,True,True
26002,3,111,879,2,-131072,3,0.99209,True,True,True
26003,3,111,879,3,-131073,2,0.99989,True,True,True
26009,3,118,886,1,131071,2,0.99964,True,True,True
26011,3,112,880,3,-131073,1,0.99953,True,True,True
26014,3,111,879,2,-131072,1,0.99172,True,True,True
26015,3,112,880,3,-131073,1,0.9998,True,True,True
26023,3,112,880,3,-131073,2,0.99885,True,True,True
26028,3,112,880,0,131072,1,0.99886,True,True,True
26029,3,118,886,1,131071,2,0.99811,True,True,True
26031,3,112,880,3,-131073,3,0.9966,True,True,True
26035,3,112,880,3,-131073,0,0.99892,True,True,True
26038,3,112,880,2,-131072,4,0.99932,True,True,True
26039,3,112,880,3,-131073,1,0.99807,True,True,True
26040,3,112,880,0,131072,0,0.99775,True,True,True
26041,3,118,886,1,131071,2,0.99917,True,True,True
26044,3,112,880,0,131072,2,0.99991,True,True,True
26048,3,113,881,0,131072,2,0.99787,True,True,True
26059,3,113,881,3,-131073,0,0.99924,True,True,True
26066,3,113,881,2,-131072,3,0.99925,True,True,True
26067,3,113,881,3,-131073,1,0.99892,True,True,True
26069,3,119,887,1,131071,0,0.99953,True,True,True
26075,3,113,881,3,-131073,1,0.99676,True,True,True
26076,3,114,882,0,131072,2,0.99495,True,True,True
26078,3,114,882,2,-131072,0,0.99781,True,True,True
26083,3,114,882,3,-131073,2,0.99973,True,True,True
26086,3,114,882,2,-131072,0,0.99722,True,True,True
26087,3,114,882,3,-131073,1,0.99832,True,True,True
26089,3,120,888,1,131071,2,0.99074,True,True,True
26099,3,114,882,3,-131073,1,0.99979,True,True,True
26101,3,121,889,1,131071,2,0.99864,True,True,True
26102,3,114,882,2,-131072,2,0.99191,True,True,True
26103,3,115,883,3,-131073,1,0.99859,True,True,True
26108,3,115,883,0,131072,2,0.99764,True,True,True
26109,3,121,889,1,131071,1,0.99649,True,True,True
26114,3,115,883,2,-131072,2,0.99934,True,True,True
26117,3,121,889,1,131071,1,0.99595,True,True,True
26121,3,121,889,1,131071,2,0.99969,True,True,True
26125,3,122,890,1,131071,2,0.99681,True,True,True
26127,3,115,883,3,-131073,4,0.99852,True,True,True
26133,3,122,890,1,131071,3,0.99975,True,True,True
26142,3,117,885,2,-131072,2,0.99592,True,True,True
26145,3,123,891,1,131071,4,0.99949,True,True,True
26151,3,116,884,3,-131073,3,0.99918,True,True,True
26156,3,118,886,0,131072,0,0.99932,True,True,True
26161,3,123,891,1,131071,2,0.99927,True,True,True
26163,3,116,884,3,-131073,1,0.99953,True,True,True
26171,3,117,885,3,-131073,1,0.99936,True,True,True
26173,3,124,892,1,131071,3,0.99361,True,True,True
26188,3,119,887,0,131072,3,0.99977,True,True,True
26193,3,124,892,1,131071,2,0.99393,True,True,True
26203,3,118,886,3,-131073,6,0.99796,True,True,True
26204,3,120,888,0,131072,1,0.99894,True,True,True
26210,3,119,887,2,-131072,2,0.9949,True,True,True
26212,3,120,888,0,131072,2,0.99709,True,True,True
26216,3,120,888,0,131072,1,0.99947,True,True,True
26221,3,125,893,1,131071,1,0.9979,True,True,True
26223,3,119,887,3,-131073,1,0.99897,True,True,True
26224,3,121,889,0,131072,0,0.9956,True,True,True
26225,3,126,894,1,131071,2,0.99933,True,True,True
26232,3,121,889,0,131072,2,0.99819,True,True,True
26240,3,121,889,0,131072,1,0.99933,True,True,True
26247,3,120,888,3,-131073,2,0.99854,True,True,True
26248,3,121,889,0,131072,1,0.99968,True,True,True
26249,3,127,895,1,131071,0,0.99893,True,True,True
26253,3,127,895,1,131071,2,0.99454,True,True,True
26259,3,120,888,3,-131073,3,0.99836,True,True,True
26265,3,127,895,1,131071,1,0.99665,True,True,True
26268,3,122,890,0,131072,0,0.99349,True,True,True
26269,3,128,896,1,131071,2,0.99929,True,True,True
26275,3,121,889,3,-131073,0,0.99927,True,True,True
26280,3,123,891,0,131072,1,0.99805,True,True,True
26282,3,122,890,2,-131072,1,0.99596,True,True,True
26286,3,122,890,2,-131072,1,0.99538,True,True,True
26287,3,122,890,3,-131073,3,0.9985,True,True,True
26296,3,123,891,0,131072,1,0.99732,True,True,True
26302,3,123,891,2,-131072,4,0.99582,True,True,True
26305,3,129,897,1,131071,0,0.99931,True,True,True
26308,3,124,892,0,131072,2,0.99862,True,True,True
26314,3,123,891,2,-131072,1,0.99942,True,True,True
26324,3,125,893,0,131072,2,0.99312,True,True,True
26327,3,123,891,3,-131073,1,0.99908,True,True,True
26333,3,130,898,1,131071,3,0.99854,True,True,True
26335,3,123,891,3,-131073,1,0.99806,True,True,True
26340,3,125,893,0,131072,2,0.99987,True,True,True
26345,3,130,898,1,131071,2,0.99988,True,True,True
26354,3,124,892,2,-131072,3,0.99684,True,True,True
26363,3,124,892,3,-131073,2,0.99956,True,True,True
26372,3,126,894,0,131072,1,0.99451,True,True,True
26378,3,125,893,2,-131072,2,0.99895,True,True,True
26379,3,124,892,3,-131073,2,0.9992,True,True,True
26381,3,131,899,1,131071,0,0.99978,True,True,True
26384,3,127,895,0,131072,1,0.99987,True,True,True
26388,3,127,895,0,131072,2,0.99939,True,True,True
26413,3,133,901,1,131071,3,0.99744,True,True,True
26415,3,126,894,3,-131073,1,0.99937,True,True,True
26419,3,126,894,3,-131073,0,0.99948,True,True,True
26423,3,126,894,3,-131073,3,0.99976,True,True,True
26426,3,127,895,2,-131072,2,0.99114,True,True,True
26429,3,134,902,1,131071,2,0.99991,True,True,True
26430,3,128,896,2,-131072,1,0.9974,True,True,True
26436,3,128,896,0,131072,1,0.9973,True,True,True
26439,3,127,895,3,-131073,1,0.99998,True,True,True
26440,3,128,896,0,131072,0,0.99973,True,True,True
26446,3,128,896,2,-131072,4,0.99637,True,True,True
26455,3,128,896,3,-131073,2,0.99942,True,True,True
26456,3,129,897,0,131072,2,0.99975,True,True,True
26458,3,129,897,2,-131072,1,0.99402,True,True,True
26463,3,128,896,3,-131073,2,0.99955,True,True,True
26470,3,130,898,2,-131072,0,0.99695,True,True,True
26477,3,136,904,1,131071,4,0.99935,True,True,True
26482,3,130,898,2,-131072,5,0.99686,True,True,True
26484,3,130,898,0,131072,1,0.99944,True,True,True
26485,3,136,904,1,131071,3,0.99939,True,True,True
26486,3,130,898,2,-131072,2,0.99536,True,True,True
26488,3,130,898,0,131072,5,0.99237,True,True,True
26490,3,130,898,2,-131072,2,0.99123,True,True,True
26491,3,129,897,3,-131073,1,0.99931,True,True,True
26493,3,136,904,1,131071,3,0.99879,True,True,True
26494,3,130,898,2,-131072,3,0.99712,True,True,True
26501,3,136,904,1,131071,3,0.99731,True,True,True
26504,3,131,899,0,131072,0,0.99864,True,True,True
26508,3,131,899,0,131072,1,0.99978,True,True,True
26509,3,137,905,1,131071,2,0.99868,True,True,True
26515,3,130,898,3,-131073,1,0.99948,True,True,True
26540,3,131,899,0,131072,1,0.99977,True,True,True
26545,3,137,905,1,131071,2,0.99932,True,True,True
26549,3,137,905,1,131071,0,0.99738,True,True,True
26551,3,131,899,3,-131073,1,0.99846,True,True,True
26554,3,131,899,2,-131072,0,0.99896,True,True,True
26557,3,138,906,1,131071,2,0.99972,True,True,True
26559,3,131,899,3,-131073,1,0.99988,True,True,True
26564,3,132,900,0,131072,3,0.99703,True,True,True
26565,3,138,906,1,131071,3,0.99804,True,True,True
26566,3,132,900,2,-131072,1,0.99923,True,True,True
26568,3,132,900,0,131072,1,0.99891,True,True,True
26573,3,138,906,1,131071,1,0.99868,True,True,True
26575,3,132,900,3,-131073,1,0.99922,True,True,True
26580,3,133,901,0,131072,1,0.99961,True,True,True
26587,3,132,900,3,-131073,1,0.99756,True,True,True
26592,3,133,901,0,131072,1,0.99982,True,True,True
26596,3,133,901,0,131072,0,0.99885,True,True,True
26599,3,133,901,3,-131073,3,0.99985,True,True,True
26606,3,133,901,2,-131072,0,0.99528,True,True,True
26607,3,133,901,3,-131073,1,0.99831,True,True,True
26609,3,138,906,1,131071,2,0.99077,True,True,True
26611,3,133,901,3,-131073,1,0.99896,True,True,True
26612,3,133,901,0,131072,0,0.99942,True,True,True
26619,3,133,901,3,-131073,1,0.9962,True,True,True
26622,3,134,902,2,-131072,1,0.99502,True,True,True
26624,3,134,902,0,131072,1,0.99492,True,True,True
26628,3,134,902,0,131072,1,0.99967,True,True,True
26630,3,134,902,2,-131072,0,0.99804,True,True,True
26631,3,133,901,3,-131073,2,0.9999,True,True,True
26633,3,139,907,1,131071,2,0.99707,True,True,True
26636,3,134,902,0,131072,5,0.99628,True,True,True
26639,3,134,902,3,-131073,2,0.99968,True,True,True
26644,3,134,902,0,131072,0,0.99945,True,True,True
26654,3,134,902,2,-131072,0,0.99581,True,True,True
26655,3,135,903,3,-131073,2,0.99986,True,True,True
26657,3,140,908,1,131071,1,0.99306,True,True,True
26659,3,135,903,3,-131073,1,0.99995,True,True,True
26663,3,135,903,3,-131073,1,0.99983,True,True,True
26664,3,134,902,0,131072,2,0.9989,True,True,True
26665,3,140,908,1,131071,5,0.99968,True,True,True
26671,3,135,903,3,-131073,2,0.99975,True,True,True
26677,3,140,908,1,131071,2,0.99417,True,True,True
26683,3,135,903,3,-131073,3,0.9997,True,True,True
26687,3,136,904,3,-131073,1,0.9962,True,True,True
26692,3,135,903,0,131072,1,0.99702,True,True,True
26693,3,142,910,1,131071,0,0.99943,True,True,True
26698,3,135,903,2,-131072,5,0.9968,True,True,True
26701,3,142,910,1,131071,1,0.99038,True,True,True
26707,3,136,904,3,-131073,2,0.99937,True,True,True
26709,3,142,910,1,131071,2,0.99955,True,True,True
26717,3,142,910,1,131071,0,0.99443,True,True,True
26720,3,136,904,0,131072,2,0.999,True,True,True
26723,3,137,905,3,-131073,0,0.99979,True,True,True
26725,3,143,911,1,131071,1,0.99959,True,True,True
26732,3,137,905,0,131072,3,0.99928,True,True,True
26741,3,143,911,1,131071,1,0.99947,True,True,True
26742,3,137,905,2,-131072,2,0.99849,True,True,True
26752,3,137,905,0,131072,0,0.99948,True,True,True
26758,3,137,905,2,-131072,1,0.99782,True,True,True
26762,3,138,906,2,-131072,1,0.99302,True,True,True
26764,3,137,905,0,131072,3,0.99292,True,True,True
26767,3,138,906,3,-131073,1,0.9998,True,True,True
26776,3,138,906,0,131072,1,0.99007,True,True,True
26777,3,144,912,1,131071,3,0.99422,True,True,True
26778,3,138,906,2,-131072,3,0.994,True,True,True
26785,3,144,912,1,131071,2,0.99775,True,True,True
26786,3,138,906,2,-131072,3,0.99362,True,True,True
26787,3,138,906,3,-131073,3,0.99992,True,True,True
26789,3,144,912,1,131071,6,0.9986,True,True,True
26794,3,138,906,2,-131072,4,0.99824,True,True,True
26795,3,138,906,3,-131073,3,0.99916,True,True,True
26799,3,138,906,3,-131073,0,0.99926,True,True,True
26801,3,144,912,1,131071,1,0.99651,True,True,True
26802,3,139,907,2,-131072,5,0.99449,True,True,True
26809,3,144,912,1,131071,1,0.99919,True,True,True
26813,3,145,913,1,131071,1,0.99761,True,True,True
26821,3,145,913,1,131071,4,0.99942,True,True,True
26823,3,139,907,3,-131073,1,0.99956,True,True,True
26824,3,139,907,0,131072,0,0.99866,True,True,True
26827,3,139,907,3,-131073,1,0.99975,True,True,True
26829,3,145,913,1,131071,1,0.99846,True,True,True
26835,3,139,907,3,-131073,3,0.99946,True,True,True
26838,3,140,908,2,-131072,1,0.99894,True,True,True
26845,3,146,914,1,131071,0,0.99765,True,True,True
26851,3,140,908,3,-131073,0,0.99988,True,True,True
26852,3,140,908,0,131072,0,0.9985,True,True,True
26854,3,140,908,2,-131072,2,0.9985,True,True,True
26860,3,141,909,0,131072,1,0.99983,True,True,True
26865,3,146,914,1,131071,0,0.99967,True,True,True
26871,3,141,909,3,-131073,2,0.99974,True,True,True
26873,3,147,915,1,131071,0,0.99949,True,True,True
26875,3,141,909,3,-131073,10,0.99947,True,True,True
26880,3,141,909,0,131072,2,0.99913,True,True,True
26884,3,141,909,0,131072,1,0.99338,True,True,True
26885,3,147,915,1,131071,0,0.99506,True,True,True
26898,3,141,909,2,-131072,3,0.9971,True,True,True
26900,3,142,910,0,131072,0,0.99897,True,True,True
26904,3,142,910,0,131072,1,0.99956,True,True,True
26907,3,142,910,3,-131073,3,0.99992,True,True,True
26914,3,142,910,2,-131072,3,0.99296,True,True,True
26915,3,142,910,3,-131073,1,0.99958,True,True,True
26918,3,143,911,2,-131072,1,0.9974,True,True,True
26928,3,142,910,0,131072,2,0.99886,True,True,True
26929,3,148,916,1,131071,3,0.9942,True,True,True
26934,3,143,911,2,-131072,2,0.99944,True,True,True
26935,3,143,911,3,-131073,1,0.99797,True,True,True
26936,3,143,911,0,131072,3,0.99893,True,True,True
26940,3,143,911,0,131072,1,0.99981,True,True,True
26946,3,144,912,2,-131072,0,0.99001,True,True,True
26948,3,143,911,0,131072,2,0.99989,True,True,True
26950,3,144,912,2,-131072,4,0.99597,True,True,True
26953,3,148,916,1,131071,2,0.99465,True,True,True
26956,3,143,911,0,131072,2,0.99922,True,True,True
26959,3,144,912,3,-131073,1,0.99925,True,True,True
26962,3,144,912,2,-131072,1,0.99232,True,True,True
26969,3,148,916,1,131071,1,0.99815,True,True,True
26974,3,145,913,2,-131072,1,0.9991,True,True,True
26975,3,144,912,3,-131073,1,0.99961,True,True,True
26980,3,144,912,0,131072,4,0.99898,True,True,True
26985,3,149,917,1,131071,1,0.99492,True,True,True
27022,3,147,915,2,-131072,4,0.997,True,True,True
27023,3,146,914,3,-131073,1,0.99996,True,True,True
27024,3,146,914,0,131072,1,0.9982,True,True,True
27028,3,146,914,0,131072,1,0.99753,True,True,True
27030,3,147,915,2,-131072,2,0.99035,True,True,True
27033,3,150,918,1,131071,1,0.99962,True,True,True
27037,3,150,918,1,131071,2,0.9997,True,True,True
27039,3,146,914,3,-131073,1,0.99988,True,True,True
27040,3,146,914,0,131072,2,0.99401,True,True,True
27041,3,150,918,1,131071,0,0.99163,True,True,True
27043,3,146,914,3,-131073,4,0.99908,True,True,True
27044,3,146,914,0,131072,1,0.99286,True,True,True
27046,3,147,915,2,-131072,1,0.99052,True,True,True
27070,3,148,916,2,-131072,3,0.99908,True,True,True
27072,3,147,915,0,131072,2,0.99985,True,True,True
27075,3,147,915,3,-131073,0,0.9997,True,True,True
27076,3,147,915,0,131072,2,0.99881,True,True,True
27078,3,149,917,2,-131072,0,0.99931,True,True,True
27079,3,148,916,3,-131073,1,0.99981,True,True,True
27080,3,147,915,0,131072,1,0.99605,True,True,True
27092,3,147,915,0,131072,3,0.999,True,True,True
27093,3,152,920,1,131071,0,0.99011,True,True,True
27097,3,152,920,1,131071,0,0.9992,True,True,True
27098,3,149,917,2,-131072,5,0.9958,True,True,True
27102,3,150,918,2,-131072,2,0.99461,True,True,True
27103,3,148,916,3,-131073,4,0.99939,True,True,True
27111,3,149,917,3,-131073,1,0.99506,True,True,True
27114,3,150,918,2,-131072,2,0.99488,True,True,True
27117,3,153,921,1,131071,1,0.99909,True,True,True
27118,3,150,918,2,-131072,4,0.9915,True,True,True
27119,3,149,917,3,-131073,4,0.99931,True,True,True
27123,3,149,917,3,-131073,1,0.99698,True,True,True
27124,3,148,916,0,131072,2,0.99961,True,True,True
27128,3,148,916,0,131072,1,0.99967,True,True,True
27129,3,154,922,1,131071,6,0.99957,True,True,True
27134,3,151,919,2,-131072,1,0.99082,True,True,True
27145,3,154,922,1,131071,1,0.99867,True,True,True
27156,3,148,916,0,131072,1,0.99904,True,True,True
27159,3,150,918,3,-131073,0,0.99979,True,True,True
27164,3,148,916,0,131072,2,0.99061,True,True,True
27165,3,155,923,1,131071,3,0.99944,True,True,True
27185,3,156,924,1,131071,3,0.99963,True,True,True
27187,3,151,919,3,-131073,0,0.99876,True,True,True
27199,3,151,919,3,-131073,1,0.99989,True,True,True
27201,3,157,925,1,131071,4,0.99924,True,True,True
27203,3,152,920,3,-131073,2,0.99988,True,True,True
27211,3,152,920,3,-131073,3,0.99958,True,True,True
27214,3,154,922,2,-131072,1,0.99905,True,True,True
27218,3,154,922,2,-131072,2,0.99651,True,True,True
27233,3,157,925,1,131071,1,0.9994,True,True,True
27241,3,158,926,1,131071,0,0.99802,True,True,True
27250,3,155,923,2,-131072,1,0.99279,True,True,True
27251,3,153,921,3,-131073,4,0.99305,True,True,True
27263,3,153,921,3,-131073,2,0.99979,True,True,True
27267,3,154,922,3,-131073,1,0.99297,True,True,True
27268,3,153,921,0,131072,4,0.99981,True,True,True
27272,3,153,921,0,131072,4,0.99543,True,True,True
27273,3,159,927,1,131071,2,0.99732,True,True,True
27276,3,153,921,0,131072,1,0.99594,True,True,True
27278,3,156,924,2,-131072,2,0.99895,True,True,True
27284,3,154,922,0,131072,3,0.99771,True,True,True
27285,3,159,927,1,131071,1,0.9982,True,True,True
27287,3,155,923,3,-131073,2,0.99988,True,True,True
27288,3,154,922,0,131072,0,0.99742,True,True,True
27290,3,157,925,2,-131072,0,0.99889,True,True,True
27294,3,157,925,2,-131072,1,0.99634,True,True,True
27301,3,160,928,1,131071,2,0.99554,True,True,True
27307,3,156,924,3,-131073,0,0.99954,True,True,True
27336,3,156,924,0,131072,2,0.99776,True,True,True
27337,3,161,929,1,131071,1,0.99938,True,True,True
27341,3,161,929,1,131071,3,0.99667,True,True,True
27350,3,158,926,2,-131072,0,0.99643,True,True,True
27355,3,157,925,3,-131073,2,0.99961,True,True,True
27356,3,157,925,0,131072,2,0.99509,True,True,True
27360,3,157,925,0,131072,3,0.99943,True,True,True
27361,3,161,929,1,131071,1,0.99394,True,True,True
27363,3,157,925,3,-131073,4,0.99881,True,True,True
27368,3,157,925,0,131072,5,0.99525,True,True,True
27377,3,162,930,1,131071,1,0.99035,True,True,True
27378,3,159,927,2,-131072,1,0.99891,True,True,True
27380,3,158,926,0,131072,0,0.9994,True,True,True
27382,3,159,927,2,-131072,3,0.99476,True,True,True
27384,3,158,926,0,131072,0,0.9983,True,True,True
27387,3,158,926,3,-131073,2,0.99926,True,True,True
27391,3,158,926,3,-131073,0,0.99994,True,True,True
27392,3,158,926,0,131072,1,0.99607,True,True,True
27394,3,160,928,2,-131072,2,0.99574,True,True,True
27396,3,158,926,0,131072,1,0.99933,True,True,True
27399,3,159,927,3,-131073,2,0.99993,True,True,True
27403,3,159,927,3,-131073,1,0.99865,True,True,True
27407,3,159,927,3,-131073,4,0.99991,True,True,True
27411,3,159,927,3,-131073,2,0.99984,True,True,True
27421,3,163,931,1,131071,0,0.99516,True,True,True
27422,3,161,929,2,-131072,3,0.99436,True,True,True
27424,3,159,927,0,131072,3,0.99945,True,True,True
27429,3,163,931,1,131071,3,0.99397,True,True,True
27432,3,159,927,0,131072,1,0.99488,True,True,True
27440,3,160,928,0,131072,2,0.99982,True,True,True
27442,3,161,929,2,-131072,3,0.99887,True,True,True
27443,3,161,929,3,-131073,1,0.99671,True,True,True
27449,3,164,932,1,131071,4,0.99886,True,True,True
27454,3,162,930,2,-131072,2,0.99114,True,True,True
27461,3,164,932,1,131071,1,0.99378,True,True,True
27463,3,162,930,3,-131073,8,0.99636,True,True,True
27464,3,160,928,0,131072,1,0.99878,True,True,True
27468,3,160,928,0,131072,3,0.99814,True,True,True
27470,3,162,930,2,-131072,1,0.999,True,True,True
27472,3,160,928,0,131072,1,0.99867,True,True,True
27486,3,163,931,2,-131072,0,0.99857,True,True,True
27487,3,163,931,3,-131073,2,0.99641,True,True,True
27493,3,165,933,1,131071,3,0.99874,True,True,True
27494,3,163,931,2,-131072,0,0.99345,True,True,True
27496,3,161,929,0,131072,1,0.99956,True,True,True
27498,3,163,931,2,-131072,1,0.99905,True,True,True
27505,3,166,934,1,131071,1,0.99887,True,True,True
27507,3,164,932,3,-131073,3,0.99994,True,True,True
27509,3,166,934,1,131071,2,0.99803,True,True,True
27510,3,163,931,2,-131072,1,0.99841,True,True,True
27513,3,166,934,1,131071,2,0.99951,True,True,True
27519,3,164,932,3,-131073,3,0.99876,True,True,True
27521,3,167,935,1,131071,3,0.99905,True,True,True
27522,3,164,932,2,-131072,2,0.99825,True,True,True
27535,3,165,933,3,-131073,0,0.99902,True,True,True
27536,3,162,930,0,131072,0,0.99487,True,True,True
27540,3,162,930,0,131072,2,0.99996,True,True,True
27543,3,165,933,3,-131073,0,0.99912,True,True,True
27544,3,162,930,0,131072,0,0.9939,True,True,True
27545,3,168,936,1,131071,2,0.99507,True,True,True
27548,3,162,930,0,131072,2,0.9976,True,True,True
27553,3,168,936,1,131071,1,0.9933,True,True,True
27554,3,165,933,2,-131072,2,0.99549,True,True,True
27559,3,165,933,3,-131073,1,0.99928,True,True,True
27560,3,162,930,0,131072,1,0.99989,True,True,True
27570,3,166,934,2,-131072,1,0.99307,True,True,True
27571,3,165,933,3,-131073,3,0.99991,True,True,True
27579,3,166,934,3,-131073,1,0.99952,True,True,True
27580,3,163,931,0,131072,1,0.99935,True,True,True
27589,3,169,937,1,131071,5,0.99909,True,True,True
27590,3,166,934,2,-131072,1,0.99844,True,True,True
27591,3,166,934,3,-131073,4,0.9992,True,True,True
27592,3,163,931,0,131072,2,0.99905,True,True,True
27596,3,164,932,0,131072,2,0.99797,True,True,True
27597,3,169,937,1,131071,0,0.99744,True,True,True
27606,3,167,935,2,-131072,3,0.99839,True,True,True
27611,3,167,935,3,-131073,4,0.99978,True,True,True
27623,3,168,936,3,-131073,2,0.99925,True,True,True
27627,3,168,936,3,-131073,3,0.99988,True,True,True
27629,3,170,938,1,131071,1,0.99994,True,True,True
27631,3,168,936,3,-131073,0,0.99939,True,True,True
27635,3,168,936,3,-131073,1,0.99984,True,True,True
27636,3,165,933,0,131072,5,0.99992,True,True,True
27639,3,169,937,3,-131073,1,0.9926,True,True,True
27640,3,165,933,0,131072,0,0.9934,True,True,True
27642,3,167,935,2,-131072,0,0.99803,True,True,True
27644,3,165,933,0,131072,1,0.9964,True,True,True
27646,3,168,936,2,-131072,0,0.99907,True,True,True
27648,3,165,933,0,131072,1,0.99917,True,True,True
27649,3,171,939,1,131071,1,0.99781,True,True,True
27650,3,168,936,2,-131072,4,0.99918,True,True,True
27652,3,165,933,0,131072,0,0.99519,True,True,True
27663,3,169,937,3,-131073,0,0.99905,True,True,True
27665,3,172,940,1,131071,3,0.99957,True,True,True
27666,3,169,937,2,-131072,1,0.99881,True,True,True
27669,3,172,940,1,131071,2,0.99959,True,True,True
27672,3,166,934,0,131072,1,0.99093,True,True,True
27675,3,170,938,3,-131073,0,0.99374,True,True,True
27678,3,169,937,2,-131072,1,0.99782,True,True,True
27679,3,170,938,3,-131073,2,0.99961,True,True,True
27681,3,172,940,1,131071,1,0.99907,True,True,True
27683,3,170,938,3,-131073,2,0.99827,True,True,True
27684,3,167,935,0,131072,0,0.99875,True,True,True
27685,3,172,940,1,131071,2,0.99955,True,True,True
27687,3,170,938,3,-131073,5,0.99982,True,True,True
27700,3,167,935,0,131072,3,0.99967,True,True,True
27706,3,170,938,2,-131072,4,0.99836,True,True,True
27708,3,167,935,0,131072,5,0.99963,True,True,True
27709,3,174,942,1,131071,1,0.99756,True,True,True
27711,3,171,939,3,-131073,5,0.99773,True,True,True
27720,3,168,936,0,131072,6,0.99698,True,True,True
27721,3,174,942,1,131071,2,0.99917,True,True,True
27735,3,172,940,3,-131073,2,0.99936,True,True,True
27737,3,175,943,1,131071,1,0.99914,True,True,True
27739,3,173,941,3,-131073,3,0.99926,True,True,True
27748,3,168,936,0,131072,4,0.99814,True,True,True
27755,3,173,941,3,-131073,5,0.99891,True,True,True
27759,3,174,942,3,-131073,3,0.99966,True,True,True
27761,3,175,943,1,131071,2,0.9998,True,True,True
27762,3,172,940,2,-131072,0,0.99769,True,True,True
27765,3,175,943,1,131071,5,0.99946,True,True,True
27769,3,175,943,1,131071,2,0.99881,True,True,True
27784,3,170,938,0,131072,1,0.99965,True,True,True
27788,3,170,938,0,131072,2,0.99728,True,True,True
27795,3,176,944,3,-131073,3,0.99931,True,True,True
27796,3,170,938,0,131072,3,0.99945,True,True,True
27808,3,170,938,0,131072,1,0.99815,True,True,True
27809,3,177,945,1,131071,0,0.99857,True,True,True
27810,3,173,941,2,-131072,1,0.99837,True,True,True
27811,3,177,945,3,-131073,0,0.99457,True,True,True
27817,3,177,945,1,131071,2,0.99862,True,True,True
27821,3,177,945,1,131071,0,0.99482,True,True,True
27824,3,171,939,0,131072,1,0.9996,True,True,True
27830,3,174,942,2,-131072,2,0.99401,True,True,True
27839,3,177,945,3,-131073,3,0.99922,True,True,True
27844,3,172,940,0,131072,1,0.99662,True,True,True
27846,3,174,942,2,-131072,3,0.99618,True,True,True
27848,3,172,940,0,131072,3,0.99767,True,True,True
27854,3,175,943,2,-131072,1,0.9955,True,True,True
27857,3,178,946,1,131071,1,0.99956,True,True,True
27859,3,178,946,3,-131073,0,0.99941,True,True,True
27860,3,172,940,0,131072,1,0.9995,True,True,True
27865,3,179,947,1,131071,4,0.99764,True,True,True
27874,3,175,943,2,-131072,2,0.99737,True,True,True
27880,3,173,941,0,131072,1,0.99739,True,True,True
27883,3,178,946,3,-131073,4,0.99997,True,True,True
27892,3,174,942,0,131072,1,0.99041,True,True,True
27893,3,180,948,1,131071,3,0.99897,True,True,True
27894,3,175,943,2,-131072,4,0.99064,True,True,True
27896,3,174,942,0,131072,1,0.99966,True,True,True
27897,3,180,948,1,131071,4,0.99848,True,True,True
27907,3,180,948,3,-131073,1,0.99905,True,True,True
27912,3,175,943,0,131072,2,0.99344,True,True,True
27916,3,175,943,0,131072,0,0.99031,True,True,True
27919,3,181,949,3,-131073,0,0.99553,True,True,True
27920,3,175,943,0,131072,2,0.9998,True,True,True
27923,3,181,949,3,-131073,0,0.99986,True,True,True
27927,3,182,950,3,-131073,0,0.99931,True,True,True
27928,3,176,944,0,131072,4,0.99915,True,True,True
27931,3,182,950,3,-131073,1,0.99965,True,True,True
27932,3,176,944,0,131072,0,0.99984,True,True,True
27935,3,182,950,3,-131073,0,0.99979,True,True,True
27936,3,176,944,0,131072,3,0.99985,True,True,True
27939,3,182,950,3,-131073,3,0.99987,True,True,True
27946,3,178,946,2,-131072,3,0.99629,True,True,True
27950,3,178,946,2,-131072,1,0.99835,True,True,True
27952,3,176,944,0,131072,2,0.99559,True,True,True
27953,3,182,950,1,131071,4,0.99927,True,True,True
27958,3,178,946,2,-131072,3,0.99994,True,True,True
27963,3,183,951,3,-131073,1,0.99943,True,True,True
27968,3,177,945,0,131072,10,0.99886,True,True,True
27969,3,182,950,1,131071,0,0.99552,True,True,True
27970,3,179,947,2,-131072,2,0.99744,True,True,True
27971,3,183,951,3,-131073,1,0.99958,True,True,True
27977,3,182,950,1,131071,0,0.99823,True,True,True
27982,3,180,948,2,-131072,2,0.99913,True,True,True
27985,3,183,951,1,131071,0,0.9983,True,True,True
27989,3,183,951,1,131071,2,0.999,True,True,True
27990,3,181,949,2,-131072,1,0.99768,True,True,True
28001,3,183,951,1,131071,0,0.99814,True,True,True
28006,3,181,949,2,-131072,2,0.99903,True,True,True
28010,3,181,949,2,-131072,1,0.9994,True,True,True
28011,3,185,953,3,-131073,1,0.99878,True,True,True
28013,3,183,951,1,131071,3,0.99755,True,True,True
28017,3,183,951,1,131071,4,0.99741,True,True,True
28024,3,180,948,0,131072,0,0.99925,True,True,True
28027,3,185,953,3,-131073,1,0.99993,True,True,True
28030,3,182,950,2,-131072,1,0.99708,True,True,True
28041,3,184,952,1,131071,1,0.99937,True,True,True
28043,3,186,954,3,-131073,4,0.99949,True,True,True
28048,3,181,949,0,131072,2,0.99781,True,True,True
28053,3,184,952,1,131071,0,0.99926,True,True,True
28055,3,187,955,3,-131073,1,0.99251,True,True,True
28056,3,181,949,0,131072,1,0.99838,True,True,True
28058,3,183,951,2,-131072,1,0.99585,True,True,True
28062,3,183,951,2,-131072,1,0.99381,True,True,True
28075,3,188,956,3,-131073,1,0.99978,True,True,True
28083,3,188,956,3,-131073,3,0.99938,True,True,True
28086,3,184,952,2,-131072,0,0.99533,True,True,True
28087,3,188,956,3,-131073,1,0.99885,True,True,True
28089,3,185,953,1,131071,1,0.99518,True,True,True
28093,3,185,953,1,131071,2,0.99659,True,True,True
28094,3,185,953,2,-131072,0,0.99245,True,True,True
28095,3,189,957,3,-131073,1,0.99913,True,True,True
28108,3,183,951,0,131072,0,0.99804,True,True,True
28111,3,189,957,3,-131073,4,0.99895,True,True,True
28113,3,186,954,1,131071,4,0.99952,True,True,True
28123,3,189,957,3,-131073,3,0.99976,True,True,True
28125,3,187,955,1,131071,1,0.99893,True,True,True
28132,3,183,951,0,131072,1,0.99991,True,True,True
28140,3,184,952,0,131072,2,0.9999,True,True,True
28141,3,187,955,1,131071,3,0.9948,True,True,True
28143,3,190,958,3,-131073,0,0.99995,True,True,True
28144,3,184,952,0,131072,1,0.9964,True,True,True
28150,3,187,955,2,-131072,5,0.99509,True,True,True
28156,3,184,952,0,131072,0,0.99947,True,True,True
28160,3,185,953,0,131072,1,0.99945,True,True,True
28167,3,191,959,3,-131073,2,0.99989,True,True,True
28171,3,191,959,3,-131073,3,0.99948,True,True,True
28173,3,190,958,1,131071,3,0.99939,True,True,True
28176,3,185,953,0,131072,2,0.99068,True,True,True
28177,3,190,958,1,131071,2,0.99801,True,True,True
28179,3,192,960,3,-131073,1,0.99982,True,True,True
28184,3,186,954,0,131072,4,0.9999,True,True,True
28185,3,190,958,1,131071,1,0.9996,True,True,True
28186,3,189,957,2,-131072,3,0.99049,True,True,True
28193,3,191,959,1,131071,1,0.99947,True,True,True
28196,3,186,954,0,131072,0,0.99786,True,True,True
28199,3,192,960,3,-131073,2,0.99875,True,True,True
28203,3,192,960,3,-131073,1,0.99584,True,True,True
28207,3,193,961,3,-131073,4,0.99985,True,True,True
28221,3,191,959,1,131071,3,0.99813,True,True,True
28223,3,193,961,3,-131073,1,0.99937,True,True,True
28231,3,193,961,3,-131073,1,0.99886,True,True,True
28235,3,193,961,3,-131073,0,0.99903,True,True,True
28236,3,187,955,0,131072,2,0.99758,True,True,True
28237,3,192,960,1,131071,2,0.99799,True,True,True
28243,3,194,962,3,-131073,2,0.99988,True,True,True
28247,3,194,962,3,-131073,1,0.99988,True,True,True
28252,3,188,956,0,131072,2,0.99823,True,True,True
28253,3,192,960,1,131071,3,0.999,True,True,True
28254,3,190,958,2,-131072,8,0.9977,True,True,True
28258,3,191,959,2,-131072,2,0.99968,True,True,True
28259,3,194,962,3,-131073,0,0.9997,True,True,True
28260,3,188,956,0,131072,1,0.99417,True,True,True
28262,3,191,959,2,-131072,0,0.99666,True,True,True
28264,3,188,956,0,131072,1,0.99601,True,True,True
28267,3,195,963,3,-131073,3,0.99632,True,True,True
28269,3,193,961,1,131071,4,0.99802,True,True,True
28277,3,194,962,1,131071,1,0.99852,True,True,True
28278,3,191,959,2,-131072,4,0.9965,True,True,True
28287,3,196,964,3,-131073,2,0.99986,True,True,True
28291,3,196,964,3,-131073,0,0.99915,True,True,True
28304,3,189,957,0,131072,2,0.99069,True,True,True
28309,3,194,962,1,131071,2,0.99944,True,True,True
28314,3,192,960,2,-131072,1,0.99847,True,True,True
28317,3,194,962,1,131071,4,0.99849,True,True,True
28320,3,190,958,0,131072,1,0.99967,True,True,True
28322,3,192,960,2,-131072,4,0.9993,True,True,True
28323,3,198,966,3,-131073,4,0.9987,True,True,True
28324,3,190,958,0,131072,2,0.99659,True,True,True
28331,3,198,966,3,-131073,2,0.99742,True,True,True
28334,3,193,961,2,-131072,1,0.99221,True,True,True
28341,3,195,963,1,131071,2,0.99823,True,True,True
28342,3,193,961,2,-131072,4,0.99729,True,True,True
28349,3,195,963,1,131071,5,0.99796,True,True,True
28351,3,199,967,3,-131073,1,0.99557,True,True,True
28352,3,191,959,0,131072,2,0.99978,True,True,True
28353,3,195,963,1,131071,1,0.99134,True,True,True
28356,3,191,959,0,131072,4,0.99233,True,True,True
28360,3,192,960,0,131072,0,0.99565,True,True,True
28361,3,195,963,1,131071,4,0.99737,True,True,True
28367,3,200,968,3,-131073,2,0.99879,True,True,True
28371,3,200,968,3,-131073,0,0.99991,True,True,True
28373,3,196,964,1,131071,4,0.99992,True,True,True
28375,3,200,968,3,-131073,4,0.99881,True,True,True
28380,3,192,960,0,131072,2,0.99994,True,True,True
28383,3,200,968,3,-131073,1,0.99967,True,True,True
28391,3,200,968,3,-131073,2,0.99992,True,True,True
28392,3,192,960,0,131072,4,0.99985,True,True,True
28399,3,201,969,3,-131073,2,0.99729,True,True,True
28403,3,201,969,3,-131073,3,0.99981,True,True,True
28404,3,193,961,0,131072,0,0.99455,True,True,True
28412,3,193,961,0,131072,4,0.99847,True,True,True
28415,3,201,969,3,-131073,3,0.99984,True,True,True
28420,3,194,962,0,131072,2,0.9998,True,True,True
28423,3,202,970,3,-131073,4,0.99933,True,True,True
28425,3,198,966,1,131071,1,0.99987,True,True,True
28426,3,196,964,2,-131072,3,0.99186,True,True,True
28429,3,198,966,1,131071,4,0.9985,True,True,True
28432,3,194,962,0,131072,3,0.99993,True,True,True
28434,3,197,965,2,-131072,1,0.99009,True,True,True
28435,3,202,970,3,-131073,3,0.99957,True,True,True
28437,3,198,966,1,131071,1,0.99869,True,True,True
28438,3,197,965,2,-131072,2,0.99915,True,True,True
28440,3,194,962,0,131072,2,0.9974,True,True,True
28441,3,198,966,1,131071,2,0.99493,True,True,True
28444,3,194,962,0,131072,2,0.99992,True,True,True
28446,3,197,965,2,-131072,0,0.99869,True,True,True
28447,3,202,970,3,-131073,3,0.99959,True,True,True
28448,3,195,963,0,131072,3,0.99889,True,True,True
28451,3,203,971,3,-131073,2,0.99955,True,True,True
28456,3,195,963,0,131072,1,0.99961,True,True,True
28464,3,196,964,0,131072,0,0.99891,True,True,True
28477,3,200,968,1,131071,0,0.99733,True,True,True
28484,3,196,964,0,131072,1,0.999,True,True,True
28485,3,200,968,1,131071,2,0.99818,True,True,True
28486,3,199,967,2,-131072,1,0.99828,True,True,True
28505,3,201,969,1,131071,2,0.99069,True,True,True
28507,3,205,973,3,-131073,3,0.99984,True,True,True
28508,3,197,965,0,131072,2,0.99982,True,True,True
28513,3,201,969,1,131071,1,0.99916,True,True,True
28516,3,197,965,0,131072,0,0.99978,True,True,True
28518,3,199,967,2,-131072,2,0.99784,True,True,True
28522,3,200,968,2,-131072,2,0.99559,True,True,True
28527,3,206,974,3,-131073,1,0.99976,True,True,True
28528,3,197,965,0,131072,1,0.998,True,True,True
28529,3,202,970,1,131071,0,0.99981,True,True,True
28533,3,202,970,1,131071,1,0.99256,True,True,True
28536,3,198,966,0,131072,0,0.99863,True,True,True
28537,3,202,970,1,131071,2,0.99907,True,True,True
28539,3,206,974,3,-131073,1,0.99972,True,True,True
28545,3,202,970,1,131071,1,0.99674,True,True,True
28553,3,203,971,1,131071,0,0.99913,True,True,True
28557,3,203,971,1,131071,2,0.99905,True,True,True
28558,3,202,970,2,-131072,1,0.99204,True,True,True
28563,3,207,975,3,-131073,0,0.99979,True,True,True
28565,3,204,972,1,131071,2,0.99918,True,True,True
28567,3,207,975,3,-131073,2,0.99997,True,True,True
28582,3,202,970,2,-131072,3,0.99739,True,True,True
28585,3,204,972,1,131071,1,0.99917,True,True,True
28587,3,207,975,3,-131073,2,0.99922,True,True,True
28590,3,202,970,2,-131072,1,0.99651,True,True,True
28597,3,205,973,1,131071,3,0.99836,True,True,True
28602,3,202,970,2,-131072,3,0.99681,True,True,True
28604,3,202,970,0,131072,3,0.99885,True,True,True
28605,3,205,973,1,131071,2,0.99938,True,True,True
28606,3,203,971,2,-131072,1,0.99523,True,True,True
28607,3,208,976,3,-131073,4,0.99833,True,True,True
28620,3,202,970,0,131072,0,0.99881,True,True,True
28622,3,203,971,2,-131072,2,0.99843,True,True,True
28623,3,209,977,3,-131073,1,0.99887,True,True,True
28629,3,206,974,1,131071,3,0.99825,True,True,True
28631,3,209,977,3,-131073,1,0.9991,True,True,True
28635,3,209,977,3,-131073,2,0.9995,True,True,True
28637,3,206,974,1,131071,2,0.99943,True,True,True
28639,3,210,978,3,-131073,3,0.99985,True,True,True
28642,3,205,973,2,-131072,2,0.99863,True,True,True
28644,3,203,971,0,131072,3,0.99977,True,True,True
28653,3,206,974,1,131071,1,0.99757,True,True,True
28662,3,206,974,2,-131072,1,0.99944,True,True,True
28666,3,206,974,2,-131072,4,0.99644,True,True,True
28667,3,211,979,3,-131073,4,0.99749,True,True,True
28671,3,211,979,3,-131073,10,0.99947,True,True,True
28674,3,206,974,2,-131072,2,0.99443,True,True,True
28676,3,205,973,0,131072,2,0.99965,True,True,True
28680,3,205,973,0,131072,1,0.9979,True,True,True
28683,3,211,979,3,-131073,1,0.99944,True,True,True
28689,3,207,975,1,131071,0,0.99896,True,True,True
28692,3,205,973,0,131072,2,0.99998,True,True,True
28695,3,212,980,3,-131073,2,0.99978,True,True,True
28700,3,205,973,0,131072,1,0.99973,True,True,True
28703,3,212,980,3,-131073,4,0.99906,True,True,True
28707,3,212,980,3,-131073,0,0.99939,True,True,True
28715,3,213,981,3,-131073,0,0.99978,True,True,True
28716,3,206,974,0,131072,0,0.99952,True,True,True
28720,3,206,974,0,131072,4,0.99845,True,True,True
28721,3,208,976,1,131071,3,0.99797,True,True,True
28726,3,208,976,2,-131072,3,0.99164,True,True,True
28728,3,206,974,0,131072,1,0.99579,True,True,True
28735,3,213,981,3,-131073,0,0.99991,True,True,True
28741,3,209,977,1,131071,1,0.99601,True,True,True
28744,3,207,975,0,131072,3,0.99713,True,True,True
28747,3,213,981,3,-131073,1,0.99948,True,True,True
28749,3,210,978,1,131071,0,0.99689,True,True,True
28754,3,209,977,2,-131072,2,0.99781,True,True,True
28756,3,207,975,0,131072,1,0.99578,True,True,True
28758,3,209,977,2,-131072,2,0.99956,True,True,True
28765,3,210,978,1,131071,2,0.99979,True,True,True
28767,3,213,981,3,-131073,2,0.99995,True,True,True
28775,3,214,982,3,-131073,4,0.9997,True,True,True
28776,3,208,976,0,131072,4,0.99601,True,True,True
28779,3,214,982,3,-131073,1,0.99912,True,True,True
28782,3,210,978,2,-131072,3,0.99691,True,True,True
28789,3,211,979,1,131071,1,0.99943,True,True,True
28795,3,215,983,3,-131073,3,0.9998,True,True,True
28802,3,211,979,2,-131072,1,0.99882,True,True,True
28807,3,215,983,3,-131073,2,0.99974,True,True,True
28832,3,211,979,0,131072,3,0.99917,True,True,True
28833,3,212,980,1,131071,0,0.9966,True,True,True
28834,3,213,981,2,-131072,1,0.99547,True,True,True
28843,3,216,984,3,-131073,2,0.99984,True,True,True
28849,3,213,981,1,131071,0,0.99256,True,True,True
28851,3,216,984,3,-131073,0,0.99954,True,True,True
28854,3,214,982,2,-131072,1,0.99341,True,True,True
28856,3,211,979,0,131072,0,0.99156,True,True,True
28864,3,212,980,0,131072,2,0.9996,True,True,True
28870,3,214,982,2,-131072,1,0.99693,True,True,True
28873,3,213,981,1,131071,3,0.99817,True,True,True
28877,3,213,981,1,131071,0,0.99201,True,True,True
28878,3,214,982,2,-131072,2,0.9965,True,True,True
28879,3,217,985,3,-131073,3,0.99943,True,True,True
28880,3,212,980,0,131072,1,0.99298,True,True,True
28896,3,213,981,0,131072,0,0.99722,True,True,True
28897,3,214,982,1,131071,0,0.99969,True,True,True
28898,3,215,983,2,-131072,1,0.99947,True,True,True
28899,3,218,986,3,-131073,2,0.99318,True,True,True
28900,3,213,981,0,131072,1,0.99476,True,True,True
28901,3,214,982,1,131071,1,0.99921,True,True,True
28905,3,215,983,1,131071,2,0.99923,True,True,True
28908,3,213,981,0,131072,2,0.9938,True,True,True
28913,3,215,983,1,131071,2,0.99982,True,True,True
28915,3,219,987,3,-131073,1,0.99953,True,True,True
28925,3,215,983,1,131071,0,0.99928,True,True,True
28930,3,217,985,2,-131072,4,0.99984,True,True,True
28936,3,214,982,0,131072,2,0.99809,True,True,True
28940,3,215,983,0,131072,2,0.99945,True,True,True
28941,3,216,984,1,131071,3,0.99232,True,True,True
28942,3,217,985,2,-131072,1,0.99973,True,True,True
28950,3,217,985,2,-131072,0,0.99366,True,True,True
28953,3,217,985,1,131071,2,0.9988,True,True,True
28956,3,215,983,0,131072,3,0.99205,True,True,True
28965,3,217,985,1,131071,1,0.99564,True,True,True
28974,3,218,986,2,-131072,1,0.99301,True,True,True
28975,3,221,989,3,-131073,3,0.99834,True,True,True
28976,3,216,984,0,131072,2,0.99932,True,True,True
28984,3,216,984,0,131072,0,0.99939,True,True,True
28987,3,221,989,3,-131073,0,0.99901,True,True,True
28995,3,221,989,3,-131073,3,0.99964,True,True,True
28998,3,219,987,2,-131072,3,0.9997,True,True,True
29003,3,221,989,3,-131073,0,0.99996,True,True,True
29005,3,218,986,1,131071,7,0.99954,True,True,True
29006,3,220,988,2,-131072,0,0.99728,True,True,True
29007,3,221,989,3,-131073,4,0.99977,True,True,True
29011,3,221,989,3,-131073,1,0.99953,True,True,True
29015,3,221,989,3,-131073,1,0.99856,True,True,True
29020,3,218,986,0,131072,2,0.99911,True,True,True
29021,3,218,986,1,131071,0,0.99739,True,True,True
29026,3,221,989,2,-131072,5,0.99773,True,True,True
29028,3,219,987,0,131072,1,0.99804,True,True,True
29037,3,219,987,1,131071,3,0.99151,True,True,True
29039,3,222,990,3,-131073,0,0.99986,True,True,True
29040,3,219,987,0,131072,1,0.99063,True,True,True
29041,3,219,987,1,131071,3,0.993,True,True,True
29043,3,222,990,3,-131073,3,0.99984,True,True,True
29048,3,219,987,0,131072,2,0.99951,True,True,True
29049,3,219,987,1,131071,1,0.99981,True,True,True
29051,3,222,990,3,-131073,2,0.99973,True,True,True
29055,3,222,990,3,-131073,1,0.9999,True,True,True
29057,3,219,987,1,131071,1,0.9977,True,True,True
29068,3,221,989,0,131072,1,0.99979,True,True,True
29073,3,220,988,1,131071,1,0.9942,True,True,True
29074,3,223,991,2,-131072,3,0.99755,True,True,True
29076,3,221,989,0,131072,2,0.99813,True,True,True
29079,3,223,991,3,-131073,2,0.99999,True,True,True
29080,3,221,989,0,131072,1,0.99701,True,True,True
29082,3,223,991,2,-131072,0,0.99759,True,True,True
29086,3,223,991,2,-131072,2,0.99932,True,True,True
29088,3,221,989,0,131072,0,0.99851,True,True,True
29097,3,220,988,1,131071,2,0.99843,True,True,True
29100,3,222,990,0,131072,2,0.99363,True,True,True
29101,3,221,989,1,131071,0,0.99934,True,True,True
29107,3,224,992,3,-131073,3,0.99975,True,True,True
29108,3,222,990,0,131072,2,0.99964,True,True,True
29112,3,223,991,0,131072,5,0.99855,True,True,True
29124,3,223,991,0,131072,0,0.99927,True,True,True
29125,3,221,989,1,131071,1,0.99928,True,True,True
29127,3,224,992,3,-131073,2,0.99728,True,True,True
29134,3,225,993,2,-131072,1,0.99159,True,True,True
29137,3,222,990,1,131071,0,0.99952,True,True,True
29138,3,225,993,2,-131072,0,0.9987,True,True,True
29143,3,225,993,3,-131073,3,0.99879,True,True,True
29146,3,225,993,2,-131072,2,0.99898,True,True,True
29150,3,225,993,2,-131072,0,0.99205,True,True,True
29151,3,225,993,3,-131073,4,0.9994,True,True,True
29152,3,224,992,0,131072,1,0.99803,True,True,True
29158,3,226,994,2,-131072,2,0.99851,True,True,True
29166,3,226,994,2,-131072,1,0.99878,True,True,True
29174,3,226,994,2,-131072,0,0.99707,True,True,True
29184,3,225,993,0,131072,1,0.99871,True,True,True
29193,3,226,994,1,131071,1,0.99979,True,True,True
29195,3,227,995,3,-131073,2,0.99974,True,True,True
29197,3,226,994,1,131071,4,0.99974,True,True,True
29200,3,226,994,0,131072,2,0.99939,True,True,True
29202,3,227,995,2,-131072,4,0.99078,True,True,True
29205,3,226,994,1,131071,2,0.99951,True,True,True
29210,3,227,995,2,-131072,3,0.99929,True,True,True
29212,3,226,994,0,131072,1,0.99683,True,True,True
29219,3,227,995,3,-131073,1,0.99976,True,True,True
29229,3,226,994,1,131071,2,0.99965,True,True,True
29243,3,228,996,3,-131073,3,0.99996,True,True,True
29246,3,228,996,2,-131072,2,0.99482,True,True,True
29249,3,228,996,1,131071,0,0.99828,True,True,True
29251,3,228,996,3,-131073,3,0.99965,True,True,True
29254,3,229,997,2,-131072,0,0.99601,True,True,True
29256,3,228,996,0,131072,1,0.9956,True,True,True
29260,3,228,996,0,131072,3,0.99231,True,True,True
29261,3,228,996,1,131071,0,0.99954,True,True,True
29262,3,229,997,2,-131072,1,0.99425,True,True,True
29264,3,228,996,0,131072,0,0.99991,True,True,True
29268,3,228,996,0,131072,0,0.9985,True,True,True
29270,3,229,997,2,-131072,1,0.99826,True,True,True
29274,3,229,997,2,-131072,1,0.99479,True,True,True
29276,3,229,997,0,131072,0,0.99972,True,True,True
29280,3,229,997,0,131072,2,0.996,True,True,True
29281,3,229,997,1,131071,0,0.99148,True,True,True
29284,3,229,997,0,131072,1,0.99865,True,True,True
29286,3,229,997,2,-131072,2,0.9926,True,True,True
29287,3,229,997,3,-131073,0,0.99969,True,True,True
29289,3,230,998,1,131071,1,0.9976,True,True,True
29291,3,229,997,3,-131073,1,0.99989,True,True,True
29293,3,230,998,1,131071,0,0.99868,True,True,True
29295,3,230,998,3,-131073,0,0.99628,True,True,True
29297,3,230,998,1,131071,1,0.99767,True,True,True
29299,3,230,998,3,-131073,0,0.99999,True,True,True
29300,3,230,998,0,131072,1,0.99782,True,True,True
29309,3,230,998,1,131071,3,0.99948,True,True,True
29315,3,230,998,3,-131073,3,0.99986,True,True,True
29319,3,230,998,3,-131073,2,0.99973,True,True,True
29320,3,230,998,0,131072,2,0.9997,True,True,True
29321,3,231,999,1,131071,1,0.99853,True,True,True
29331,3,231,999,3,-131073,2,0.99929,True,True,True
29332,3,230,998,0,131072,1,0.99957,True,True,True
29337,3,231,999,1,131071,1,0.99558,True,True,True
29339,3,231,999,3,-131073,0,0.99891,True,True,True
29340,3,230,998,0,131072,4,0.99866,True,True,True
29343,3,231,999,3,-131073,1,0.99844,True,True,True
29346,3,231,999,2,-131072,0,0.99827,True,True,True
29347,3,232,1000,3,-131073,0,0.99979,True,True,True
29348,3,231,999,0,131072,2,0.99956,True,True,True
29351,3,232,1000,3,-131073,3,0.99938,True,True,True
29354,3,231,999,2,-131072,3,0.99069,True,True,True
29357,3,232,1000,1,131071,1,0.99861,True,True,True
29361,3,232,1000,1,131071,0,0.99967,True,True,True
29362,3,232,1000,2,-131072,1,0.99701,True,True,True
29363,3,232,1000,3,-131073,2,0.99957,True,True,True
29365,3,232,1000,1,131071,3,0.99869,True,True,True
29368,3,232,1000,0,131072,3,0.99589,True,True,True
29372,3,232,1000,0,131072,0,0.99033,True,True,True
29376,3,232,1000,0,131072,2,0.99953,True,True,True
29384,3,232,1000,0,131072,1,0.99904,True,True,True
29386,3,233,1001,2,-131072,0,0.99586,True,True,True
29388,3,232,1000,0,131072,1,0.99937,True,True,True
29390,3,234,1002,2,-131072,1,0.9923,True,True,True
29391,3,234,1002,3,-131073,2,0.99987,True,True,True
29395,3,234,1002,3,-131073,1,0.99983,True,True,True
29396,3,233,1001,0,131072,1,0.99979,True,True,True
29399,3,234,1002,3,-131073,1,0.99457,True,True,True
29420,3,233,1001,0,131072,1,0.99736,True,True,True
29423,3,234,1002,3,-131073,2,0.99899,True,True,True
29424,3,233,1001,0,131072,1,0.99932,True,True,True
29425,3,234,1002,1,131071,5,0.99689,True,True,True
29426,3,235,1003,2,-131072,1,0.99221,True,True,True
29427,3,235,1003,3,-131073,2,0.99276,True,True,True
29429,3,234,1002,1,131071,2,0.99954,True,True,True
29430,3,235,1003,2,-131072,2,0.99947,True,True,True
29434,3,236,1004,2,-131072,3,0.99981,True,True,True
29435,3,235,1003,3,-131073,0,0.99986,True,True,True
29461,3,235,1003,1,131071,1,0.99846,True,True,True
29464,3,235,1003,0,131072,1,0.99912,True,True,True
29472,3,235,1003,0,131072,6,0.99088,True,True,True
29473,3,235,1003,1,131071,2,0.99893,True,True,True
29495,3,236,1004,3,-131073,2,0.99913,True,True,True
29502,3,239,1007,2,-131072,1,0.99143,True,True,True
29504,3,236,1004,0,131072,2,0.99594,True,True,True
29506,3,239,1007,2,-131072,0,0.99612,True,True,True
29507,3,236,1004,3,-131073,4,0.99414,True,True,True
29508,3,236,1004,0,131072,3,0.99956,True,True,True
29510,3,239,1007,2,-131072,2,0.99561,True,True,True
29512,3,236,1004,0,131072,0,0.99675,True,True,True
29513,3,237,1005,1,131071,0,0.99948,True,True,True
29521,3,237,1005,1,131071,1,0.99943,True,True,True
29525,3,238,1006,1,131071,1,0.99986,True,True,True
29527,3,237,1005,3,-131073,2,0.99967,True,True,True
29531,3,237,1005,3,-131073,1,0.99747,True,True,True
29537,3,238,1006,1,131071,1,0.99583,True,True,True
29539,3,237,1005,3,-131073,0,0.99849,True,True,True
29542,3,240,1008,2,-131072,0,0.99866,True,True,True
29543,3,237,1005,3,-131073,2,0.99885,True,True,True
29546,3,240,1008,2,-131072,2,0.99764,True,True,True
29555,3,238,1006,3,-131073,0,0.99913,True,True,True
29562,3,241,1009,2,-131072,2,0.99686,True,True,True
29563,3,238,1006,3,-131073,1,0.99709,True,True,True
29564,3,238,1006,0,131072,1,0.99973,True,True,True
29565,3,239,1007,1,131071,0,0.99121,True,True,True
29567,3,238,1006,3,-131073,3,0.99927,True,True,True
29569,3,239,1007,1,131071,7,0.99904,True,True,True
29570,3,241,1009,2,-131072,3,0.99523,True,True,True
29579,3,239,1007,3,-131073,2,0.99983,True,True,True
29580,3,239,1007,0,131072,6,0.99521,True,True,True
29582,3,242,1010,2,-131072,1,0.99714,True,True,True
29585,3,239,1007,1,131071,1,0.9931,True,True,True
29589,3,239,1007,1,131071,1,0.9998,True,True,True
29593,3,239,1007,1,131071,1,0.99977,True,True,True
29599,3,239,1007,3,-131073,1,0.99958,True,True,True
29627,3,240,1008,3,-131073,3,0.99754,True,True,True
29628,3,241,1009,0,131072,0,0.9997,True,True,True
29635,3,240,1008,3,-131073,1,0.99992,True,True,True
29637,3,241,1009,1,131071,1,0.99432,True,True,True
29639,3,241,1009,3,-131073,1,0.99065,True,True,True
29643,3,241,1009,3,-131073,0,0.99935,True,True,True
29653,3,241,1009,1,131071,2,0.99403,True,True,True
29654,3,244,1012,2,-131072,1,0.99661,True,True,True
29668,3,242,1010,0,131072,1,0.99605,True,True,True
29676,3,242,1010,0,131072,1,0.99828,True,True,True
29677,3,242,1010,1,131071,1,0.99524,True,True,True
29684,3,242,1010,0,131072,1,0.99823,True,True,True
29690,3,244,1012,2,-131072,2,0.99738,True,True,True
29693,3,242,1010,1,131071,2,0.99532,True,True,True
29694,3,244,1012,2,-131072,1,0.99883,True,True,True
29697,3,243,1011,1,131071,5,0.99763,True,True,True
29701,3,243,1011,1,131071,3,0.99706,True,True,True
29702,3,245,1013,2,-131072,4,0.99724,True,True,True
29705,3,243,1011,1,131071,3,0.99977,True,True,True
29711,3,243,1011,3,-131073,3,0.99852,True,True,True
29712,3,243,1011,0,131072,1,0.99925,True,True,True
29714,3,245,1013,2,-131072,2,0.99801,True,True,True
29716,3,243,1011,0,131072,1,0.99966,True,True,True
29717,3,243,1011,1,131071,1,0.99923,True,True,True
29719,3,243,1011,3,-131073,2,0.99816,True,True,True
29723,3,243,1011,3,-131073,4,0.99953,True,True,True
29727,3,244,1012,3,-131073,2,0.99505,True,True,True
29733,3,244,1012,1,131071,1,0.99958,True,True,True
29736,3,244,1012,0,131072,2,0.99914,True,True,True
29740,3,244,1012,0,131072,1,0.99829,True,True,True
29744,3,244,1012,0,131072,3,0.99594,True,True,True
29746,3,247,1015,2,-131072,1,0.9998,True,True,True
29752,3,245,1013,0,131072,2,0.99257,True,True,True
29756,3,245,1013,0,131072,3,0.99165,True,True,True
29757,3,245,1013,1,131071,1,0.99837,True,True,True
29759,3,245,1013,3,-131073,2,0.99925,True,True,True
29772,3,245,1013,0,131072,0,0.99983,True,True,True
29774,3,248,1016,2,-131072,2,0.99823,True,True,True
29775,3,246,1014,3,-131073,1,0.99995,True,True,True
29776,3,245,1013,0,131072,0,0.99935,True,True,True
29779,3,247,1015,3,-131073,0,0.99982,True,True,True
29780,3,246,1014,0,131072,0,0.99925,True,True,True
29781,3,246,1014,1,131071,1,0.99963,True,True,True
29791,3,247,1015,3,-131073,2,0.99959,True,True,True
29792,3,246,1014,0,131072,1,0.99931,True,True,True
29795,3,247,1015,3,-131073,1,0.99969,True,True,True
29799,3,247,1015,3,-131073,3,0.99995,True,True,True
29803,3,247,1015,3,-131073,4,0.99826,True,True,True
29805,3,247,1015,1,131071,1,0.99949,True,True,True
29806,3,249,1017,2,-131072,5,0.99479,True,True,True
29815,3,248,1016,3,-131073,0,0.99915,True,True,True
29821,3,247,1015,1,131071,0,0.99988,True,True,True
29824,3,247,1015,0,131072,1,0.9942,True,True,True
29825,3,247,1015,1,131071,0,0.99777,True,True,True
29827,3,248,1016,3,-131073,2,0.99988,True,True,True
29830,3,249,1017,2,-131072,1,0.99162,True,True,True
29831,3,249,1017,3,-131073,3,0.99879,True,True,True
29833,3,247,1015,1,131071,1,0.9994,True,True,True
29842,3,250,1018,2,-131072,1,0.99947,True,True,True
29845,3,248,1016,1,131071,0,0.9996,True,True,True
29846,3,251,1019,2,-131072,1,0.99863,True,True,True
29849,3,248,1016,1,131071,1,0.99925,True,True,True
29850,3,251,1019,2,-131072,2,0.99953,True,True,True
29852,3,249,1017,0,131072,1,0.99862,True,True,True
29860,3,249,1017,0,131072,0,0.99937,True,True,True
29862,3,252,1020,2,-131072,1,0.99718,True,True,True
29868,3,249,1017,0,131072,1,0.99983,True,True,True
29869,3,249,1017,1,131071,0,0.99087,True,True,True
29873,3,249,1017,1,131071,2,0.99733,True,True,True
29875,3,250,1018,3,-131073,3,0.99976,True,True,True
29880,3,250,1018,0,131072,1,0.99987,True,True,True
29881,3,250,1018,1,131071,8,0.9942,True,True,True
29884,3,250,1018,0,131072,0,0.99268,True,True,True
29886,3,252,1020,2,-131072,3,0.99728,True,True,True
29890,3,252,1020,2,-131072,6,0.99776,True,True,True
29892,3,251,1019,0,131072,3,0.99377,True,True,True
29894,3,252,1020,2,-131072,1,0.99743,True,True,True
29895,3,251,1019,3,-131073,1,0.9999,True,True,True
29896,3,251,1019,0,131072,2,0.99408,True,True,True
29897,3,251,1019,1,131071,1,0.99712,True,True,True
29899,3,251,1019,3,-131073,2,0.99898,True,True,True
29905,3,251,1019,1,131071,1,0.99955,True,True,True
29908,3,252,1020,0,131072,0,0.99986,True,True,True
29915,3,252,1020,3,-131073,1,0.99983,True,True,True
29918,3,253,1021,2,-131072,2,0.9961,True,True,True
29927,3,252,1020,3,-131073,0,0.99933,True,True,True
29939,3,253,1021,3,-131073,4,0.99996,True,True,True
29940,3,254,1022,0,131072,0,0.99896,True,True,True
29943,3,253,1021,3,-131073,1,0.99335,True,True,True
29949,3,253,1021,1,131071,1,0.99954,True,True,True
29956,3,255,1023,0,131072,0,0.99797,True,True,True
29959,3,254,1022,3,-131073,4,0.9999,True,True,True
29966,3,254,1022,2,-131072,5,0.99717,True,True,True
29977,3,254,1022,1,131071,2,0.99833,True,True,True
29980,3,255,1023,0,131072,3,0.99976,True,True,True
29981,3,254,1022,1,131071,4,0.99836,True,True,True
29983,3,255,1023,3,-131073,3,1.0,True,True,True
29988,3,255,1023,0,131072,2,0.99978,True,True,True
29993,3,255,1023,1,131071,4,0.9986,True,True,True
29997,3,255,1023,1,131071,2,0.9958,True,True,True
